2026-03-04T18:46:07Z	ERROR	azure_servicebus_scaler	error starting azure workload-identity token provider	{"type": "ScaledObject", "namespace": "3pull", "name": "r-3pull-worker-sample-wait-blob", "error": "no client ID specified. Check pod configuration or set ClientID in the options"}
github.com/kedacore/keda/v2/pkg/scalers/azure.NewChainedCredential
	/workspace/pkg/scalers/azure/azure_azidentity_chain.go:33
github.com/kedacore/keda/v2/pkg/scalers.(*azureServiceBusScaler).getServiceBusAdminClient
	/workspace/pkg/scalers/azure_servicebus_scaler.go:265
github.com/kedacore/keda/v2/pkg/scalers.(*azureServiceBusScaler).getAzureServiceBusLength
	/workspace/pkg/scalers/azure_servicebus_scaler.go:233
github.com/kedacore/keda/v2/pkg/scalers.(*azureServiceBusScaler).GetMetricsAndActivity
	/workspace/pkg/scalers/azure_servicebus_scaler.go:218
github.com/kedacore/keda/v2/pkg/scaling/cache.(*ScalersCache).GetMetricsAndActivityForScaler
	/workspace/pkg/scaling/cache/scalers_cache.go:154
github.com/kedacore/keda/v2/pkg/scaling.(*scaleHandler).GetScaledObjectMetrics.func1
	/workspace/pkg/scaling/scale_handler.go:585
2026-03-04T18:46:07Z	ERROR	azure_servicebus_scaler	error getting service bus entity length	{"type": "ScaledObject", "namespace": "3pull", "name": "r-3pull-worker-sample-wait-blob", "error": "sources must contain at least one TokenCredential"}
github.com/kedacore/keda/v2/pkg/scalers.(*azureServiceBusScaler).GetMetricsAndActivity
	/workspace/pkg/scalers/azure_servicebus_scaler.go:221
github.com/kedacore/keda/v2/pkg/scaling/cache.(*ScalersCache).GetMetricsAndActivityForScaler
	/workspace/pkg/scaling/cache/scalers_cache.go:154
github.com/kedacore/keda/v2/pkg/scaling.(*scaleHandler).GetScaledObjectMetrics.func1
	/workspace/pkg/scaling/scale_handler.go:585
2026-03-04T18:46:07Z	ERROR	azure_servicebus_scaler	error starting azure workload-identity token provider	{"type": "ScaledObject", "namespace": "3pull", "name": "r-3pull-worker-sample-wait-blob", "error": "no client ID specified. Check pod configuration or set ClientID in the options"}
github.com/kedacore/keda/v2/pkg/scalers/azure.NewChainedCredential
	/workspace/pkg/scalers/azure/azure_azidentity_chain.go:33
github.com/kedacore/keda/v2/pkg/scalers.(*azureServiceBusScaler).getServiceBusAdminClient
	/workspace/pkg/scalers/azure_servicebus_scaler.go:265
github.com/kedacore/keda/v2/pkg/scalers.(*azureServiceBusScaler).getAzureServiceBusLength
	/workspace/pkg/scalers/azure_servicebus_scaler.go:233
github.com/kedacore/keda/v2/pkg/scalers.(*azureServiceBusScaler).GetMetricsAndActivity
	/workspace/pkg/scalers/azure_servicebus_scaler.go:218
github.com/kedacore/keda/v2/pkg/scaling/cache.(*ScalersCache).GetMetricsAndActivityForScaler
	/workspace/pkg/scaling/cache/scalers_cache.go:164
github.com/kedacore/keda/v2/pkg/scaling.(*scaleHandler).GetScaledObjectMetrics.func1
	/workspace/pkg/scaling/scale_handler.go:585
2026-03-04T18:46:07Z	ERROR	azure_servicebus_scaler	error getting service bus entity length	{"type": "ScaledObject", "namespace": "3pull", "name": "r-3pull-worker-sample-wait-blob", "error": "sources must contain at least one TokenCredential"}
github.com/kedacore/keda/v2/pkg/scalers.(*azureServiceBusScaler).GetMetricsAndActivity
	/workspace/pkg/scalers/azure_servicebus_scaler.go:221
github.com/kedacore/keda/v2/pkg/scaling/cache.(*ScalersCache).GetMetricsAndActivityForScaler
	/workspace/pkg/scaling/cache/scalers_cache.go:164
github.com/kedacore/keda/v2/pkg/scaling.(*scaleHandler).GetScaledObjectMetrics.func1
	/workspace/pkg/scaling/scale_handler.go:585
2026-03-04T18:46:07Z	ERROR	scale_handler	error getting metric for trigger	{"scaledObject.Namespace": "3pull", "scaledObject.Name": "r-3pull-worker-sample-wait-blob", "trigger": "azureServiceBusScaler", "error": "sources must contain at least one TokenCredential"}
github.com/kedacore/keda/v2/pkg/scaling.(*scaleHandler).processMetricsWithFallback
	/workspace/pkg/scaling/scale_handler.go:460
github.com/kedacore/keda/v2/pkg/scaling.(*scaleHandler).GetScaledObjectMetrics.func1
	/workspace/pkg/scaling/scale_handler.go:593
2026-03-04T18:46:07Z	ERROR	azure_servicebus_scaler	error starting azure workload-identity token provider	{"type": "ScaledObject", "namespace": "3pull", "name": "r-3pull-worker-auth-audit-export", "error": "no client ID specified. Check pod configuration or set ClientID in the options"}
github.com/kedacore/keda/v2/pkg/scalers/azure.NewChainedCredential
	/workspace/pkg/scalers/azure/azure_azidentity_chain.go:33
github.com/kedacore/keda/v2/pkg/scalers.(*azureServiceBusScaler).getServiceBusAdminClient
	/workspace/pkg/scalers/azure_servicebus_scaler.go:265
github.com/kedacore/keda/v2/pkg/scalers.(*azureServiceBusScaler).getAzureServiceBusLength
	/workspace/pkg/scalers/azure_servicebus_scaler.go:233
github.com/kedacore/keda/v2/pkg/scalers.(*azureServiceBusScaler).GetMetricsAndActivity
	/workspace/pkg/scalers/azure_servicebus_scaler.go:218
github.com/kedacore/keda/v2/pkg/scaling/cache.(*ScalersCache).GetMetricsAndActivityForScaler
	/workspace/pkg/scaling/cache/scalers_cache.go:154
github.com/kedacore/keda/v2/pkg/scaling.(*scaleHandler).GetScaledObjectMetrics.func1
	/workspace/pkg/scaling/scale_handler.go:585
2026-03-04T18:46:07Z	ERROR	azure_servicebus_scaler	error getting service bus entity length	{"type": "ScaledObject", "namespace": "3pull", "name": "r-3pull-worker-auth-audit-export", "error": "sources must contain at least one TokenCredential"}
github.com/kedacore/keda/v2/pkg/scalers.(*azureServiceBusScaler).GetMetricsAndActivity
	/workspace/pkg/scalers/azure_servicebus_scaler.go:221
github.com/kedacore/keda/v2/pkg/scaling/cache.(*ScalersCache).GetMetricsAndActivityForScaler
	/workspace/pkg/scaling/cache/scalers_cache.go:154
github.com/kedacore/keda/v2/pkg/scaling.(*scaleHandler).GetScaledObjectMetrics.func1
	/workspace/pkg/scaling/scale_handler.go:585
2026-03-04T18:46:07Z	ERROR	azure_servicebus_scaler	error starting azure workload-identity token provider	{"type": "ScaledObject", "namespace": "3pull", "name": "r-3pull-worker-auth-audit-export", "error": "no client ID specified. Check pod configuration or set ClientID in the options"}
github.com/kedacore/keda/v2/pkg/scalers/azure.NewChainedCredential
	/workspace/pkg/scalers/azure/azure_azidentity_chain.go:33
github.com/kedacore/keda/v2/pkg/scalers.(*azureServiceBusScaler).getServiceBusAdminClient
	/workspace/pkg/scalers/azure_servicebus_scaler.go:265
github.com/kedacore/keda/v2/pkg/scalers.(*azureServiceBusScaler).getAzureServiceBusLength
	/workspace/pkg/scalers/azure_servicebus_scaler.go:233
github.com/kedacore/keda/v2/pkg/scalers.(*azureServiceBusScaler).GetMetricsAndActivity
	/workspace/pkg/scalers/azure_servicebus_scaler.go:218
github.com/kedacore/keda/v2/pkg/scaling/cache.(*ScalersCache).GetMetricsAndActivityForScaler
	/workspace/pkg/scaling/cache/scalers_cache.go:164
github.com/kedacore/keda/v2/pkg/scaling.(*scaleHandler).GetScaledObjectMetrics.func1
	/workspace/pkg/scaling/scale_handler.go:585
2026-03-04T18:46:07Z	ERROR	azure_servicebus_scaler	error getting service bus entity length	{"type": "ScaledObject", "namespace": "3pull", "name": "r-3pull-worker-auth-audit-export", "error": "sources must contain at least one TokenCredential"}
github.com/kedacore/keda/v2/pkg/scalers.(*azureServiceBusScaler).GetMetricsAndActivity
	/workspace/pkg/scalers/azure_servicebus_scaler.go:221
github.com/kedacore/keda/v2/pkg/scaling/cache.(*ScalersCache).GetMetricsAndActivityForScaler
	/workspace/pkg/scaling/cache/scalers_cache.go:164
github.com/kedacore/keda/v2/pkg/scaling.(*scaleHandler).GetScaledObjectMetrics.func1
	/workspace/pkg/scaling/scale_handler.go:585
2026-03-04T18:46:07Z	ERROR	scale_handler	error getting metric for trigger	{"scaledObject.Namespace": "3pull", "scaledObject.Name": "r-3pull-worker-auth-audit-export", "trigger": "azureServiceBusScaler", "error": "sources must contain at least one TokenCredential"}
github.com/kedacore/keda/v2/pkg/scaling.(*scaleHandler).processMetricsWithFallback
	/workspace/pkg/scaling/scale_handler.go:460
github.com/kedacore/keda/v2/pkg/scaling.(*scaleHandler).GetScaledObjectMetrics.func1
	/workspace/pkg/scaling/scale_handler.go:593
2026-03-04T18:46:21Z	ERROR	azure_servicebus_scaler	error starting azure workload-identity token provider	{"type": "ScaledObject", "namespace": "3pull", "name": "r-3pull-worker-auth-audit-export", "error": "no client ID specified. Check pod configuration or set ClientID in the options"}
github.com/kedacore/keda/v2/pkg/scalers/azure.NewChainedCredential
	/workspace/pkg/scalers/azure/azure_azidentity_chain.go:33
github.com/kedacore/keda/v2/pkg/scalers.(*azureServiceBusScaler).getServiceBusAdminClient
	/workspace/pkg/scalers/azure_servicebus_scaler.go:265
github.com/kedacore/keda/v2/pkg/scalers.(*azureServiceBusScaler).getAzureServiceBusLength
	/workspace/pkg/scalers/azure_servicebus_scaler.go:233
github.com/kedacore/keda/v2/pkg/scalers.(*azureServiceBusScaler).GetMetricsAndActivity
	/workspace/pkg/scalers/azure_servicebus_scaler.go:218
github.com/kedacore/keda/v2/pkg/scaling/cache.(*ScalersCache).GetMetricsAndActivityForScaler
	/workspace/pkg/scaling/cache/scalers_cache.go:154
github.com/kedacore/keda/v2/pkg/scaling.(*scaleHandler).getScalerState
	/workspace/pkg/scaling/scale_handler.go:837
github.com/kedacore/keda/v2/pkg/scaling.(*scaleHandler).getScaledObjectState.func1
	/workspace/pkg/scaling/scale_handler.go:714
2026-03-04T18:46:21Z	ERROR	azure_servicebus_scaler	error getting service bus entity length	{"type": "ScaledObject", "namespace": "3pull", "name": "r-3pull-worker-auth-audit-export", "error": "sources must contain at least one TokenCredential"}
github.com/kedacore/keda/v2/pkg/scalers.(*azureServiceBusScaler).GetMetricsAndActivity
	/workspace/pkg/scalers/azure_servicebus_scaler.go:221
github.com/kedacore/keda/v2/pkg/scaling/cache.(*ScalersCache).GetMetricsAndActivityForScaler
	/workspace/pkg/scaling/cache/scalers_cache.go:154
github.com/kedacore/keda/v2/pkg/scaling.(*scaleHandler).getScalerState
	/workspace/pkg/scaling/scale_handler.go:837
github.com/kedacore/keda/v2/pkg/scaling.(*scaleHandler).getScaledObjectState.func1
	/workspace/pkg/scaling/scale_handler.go:714
2026-03-04T18:46:21Z	ERROR	azure_servicebus_scaler	error starting azure workload-identity token provider	{"type": "ScaledObject", "namespace": "3pull", "name": "r-3pull-worker-auth-audit-export", "error": "no client ID specified. Check pod configuration or set ClientID in the options"}
github.com/kedacore/keda/v2/pkg/scalers/azure.NewChainedCredential
	/workspace/pkg/scalers/azure/azure_azidentity_chain.go:33
github.com/kedacore/keda/v2/pkg/scalers.(*azureServiceBusScaler).getServiceBusAdminClient
	/workspace/pkg/scalers/azure_servicebus_scaler.go:265
github.com/kedacore/keda/v2/pkg/scalers.(*azureServiceBusScaler).getAzureServiceBusLength
	/workspace/pkg/scalers/azure_servicebus_scaler.go:233
github.com/kedacore/keda/v2/pkg/scalers.(*azureServiceBusScaler).GetMetricsAndActivity
	/workspace/pkg/scalers/azure_servicebus_scaler.go:218
github.com/kedacore/keda/v2/pkg/scaling/cache.(*ScalersCache).GetMetricsAndActivityForScaler
	/workspace/pkg/scaling/cache/scalers_cache.go:164
github.com/kedacore/keda/v2/pkg/scaling.(*scaleHandler).getScalerState
	/workspace/pkg/scaling/scale_handler.go:837
github.com/kedacore/keda/v2/pkg/scaling.(*scaleHandler).getScaledObjectState.func1
	/workspace/pkg/scaling/scale_handler.go:714
2026-03-04T18:46:21Z	ERROR	azure_servicebus_scaler	error getting service bus entity length	{"type": "ScaledObject", "namespace": "3pull", "name": "r-3pull-worker-auth-audit-export", "error": "sources must contain at least one TokenCredential"}
github.com/kedacore/keda/v2/pkg/scalers.(*azureServiceBusScaler).GetMetricsAndActivity
	/workspace/pkg/scalers/azure_servicebus_scaler.go:221
github.com/kedacore/keda/v2/pkg/scaling/cache.(*ScalersCache).GetMetricsAndActivityForScaler
	/workspace/pkg/scaling/cache/scalers_cache.go:164
github.com/kedacore/keda/v2/pkg/scaling.(*scaleHandler).getScalerState
	/workspace/pkg/scaling/scale_handler.go:837
github.com/kedacore/keda/v2/pkg/scaling.(*scaleHandler).getScaledObjectState.func1
	/workspace/pkg/scaling/scale_handler.go:714
2026-03-04T18:46:21Z	ERROR	scale_handler	error getting metric for trigger	{"scaledObject.Namespace": "3pull", "scaledObject.Name": "r-3pull-worker-auth-audit-export", "trigger": "azureServiceBusScaler", "error": "sources must contain at least one TokenCredential"}
github.com/kedacore/keda/v2/pkg/scaling.(*scaleHandler).processMetricsWithFallback
	/workspace/pkg/scaling/scale_handler.go:460
github.com/kedacore/keda/v2/pkg/scaling.(*scaleHandler).getScalerState
	/workspace/pkg/scaling/scale_handler.go:845
github.com/kedacore/keda/v2/pkg/scaling.(*scaleHandler).getScaledObjectState.func1
	/workspace/pkg/scaling/scale_handler.go:714
2026-03-04T18:46:21Z	ERROR	scale_handler	error getting scale decision	{"scaledObject.Namespace": "3pull", "scaledObject.Name": "r-3pull-worker-auth-audit-export", "scaler": "azureServiceBusScaler", "error": "sources must contain at least one TokenCredential"}
github.com/kedacore/keda/v2/pkg/scaling.(*scaleHandler).getScalerState
	/workspace/pkg/scaling/scale_handler.go:872
github.com/kedacore/keda/v2/pkg/scaling.(*scaleHandler).getScaledObjectState.func1
	/workspace/pkg/scaling/scale_handler.go:714
2026-03-04T18:46:21Z	ERROR	azure_servicebus_scaler	error starting azure workload-identity token provider	{"type": "ScaledObject", "namespace": "3pull", "name": "r-3pull-worker-sample-wait-blob", "error": "no client ID specified. Check pod configuration or set ClientID in the options"}
github.com/kedacore/keda/v2/pkg/scalers/azure.NewChainedCredential
	/workspace/pkg/scalers/azure/azure_azidentity_chain.go:33
github.com/kedacore/keda/v2/pkg/scalers.(*azureServiceBusScaler).getServiceBusAdminClient
	/workspace/pkg/scalers/azure_servicebus_scaler.go:265
github.com/kedacore/keda/v2/pkg/scalers.(*azureServiceBusScaler).getAzureServiceBusLength
	/workspace/pkg/scalers/azure_servicebus_scaler.go:233
github.com/kedacore/keda/v2/pkg/scalers.(*azureServiceBusScaler).GetMetricsAndActivity
	/workspace/pkg/scalers/azure_servicebus_scaler.go:218
github.com/kedacore/keda/v2/pkg/scaling/cache.(*ScalersCache).GetMetricsAndActivityForScaler
	/workspace/pkg/scaling/cache/scalers_cache.go:154
github.com/kedacore/keda/v2/pkg/scaling.(*scaleHandler).getScalerState
	/workspace/pkg/scaling/scale_handler.go:837
github.com/kedacore/keda/v2/pkg/scaling.(*scaleHandler).getScaledObjectState.func1
	/workspace/pkg/scaling/scale_handler.go:714
2026-03-04T18:46:21Z	ERROR	azure_servicebus_scaler	error getting service bus entity length	{"type": "ScaledObject", "namespace": "3pull", "name": "r-3pull-worker-sample-wait-blob", "error": "sources must contain at least one TokenCredential"}
github.com/kedacore/keda/v2/pkg/scalers.(*azureServiceBusScaler).GetMetricsAndActivity
	/workspace/pkg/scalers/azure_servicebus_scaler.go:221
github.com/kedacore/keda/v2/pkg/scaling/cache.(*ScalersCache).GetMetricsAndActivityForScaler
	/workspace/pkg/scaling/cache/scalers_cache.go:154
github.com/kedacore/keda/v2/pkg/scaling.(*scaleHandler).getScalerState
	/workspace/pkg/scaling/scale_handler.go:837
github.com/kedacore/keda/v2/pkg/scaling.(*scaleHandler).getScaledObjectState.func1
	/workspace/pkg/scaling/scale_handler.go:714
2026-03-04T18:46:21Z	ERROR	azure_servicebus_scaler	error starting azure workload-identity token provider	{"type": "ScaledObject", "namespace": "3pull", "name": "r-3pull-worker-sample-wait-blob", "error": "no client ID specified. Check pod configuration or set ClientID in the options"}
github.com/kedacore/keda/v2/pkg/scalers/azure.NewChainedCredential
	/workspace/pkg/scalers/azure/azure_azidentity_chain.go:33
github.com/kedacore/keda/v2/pkg/scalers.(*azureServiceBusScaler).getServiceBusAdminClient
	/workspace/pkg/scalers/azure_servicebus_scaler.go:265
github.com/kedacore/keda/v2/pkg/scalers.(*azureServiceBusScaler).getAzureServiceBusLength
	/workspace/pkg/scalers/azure_servicebus_scaler.go:233
github.com/kedacore/keda/v2/pkg/scalers.(*azureServiceBusScaler).GetMetricsAndActivity
	/workspace/pkg/scalers/azure_servicebus_scaler.go:218
github.com/kedacore/keda/v2/pkg/scaling/cache.(*ScalersCache).GetMetricsAndActivityForScaler
	/workspace/pkg/scaling/cache/scalers_cache.go:164
github.com/kedacore/keda/v2/pkg/scaling.(*scaleHandler).getScalerState
	/workspace/pkg/scaling/scale_handler.go:837
github.com/kedacore/keda/v2/pkg/scaling.(*scaleHandler).getScaledObjectState.func1
	/workspace/pkg/scaling/scale_handler.go:714
2026-03-04T18:46:21Z	ERROR	azure_servicebus_scaler	error getting service bus entity length	{"type": "ScaledObject", "namespace": "3pull", "name": "r-3pull-worker-sample-wait-blob", "error": "sources must contain at least one TokenCredential"}
github.com/kedacore/keda/v2/pkg/scalers.(*azureServiceBusScaler).GetMetricsAndActivity
	/workspace/pkg/scalers/azure_servicebus_scaler.go:221
github.com/kedacore/keda/v2/pkg/scaling/cache.(*ScalersCache).GetMetricsAndActivityForScaler
	/workspace/pkg/scaling/cache/scalers_cache.go:164
github.com/kedacore/keda/v2/pkg/scaling.(*scaleHandler).getScalerState
	/workspace/pkg/scaling/scale_handler.go:837
github.com/kedacore/keda/v2/pkg/scaling.(*scaleHandler).getScaledObjectState.func1
	/workspace/pkg/scaling/scale_handler.go:714
2026-03-04T18:46:21Z	ERROR	scale_handler	error getting metric for trigger	{"scaledObject.Namespace": "3pull", "scaledObject.Name": "r-3pull-worker-sample-wait-blob", "trigger": "azureServiceBusScaler", "error": "sources must contain at least one TokenCredential"}
github.com/kedacore/keda/v2/pkg/scaling.(*scaleHandler).processMetricsWithFallback
	/workspace/pkg/scaling/scale_handler.go:460
github.com/kedacore/keda/v2/pkg/scaling.(*scaleHandler).getScalerState
	/workspace/pkg/scaling/scale_handler.go:845
github.com/kedacore/keda/v2/pkg/scaling.(*scaleHandler).getScaledObjectState.func1
	/workspace/pkg/scaling/scale_handler.go:714
2026-03-04T18:46:21Z	ERROR	scale_handler	error getting scale decision	{"scaledObject.Namespace": "3pull", "scaledObject.Name": "r-3pull-worker-sample-wait-blob", "scaler": "azureServiceBusScaler", "error": "sources must contain at least one TokenCredential"}
github.com/kedacore/keda/v2/pkg/scaling.(*scaleHandler).getScalerState
	/workspace/pkg/scaling/scale_handler.go:872
github.com/kedacore/keda/v2/pkg/scaling.(*scaleHandler).getScaledObjectState.func1
	/workspace/pkg/scaling/scale_handler.go:714
2026-03-04T18:46:22Z	ERROR	azure_servicebus_scaler	error starting azure workload-identity token provider	{"type": "ScaledObject", "namespace": "3pull", "name": "r-3pull-worker-auth-audit-export", "error": "no client ID specified. Check pod configuration or set ClientID in the options"}
github.com/kedacore/keda/v2/pkg/scalers/azure.NewChainedCredential
	/workspace/pkg/scalers/azure/azure_azidentity_chain.go:33
github.com/kedacore/keda/v2/pkg/scalers.(*azureServiceBusScaler).getServiceBusAdminClient
	/workspace/pkg/scalers/azure_servicebus_scaler.go:265
github.com/kedacore/keda/v2/pkg/scalers.(*azureServiceBusScaler).getAzureServiceBusLength
	/workspace/pkg/scalers/azure_servicebus_scaler.go:233
github.com/kedacore/keda/v2/pkg/scalers.(*azureServiceBusScaler).GetMetricsAndActivity
	/workspace/pkg/scalers/azure_servicebus_scaler.go:218
github.com/kedacore/keda/v2/pkg/scaling/cache.(*ScalersCache).GetMetricsAndActivityForScaler
	/workspace/pkg/scaling/cache/scalers_cache.go:154
github.com/kedacore/keda/v2/pkg/scaling.(*scaleHandler).GetScaledObjectMetrics.func1
	/workspace/pkg/scaling/scale_handler.go:585
2026-03-04T18:46:22Z	ERROR	azure_servicebus_scaler	error getting service bus entity length	{"type": "ScaledObject", "namespace": "3pull", "name": "r-3pull-worker-auth-audit-export", "error": "sources must contain at least one TokenCredential"}
github.com/kedacore/keda/v2/pkg/scalers.(*azureServiceBusScaler).GetMetricsAndActivity
	/workspace/pkg/scalers/azure_servicebus_scaler.go:221
github.com/kedacore/keda/v2/pkg/scaling/cache.(*ScalersCache).GetMetricsAndActivityForScaler
	/workspace/pkg/scaling/cache/scalers_cache.go:154
github.com/kedacore/keda/v2/pkg/scaling.(*scaleHandler).GetScaledObjectMetrics.func1
	/workspace/pkg/scaling/scale_handler.go:585
2026-03-04T18:46:22Z	ERROR	azure_servicebus_scaler	error starting azure workload-identity token provider	{"type": "ScaledObject", "namespace": "3pull", "name": "r-3pull-worker-auth-audit-export", "error": "no client ID specified. Check pod configuration or set ClientID in the options"}
github.com/kedacore/keda/v2/pkg/scalers/azure.NewChainedCredential
	/workspace/pkg/scalers/azure/azure_azidentity_chain.go:33
github.com/kedacore/keda/v2/pkg/scalers.(*azureServiceBusScaler).getServiceBusAdminClient
	/workspace/pkg/scalers/azure_servicebus_scaler.go:265
github.com/kedacore/keda/v2/pkg/scalers.(*azureServiceBusScaler).getAzureServiceBusLength
	/workspace/pkg/scalers/azure_servicebus_scaler.go:233
github.com/kedacore/keda/v2/pkg/scalers.(*azureServiceBusScaler).GetMetricsAndActivity
	/workspace/pkg/scalers/azure_servicebus_scaler.go:218
github.com/kedacore/keda/v2/pkg/scaling/cache.(*ScalersCache).GetMetricsAndActivityForScaler
	/workspace/pkg/scaling/cache/scalers_cache.go:164
github.com/kedacore/keda/v2/pkg/scaling.(*scaleHandler).GetScaledObjectMetrics.func1
	/workspace/pkg/scaling/scale_handler.go:585
2026-03-04T18:46:22Z	ERROR	azure_servicebus_scaler	error getting service bus entity length	{"type": "ScaledObject", "namespace": "3pull", "name": "r-3pull-worker-auth-audit-export", "error": "sources must contain at least one TokenCredential"}
github.com/kedacore/keda/v2/pkg/scalers.(*azureServiceBusScaler).GetMetricsAndActivity
	/workspace/pkg/scalers/azure_servicebus_scaler.go:221
github.com/kedacore/keda/v2/pkg/scaling/cache.(*ScalersCache).GetMetricsAndActivityForScaler
	/workspace/pkg/scaling/cache/scalers_cache.go:164
github.com/kedacore/keda/v2/pkg/scaling.(*scaleHandler).GetScaledObjectMetrics.func1
	/workspace/pkg/scaling/scale_handler.go:585
2026-03-04T18:46:22Z	ERROR	scale_handler	error getting metric for trigger	{"scaledObject.Namespace": "3pull", "scaledObject.Name": "r-3pull-worker-auth-audit-export", "trigger": "azureServiceBusScaler", "error": "sources must contain at least one TokenCredential"}
github.com/kedacore/keda/v2/pkg/scaling.(*scaleHandler).processMetricsWithFallback
	/workspace/pkg/scaling/scale_handler.go:460
github.com/kedacore/keda/v2/pkg/scaling.(*scaleHandler).GetScaledObjectMetrics.func1
	/workspace/pkg/scaling/scale_handler.go:593
2026-03-04T18:46:22Z	ERROR	azure_servicebus_scaler	error starting azure workload-identity token provider	{"type": "ScaledObject", "namespace": "3pull", "name": "r-3pull-worker-sample-wait-blob", "error": "no client ID specified. Check pod configuration or set ClientID in the options"}
github.com/kedacore/keda/v2/pkg/scalers/azure.NewChainedCredential
	/workspace/pkg/scalers/azure/azure_azidentity_chain.go:33
github.com/kedacore/keda/v2/pkg/scalers.(*azureServiceBusScaler).getServiceBusAdminClient
	/workspace/pkg/scalers/azure_servicebus_scaler.go:265
github.com/kedacore/keda/v2/pkg/scalers.(*azureServiceBusScaler).getAzureServiceBusLength
	/workspace/pkg/scalers/azure_servicebus_scaler.go:233
github.com/kedacore/keda/v2/pkg/scalers.(*azureServiceBusScaler).GetMetricsAndActivity
	/workspace/pkg/scalers/azure_servicebus_scaler.go:218
github.com/kedacore/keda/v2/pkg/scaling/cache.(*ScalersCache).GetMetricsAndActivityForScaler
	/workspace/pkg/scaling/cache/scalers_cache.go:154
github.com/kedacore/keda/v2/pkg/scaling.(*scaleHandler).GetScaledObjectMetrics.func1
	/workspace/pkg/scaling/scale_handler.go:585
2026-03-04T18:46:22Z	ERROR	azure_servicebus_scaler	error getting service bus entity length	{"type": "ScaledObject", "namespace": "3pull", "name": "r-3pull-worker-sample-wait-blob", "error": "sources must contain at least one TokenCredential"}
github.com/kedacore/keda/v2/pkg/scalers.(*azureServiceBusScaler).GetMetricsAndActivity
	/workspace/pkg/scalers/azure_servicebus_scaler.go:221
github.com/kedacore/keda/v2/pkg/scaling/cache.(*ScalersCache).GetMetricsAndActivityForScaler
	/workspace/pkg/scaling/cache/scalers_cache.go:154
github.com/kedacore/keda/v2/pkg/scaling.(*scaleHandler).GetScaledObjectMetrics.func1
	/workspace/pkg/scaling/scale_handler.go:585
2026-03-04T18:46:22Z	ERROR	azure_servicebus_scaler	error starting azure workload-identity token provider	{"type": "ScaledObject", "namespace": "3pull", "name": "r-3pull-worker-sample-wait-blob", "error": "no client ID specified. Check pod configuration or set ClientID in the options"}
github.com/kedacore/keda/v2/pkg/scalers/azure.NewChainedCredential
	/workspace/pkg/scalers/azure/azure_azidentity_chain.go:33
github.com/kedacore/keda/v2/pkg/scalers.(*azureServiceBusScaler).getServiceBusAdminClient
	/workspace/pkg/scalers/azure_servicebus_scaler.go:265
github.com/kedacore/keda/v2/pkg/scalers.(*azureServiceBusScaler).getAzureServiceBusLength
	/workspace/pkg/scalers/azure_servicebus_scaler.go:233
github.com/kedacore/keda/v2/pkg/scalers.(*azureServiceBusScaler).GetMetricsAndActivity
	/workspace/pkg/scalers/azure_servicebus_scaler.go:218
github.com/kedacore/keda/v2/pkg/scaling/cache.(*ScalersCache).GetMetricsAndActivityForScaler
	/workspace/pkg/scaling/cache/scalers_cache.go:164
github.com/kedacore/keda/v2/pkg/scaling.(*scaleHandler).GetScaledObjectMetrics.func1
	/workspace/pkg/scaling/scale_handler.go:585
2026-03-04T18:46:22Z	ERROR	azure_servicebus_scaler	error getting service bus entity length	{"type": "ScaledObject", "namespace": "3pull", "name": "r-3pull-worker-sample-wait-blob", "error": "sources must contain at least one TokenCredential"}
github.com/kedacore/keda/v2/pkg/scalers.(*azureServiceBusScaler).GetMetricsAndActivity
	/workspace/pkg/scalers/azure_servicebus_scaler.go:221
github.com/kedacore/keda/v2/pkg/scaling/cache.(*ScalersCache).GetMetricsAndActivityForScaler
	/workspace/pkg/scaling/cache/scalers_cache.go:164
github.com/kedacore/keda/v2/pkg/scaling.(*scaleHandler).GetScaledObjectMetrics.func1
	/workspace/pkg/scaling/scale_handler.go:585
2026-03-04T18:46:22Z	ERROR	scale_handler	error getting metric for trigger	{"scaledObject.Namespace": "3pull", "scaledObject.Name": "r-3pull-worker-sample-wait-blob", "trigger": "azureServiceBusScaler", "error": "sources must contain at least one TokenCredential"}
github.com/kedacore/keda/v2/pkg/scaling.(*scaleHandler).processMetricsWithFallback
	/workspace/pkg/scaling/scale_handler.go:460
github.com/kedacore/keda/v2/pkg/scaling.(*scaleHandler).GetScaledObjectMetrics.func1
	/workspace/pkg/scaling/scale_handler.go:593
2026-03-04T18:46:37Z	ERROR	azure_servicebus_scaler	error starting azure workload-identity token provider	{"type": "ScaledObject", "namespace": "3pull", "name": "r-3pull-worker-auth-audit-export", "error": "no client ID specified. Check pod configuration or set ClientID in the options"}
github.com/kedacore/keda/v2/pkg/scalers/azure.NewChainedCredential
	/workspace/pkg/scalers/azure/azure_azidentity_chain.go:33
github.com/kedacore/keda/v2/pkg/scalers.(*azureServiceBusScaler).getServiceBusAdminClient
	/workspace/pkg/scalers/azure_servicebus_scaler.go:265
github.com/kedacore/keda/v2/pkg/scalers.(*azureServiceBusScaler).getAzureServiceBusLength
	/workspace/pkg/scalers/azure_servicebus_scaler.go:233
github.com/kedacore/keda/v2/pkg/scalers.(*azureServiceBusScaler).GetMetricsAndActivity
	/workspace/pkg/scalers/azure_servicebus_scaler.go:218
github.com/kedacore/keda/v2/pkg/scaling/cache.(*ScalersCache).GetMetricsAndActivityForScaler
	/workspace/pkg/scaling/cache/scalers_cache.go:154
github.com/kedacore/keda/v2/pkg/scaling.(*scaleHandler).GetScaledObjectMetrics.func1
	/workspace/pkg/scaling/scale_handler.go:585
2026-03-04T18:46:37Z	ERROR	azure_servicebus_scaler	error getting service bus entity length	{"type": "ScaledObject", "namespace": "3pull", "name": "r-3pull-worker-auth-audit-export", "error": "sources must contain at least one TokenCredential"}
github.com/kedacore/keda/v2/pkg/scalers.(*azureServiceBusScaler).GetMetricsAndActivity
	/workspace/pkg/scalers/azure_servicebus_scaler.go:221
github.com/kedacore/keda/v2/pkg/scaling/cache.(*ScalersCache).GetMetricsAndActivityForScaler
	/workspace/pkg/scaling/cache/scalers_cache.go:154
github.com/kedacore/keda/v2/pkg/scaling.(*scaleHandler).GetScaledObjectMetrics.func1
	/workspace/pkg/scaling/scale_handler.go:585
2026-03-04T18:46:37Z	ERROR	azure_servicebus_scaler	error starting azure workload-identity token provider	{"type": "ScaledObject", "namespace": "3pull", "name": "r-3pull-worker-auth-audit-export", "error": "no client ID specified. Check pod configuration or set ClientID in the options"}
github.com/kedacore/keda/v2/pkg/scalers/azure.NewChainedCredential
	/workspace/pkg/scalers/azure/azure_azidentity_chain.go:33
github.com/kedacore/keda/v2/pkg/scalers.(*azureServiceBusScaler).getServiceBusAdminClient
	/workspace/pkg/scalers/azure_servicebus_scaler.go:265
github.com/kedacore/keda/v2/pkg/scalers.(*azureServiceBusScaler).getAzureServiceBusLength
	/workspace/pkg/scalers/azure_servicebus_scaler.go:233
github.com/kedacore/keda/v2/pkg/scalers.(*azureServiceBusScaler).GetMetricsAndActivity
	/workspace/pkg/scalers/azure_servicebus_scaler.go:218
github.com/kedacore/keda/v2/pkg/scaling/cache.(*ScalersCache).GetMetricsAndActivityForScaler
	/workspace/pkg/scaling/cache/scalers_cache.go:164
github.com/kedacore/keda/v2/pkg/scaling.(*scaleHandler).GetScaledObjectMetrics.func1
	/workspace/pkg/scaling/scale_handler.go:585
2026-03-04T18:46:37Z	ERROR	azure_servicebus_scaler	error getting service bus entity length	{"type": "ScaledObject", "namespace": "3pull", "name": "r-3pull-worker-auth-audit-export", "error": "sources must contain at least one TokenCredential"}
github.com/kedacore/keda/v2/pkg/scalers.(*azureServiceBusScaler).GetMetricsAndActivity
	/workspace/pkg/scalers/azure_servicebus_scaler.go:221
github.com/kedacore/keda/v2/pkg/scaling/cache.(*ScalersCache).GetMetricsAndActivityForScaler
	/workspace/pkg/scaling/cache/scalers_cache.go:164
github.com/kedacore/keda/v2/pkg/scaling.(*scaleHandler).GetScaledObjectMetrics.func1
	/workspace/pkg/scaling/scale_handler.go:585
2026-03-04T18:46:37Z	ERROR	scale_handler	error getting metric for trigger	{"scaledObject.Namespace": "3pull", "scaledObject.Name": "r-3pull-worker-auth-audit-export", "trigger": "azureServiceBusScaler", "error": "sources must contain at least one TokenCredential"}
github.com/kedacore/keda/v2/pkg/scaling.(*scaleHandler).processMetricsWithFallback
	/workspace/pkg/scaling/scale_handler.go:460
github.com/kedacore/keda/v2/pkg/scaling.(*scaleHandler).GetScaledObjectMetrics.func1
	/workspace/pkg/scaling/scale_handler.go:593
2026-03-04T18:46:37Z	ERROR	azure_servicebus_scaler	error starting azure workload-identity token provider	{"type": "ScaledObject", "namespace": "3pull", "name": "r-3pull-worker-sample-wait-blob", "error": "no client ID specified. Check pod configuration or set ClientID in the options"}
github.com/kedacore/keda/v2/pkg/scalers/azure.NewChainedCredential
	/workspace/pkg/scalers/azure/azure_azidentity_chain.go:33
github.com/kedacore/keda/v2/pkg/scalers.(*azureServiceBusScaler).getServiceBusAdminClient
	/workspace/pkg/scalers/azure_servicebus_scaler.go:265
github.com/kedacore/keda/v2/pkg/scalers.(*azureServiceBusScaler).getAzureServiceBusLength
	/workspace/pkg/scalers/azure_servicebus_scaler.go:233
github.com/kedacore/keda/v2/pkg/scalers.(*azureServiceBusScaler).GetMetricsAndActivity
	/workspace/pkg/scalers/azure_servicebus_scaler.go:218
github.com/kedacore/keda/v2/pkg/scaling/cache.(*ScalersCache).GetMetricsAndActivityForScaler
	/workspace/pkg/scaling/cache/scalers_cache.go:154
github.com/kedacore/keda/v2/pkg/scaling.(*scaleHandler).GetScaledObjectMetrics.func1
	/workspace/pkg/scaling/scale_handler.go:585
2026-03-04T18:46:37Z	ERROR	azure_servicebus_scaler	error getting service bus entity length	{"type": "ScaledObject", "namespace": "3pull", "name": "r-3pull-worker-sample-wait-blob", "error": "sources must contain at least one TokenCredential"}
github.com/kedacore/keda/v2/pkg/scalers.(*azureServiceBusScaler).GetMetricsAndActivity
	/workspace/pkg/scalers/azure_servicebus_scaler.go:221
github.com/kedacore/keda/v2/pkg/scaling/cache.(*ScalersCache).GetMetricsAndActivityForScaler
	/workspace/pkg/scaling/cache/scalers_cache.go:154
github.com/kedacore/keda/v2/pkg/scaling.(*scaleHandler).GetScaledObjectMetrics.func1
	/workspace/pkg/scaling/scale_handler.go:585
2026-03-04T18:46:37Z	ERROR	azure_servicebus_scaler	error starting azure workload-identity token provider	{"type": "ScaledObject", "namespace": "3pull", "name": "r-3pull-worker-sample-wait-blob", "error": "no client ID specified. Check pod configuration or set ClientID in the options"}
github.com/kedacore/keda/v2/pkg/scalers/azure.NewChainedCredential
	/workspace/pkg/scalers/azure/azure_azidentity_chain.go:33
github.com/kedacore/keda/v2/pkg/scalers.(*azureServiceBusScaler).getServiceBusAdminClient
	/workspace/pkg/scalers/azure_servicebus_scaler.go:265
github.com/kedacore/keda/v2/pkg/scalers.(*azureServiceBusScaler).getAzureServiceBusLength
	/workspace/pkg/scalers/azure_servicebus_scaler.go:233
github.com/kedacore/keda/v2/pkg/scalers.(*azureServiceBusScaler).GetMetricsAndActivity
	/workspace/pkg/scalers/azure_servicebus_scaler.go:218
github.com/kedacore/keda/v2/pkg/scaling/cache.(*ScalersCache).GetMetricsAndActivityForScaler
	/workspace/pkg/scaling/cache/scalers_cache.go:164
github.com/kedacore/keda/v2/pkg/scaling.(*scaleHandler).GetScaledObjectMetrics.func1
	/workspace/pkg/scaling/scale_handler.go:585
2026-03-04T18:46:37Z	ERROR	azure_servicebus_scaler	error getting service bus entity length	{"type": "ScaledObject", "namespace": "3pull", "name": "r-3pull-worker-sample-wait-blob", "error": "sources must contain at least one TokenCredential"}
github.com/kedacore/keda/v2/pkg/scalers.(*azureServiceBusScaler).GetMetricsAndActivity
	/workspace/pkg/scalers/azure_servicebus_scaler.go:221
github.com/kedacore/keda/v2/pkg/scaling/cache.(*ScalersCache).GetMetricsAndActivityForScaler
	/workspace/pkg/scaling/cache/scalers_cache.go:164
github.com/kedacore/keda/v2/pkg/scaling.(*scaleHandler).GetScaledObjectMetrics.func1
	/workspace/pkg/scaling/scale_handler.go:585
2026-03-04T18:46:37Z	ERROR	scale_handler	error getting metric for trigger	{"scaledObject.Namespace": "3pull", "scaledObject.Name": "r-3pull-worker-sample-wait-blob", "trigger": "azureServiceBusScaler", "error": "sources must contain at least one TokenCredential"}
github.com/kedacore/keda/v2/pkg/scaling.(*scaleHandler).processMetricsWithFallback
	/workspace/pkg/scaling/scale_handler.go:460
github.com/kedacore/keda/v2/pkg/scaling.(*scaleHandler).GetScaledObjectMetrics.func1
	/workspace/pkg/scaling/scale_handler.go:593
2026-03-04T18:46:51Z	ERROR	azure_servicebus_scaler	error starting azure workload-identity token provider	{"type": "ScaledObject", "namespace": "3pull", "name": "r-3pull-worker-auth-audit-export", "error": "no client ID specified. Check pod configuration or set ClientID in the options"}
github.com/kedacore/keda/v2/pkg/scalers/azure.NewChainedCredential
	/workspace/pkg/scalers/azure/azure_azidentity_chain.go:33
github.com/kedacore/keda/v2/pkg/scalers.(*azureServiceBusScaler).getServiceBusAdminClient
	/workspace/pkg/scalers/azure_servicebus_scaler.go:265
github.com/kedacore/keda/v2/pkg/scalers.(*azureServiceBusScaler).getAzureServiceBusLength
	/workspace/pkg/scalers/azure_servicebus_scaler.go:233
github.com/kedacore/keda/v2/pkg/scalers.(*azureServiceBusScaler).GetMetricsAndActivity
	/workspace/pkg/scalers/azure_servicebus_scaler.go:218
github.com/kedacore/keda/v2/pkg/scaling/cache.(*ScalersCache).GetMetricsAndActivityForScaler
	/workspace/pkg/scaling/cache/scalers_cache.go:154
github.com/kedacore/keda/v2/pkg/scaling.(*scaleHandler).getScalerState
	/workspace/pkg/scaling/scale_handler.go:837
github.com/kedacore/keda/v2/pkg/scaling.(*scaleHandler).getScaledObjectState.func1
	/workspace/pkg/scaling/scale_handler.go:714
2026-03-04T18:46:51Z	ERROR	azure_servicebus_scaler	error getting service bus entity length	{"type": "ScaledObject", "namespace": "3pull", "name": "r-3pull-worker-auth-audit-export", "error": "sources must contain at least one TokenCredential"}
github.com/kedacore/keda/v2/pkg/scalers.(*azureServiceBusScaler).GetMetricsAndActivity
	/workspace/pkg/scalers/azure_servicebus_scaler.go:221
github.com/kedacore/keda/v2/pkg/scaling/cache.(*ScalersCache).GetMetricsAndActivityForScaler
	/workspace/pkg/scaling/cache/scalers_cache.go:154
github.com/kedacore/keda/v2/pkg/scaling.(*scaleHandler).getScalerState
	/workspace/pkg/scaling/scale_handler.go:837
github.com/kedacore/keda/v2/pkg/scaling.(*scaleHandler).getScaledObjectState.func1
	/workspace/pkg/scaling/scale_handler.go:714
2026-03-04T18:46:51Z	ERROR	azure_servicebus_scaler	error starting azure workload-identity token provider	{"type": "ScaledObject", "namespace": "3pull", "name": "r-3pull-worker-auth-audit-export", "error": "no client ID specified. Check pod configuration or set ClientID in the options"}
github.com/kedacore/keda/v2/pkg/scalers/azure.NewChainedCredential
	/workspace/pkg/scalers/azure/azure_azidentity_chain.go:33
github.com/kedacore/keda/v2/pkg/scalers.(*azureServiceBusScaler).getServiceBusAdminClient
	/workspace/pkg/scalers/azure_servicebus_scaler.go:265
github.com/kedacore/keda/v2/pkg/scalers.(*azureServiceBusScaler).getAzureServiceBusLength
	/workspace/pkg/scalers/azure_servicebus_scaler.go:233
github.com/kedacore/keda/v2/pkg/scalers.(*azureServiceBusScaler).GetMetricsAndActivity
	/workspace/pkg/scalers/azure_servicebus_scaler.go:218
github.com/kedacore/keda/v2/pkg/scaling/cache.(*ScalersCache).GetMetricsAndActivityForScaler
	/workspace/pkg/scaling/cache/scalers_cache.go:164
github.com/kedacore/keda/v2/pkg/scaling.(*scaleHandler).getScalerState
	/workspace/pkg/scaling/scale_handler.go:837
github.com/kedacore/keda/v2/pkg/scaling.(*scaleHandler).getScaledObjectState.func1
	/workspace/pkg/scaling/scale_handler.go:714
2026-03-04T18:46:51Z	ERROR	azure_servicebus_scaler	error getting service bus entity length	{"type": "ScaledObject", "namespace": "3pull", "name": "r-3pull-worker-auth-audit-export", "error": "sources must contain at least one TokenCredential"}
github.com/kedacore/keda/v2/pkg/scalers.(*azureServiceBusScaler).GetMetricsAndActivity
	/workspace/pkg/scalers/azure_servicebus_scaler.go:221
github.com/kedacore/keda/v2/pkg/scaling/cache.(*ScalersCache).GetMetricsAndActivityForScaler
	/workspace/pkg/scaling/cache/scalers_cache.go:164
github.com/kedacore/keda/v2/pkg/scaling.(*scaleHandler).getScalerState
	/workspace/pkg/scaling/scale_handler.go:837
github.com/kedacore/keda/v2/pkg/scaling.(*scaleHandler).getScaledObjectState.func1
	/workspace/pkg/scaling/scale_handler.go:714
2026-03-04T18:46:51Z	ERROR	scale_handler	error getting metric for trigger	{"scaledObject.Namespace": "3pull", "scaledObject.Name": "r-3pull-worker-auth-audit-export", "trigger": "azureServiceBusScaler", "error": "sources must contain at least one TokenCredential"}
github.com/kedacore/keda/v2/pkg/scaling.(*scaleHandler).processMetricsWithFallback
	/workspace/pkg/scaling/scale_handler.go:460
github.com/kedacore/keda/v2/pkg/scaling.(*scaleHandler).getScalerState
	/workspace/pkg/scaling/scale_handler.go:845
github.com/kedacore/keda/v2/pkg/scaling.(*scaleHandler).getScaledObjectState.func1
	/workspace/pkg/scaling/scale_handler.go:714
2026-03-04T18:46:51Z	ERROR	scale_handler	error getting scale decision	{"scaledObject.Namespace": "3pull", "scaledObject.Name": "r-3pull-worker-auth-audit-export", "scaler": "azureServiceBusScaler", "error": "sources must contain at least one TokenCredential"}
github.com/kedacore/keda/v2/pkg/scaling.(*scaleHandler).getScalerState
	/workspace/pkg/scaling/scale_handler.go:872
github.com/kedacore/keda/v2/pkg/scaling.(*scaleHandler).getScaledObjectState.func1
	/workspace/pkg/scaling/scale_handler.go:714
2026-03-04T18:46:51Z	ERROR	azure_servicebus_scaler	error starting azure workload-identity token provider	{"type": "ScaledObject", "namespace": "3pull", "name": "r-3pull-worker-sample-wait-blob", "error": "no client ID specified. Check pod configuration or set ClientID in the options"}
github.com/kedacore/keda/v2/pkg/scalers/azure.NewChainedCredential
	/workspace/pkg/scalers/azure/azure_azidentity_chain.go:33
github.com/kedacore/keda/v2/pkg/scalers.(*azureServiceBusScaler).getServiceBusAdminClient
	/workspace/pkg/scalers/azure_servicebus_scaler.go:265
github.com/kedacore/keda/v2/pkg/scalers.(*azureServiceBusScaler).getAzureServiceBusLength
	/workspace/pkg/scalers/azure_servicebus_scaler.go:233
github.com/kedacore/keda/v2/pkg/scalers.(*azureServiceBusScaler).GetMetricsAndActivity
	/workspace/pkg/scalers/azure_servicebus_scaler.go:218
github.com/kedacore/keda/v2/pkg/scaling/cache.(*ScalersCache).GetMetricsAndActivityForScaler
	/workspace/pkg/scaling/cache/scalers_cache.go:154
github.com/kedacore/keda/v2/pkg/scaling.(*scaleHandler).getScalerState
	/workspace/pkg/scaling/scale_handler.go:837
github.com/kedacore/keda/v2/pkg/scaling.(*scaleHandler).getScaledObjectState.func1
	/workspace/pkg/scaling/scale_handler.go:714
2026-03-04T18:46:51Z	ERROR	azure_servicebus_scaler	error getting service bus entity length	{"type": "ScaledObject", "namespace": "3pull", "name": "r-3pull-worker-sample-wait-blob", "error": "sources must contain at least one TokenCredential"}
github.com/kedacore/keda/v2/pkg/scalers.(*azureServiceBusScaler).GetMetricsAndActivity
	/workspace/pkg/scalers/azure_servicebus_scaler.go:221
github.com/kedacore/keda/v2/pkg/scaling/cache.(*ScalersCache).GetMetricsAndActivityForScaler
	/workspace/pkg/scaling/cache/scalers_cache.go:154
github.com/kedacore/keda/v2/pkg/scaling.(*scaleHandler).getScalerState
	/workspace/pkg/scaling/scale_handler.go:837
github.com/kedacore/keda/v2/pkg/scaling.(*scaleHandler).getScaledObjectState.func1
	/workspace/pkg/scaling/scale_handler.go:714
2026-03-04T18:46:51Z	ERROR	azure_servicebus_scaler	error starting azure workload-identity token provider	{"type": "ScaledObject", "namespace": "3pull", "name": "r-3pull-worker-sample-wait-blob", "error": "no client ID specified. Check pod configuration or set ClientID in the options"}
github.com/kedacore/keda/v2/pkg/scalers/azure.NewChainedCredential
	/workspace/pkg/scalers/azure/azure_azidentity_chain.go:33
github.com/kedacore/keda/v2/pkg/scalers.(*azureServiceBusScaler).getServiceBusAdminClient
	/workspace/pkg/scalers/azure_servicebus_scaler.go:265
github.com/kedacore/keda/v2/pkg/scalers.(*azureServiceBusScaler).getAzureServiceBusLength
	/workspace/pkg/scalers/azure_servicebus_scaler.go:233
github.com/kedacore/keda/v2/pkg/scalers.(*azureServiceBusScaler).GetMetricsAndActivity
	/workspace/pkg/scalers/azure_servicebus_scaler.go:218
github.com/kedacore/keda/v2/pkg/scaling/cache.(*ScalersCache).GetMetricsAndActivityForScaler
	/workspace/pkg/scaling/cache/scalers_cache.go:164
github.com/kedacore/keda/v2/pkg/scaling.(*scaleHandler).getScalerState
	/workspace/pkg/scaling/scale_handler.go:837
github.com/kedacore/keda/v2/pkg/scaling.(*scaleHandler).getScaledObjectState.func1
	/workspace/pkg/scaling/scale_handler.go:714
2026-03-04T18:46:51Z	ERROR	azure_servicebus_scaler	error getting service bus entity length	{"type": "ScaledObject", "namespace": "3pull", "name": "r-3pull-worker-sample-wait-blob", "error": "sources must contain at least one TokenCredential"}
github.com/kedacore/keda/v2/pkg/scalers.(*azureServiceBusScaler).GetMetricsAndActivity
	/workspace/pkg/scalers/azure_servicebus_scaler.go:221
github.com/kedacore/keda/v2/pkg/scaling/cache.(*ScalersCache).GetMetricsAndActivityForScaler
	/workspace/pkg/scaling/cache/scalers_cache.go:164
github.com/kedacore/keda/v2/pkg/scaling.(*scaleHandler).getScalerState
	/workspace/pkg/scaling/scale_handler.go:837
github.com/kedacore/keda/v2/pkg/scaling.(*scaleHandler).getScaledObjectState.func1
	/workspace/pkg/scaling/scale_handler.go:714
2026-03-04T18:46:51Z	ERROR	scale_handler	error getting metric for trigger	{"scaledObject.Namespace": "3pull", "scaledObject.Name": "r-3pull-worker-sample-wait-blob", "trigger": "azureServiceBusScaler", "error": "sources must contain at least one TokenCredential"}
github.com/kedacore/keda/v2/pkg/scaling.(*scaleHandler).processMetricsWithFallback
	/workspace/pkg/scaling/scale_handler.go:460
github.com/kedacore/keda/v2/pkg/scaling.(*scaleHandler).getScalerState
	/workspace/pkg/scaling/scale_handler.go:845
github.com/kedacore/keda/v2/pkg/scaling.(*scaleHandler).getScaledObjectState.func1
	/workspace/pkg/scaling/scale_handler.go:714
2026-03-04T18:46:51Z	ERROR	scale_handler	error getting scale decision	{"scaledObject.Namespace": "3pull", "scaledObject.Name": "r-3pull-worker-sample-wait-blob", "scaler": "azureServiceBusScaler", "error": "sources must contain at least one TokenCredential"}
github.com/kedacore/keda/v2/pkg/scaling.(*scaleHandler).getScalerState
	/workspace/pkg/scaling/scale_handler.go:872
github.com/kedacore/keda/v2/pkg/scaling.(*scaleHandler).getScaledObjectState.func1
	/workspace/pkg/scaling/scale_handler.go:714
2026-03-04T18:46:52Z	ERROR	azure_servicebus_scaler	error starting azure workload-identity token provider	{"type": "ScaledObject", "namespace": "3pull", "name": "r-3pull-worker-auth-audit-export", "error": "no client ID specified. Check pod configuration or set ClientID in the options"}
github.com/kedacore/keda/v2/pkg/scalers/azure.NewChainedCredential
	/workspace/pkg/scalers/azure/azure_azidentity_chain.go:33
github.com/kedacore/keda/v2/pkg/scalers.(*azureServiceBusScaler).getServiceBusAdminClient
	/workspace/pkg/scalers/azure_servicebus_scaler.go:265
github.com/kedacore/keda/v2/pkg/scalers.(*azureServiceBusScaler).getAzureServiceBusLength
	/workspace/pkg/scalers/azure_servicebus_scaler.go:233
github.com/kedacore/keda/v2/pkg/scalers.(*azureServiceBusScaler).GetMetricsAndActivity
	/workspace/pkg/scalers/azure_servicebus_scaler.go:218
github.com/kedacore/keda/v2/pkg/scaling/cache.(*ScalersCache).GetMetricsAndActivityForScaler
	/workspace/pkg/scaling/cache/scalers_cache.go:154
github.com/kedacore/keda/v2/pkg/scaling.(*scaleHandler).GetScaledObjectMetrics.func1
	/workspace/pkg/scaling/scale_handler.go:585
2026-03-04T18:46:52Z	ERROR	azure_servicebus_scaler	error getting service bus entity length	{"type": "ScaledObject", "namespace": "3pull", "name": "r-3pull-worker-auth-audit-export", "error": "sources must contain at least one TokenCredential"}
github.com/kedacore/keda/v2/pkg/scalers.(*azureServiceBusScaler).GetMetricsAndActivity
	/workspace/pkg/scalers/azure_servicebus_scaler.go:221
github.com/kedacore/keda/v2/pkg/scaling/cache.(*ScalersCache).GetMetricsAndActivityForScaler
	/workspace/pkg/scaling/cache/scalers_cache.go:154
github.com/kedacore/keda/v2/pkg/scaling.(*scaleHandler).GetScaledObjectMetrics.func1
	/workspace/pkg/scaling/scale_handler.go:585
2026-03-04T18:46:52Z	ERROR	azure_servicebus_scaler	error starting azure workload-identity token provider	{"type": "ScaledObject", "namespace": "3pull", "name": "r-3pull-worker-auth-audit-export", "error": "no client ID specified. Check pod configuration or set ClientID in the options"}
github.com/kedacore/keda/v2/pkg/scalers/azure.NewChainedCredential
	/workspace/pkg/scalers/azure/azure_azidentity_chain.go:33
github.com/kedacore/keda/v2/pkg/scalers.(*azureServiceBusScaler).getServiceBusAdminClient
	/workspace/pkg/scalers/azure_servicebus_scaler.go:265
github.com/kedacore/keda/v2/pkg/scalers.(*azureServiceBusScaler).getAzureServiceBusLength
	/workspace/pkg/scalers/azure_servicebus_scaler.go:233
github.com/kedacore/keda/v2/pkg/scalers.(*azureServiceBusScaler).GetMetricsAndActivity
	/workspace/pkg/scalers/azure_servicebus_scaler.go:218
github.com/kedacore/keda/v2/pkg/scaling/cache.(*ScalersCache).GetMetricsAndActivityForScaler
	/workspace/pkg/scaling/cache/scalers_cache.go:164
github.com/kedacore/keda/v2/pkg/scaling.(*scaleHandler).GetScaledObjectMetrics.func1
	/workspace/pkg/scaling/scale_handler.go:585
2026-03-04T18:46:52Z	ERROR	azure_servicebus_scaler	error getting service bus entity length	{"type": "ScaledObject", "namespace": "3pull", "name": "r-3pull-worker-auth-audit-export", "error": "sources must contain at least one TokenCredential"}
github.com/kedacore/keda/v2/pkg/scalers.(*azureServiceBusScaler).GetMetricsAndActivity
	/workspace/pkg/scalers/azure_servicebus_scaler.go:221
github.com/kedacore/keda/v2/pkg/scaling/cache.(*ScalersCache).GetMetricsAndActivityForScaler
	/workspace/pkg/scaling/cache/scalers_cache.go:164
github.com/kedacore/keda/v2/pkg/scaling.(*scaleHandler).GetScaledObjectMetrics.func1
	/workspace/pkg/scaling/scale_handler.go:585
2026-03-04T18:46:52Z	ERROR	scale_handler	error getting metric for trigger	{"scaledObject.Namespace": "3pull", "scaledObject.Name": "r-3pull-worker-auth-audit-export", "trigger": "azureServiceBusScaler", "error": "sources must contain at least one TokenCredential"}
github.com/kedacore/keda/v2/pkg/scaling.(*scaleHandler).processMetricsWithFallback
	/workspace/pkg/scaling/scale_handler.go:460
github.com/kedacore/keda/v2/pkg/scaling.(*scaleHandler).GetScaledObjectMetrics.func1
	/workspace/pkg/scaling/scale_handler.go:593
2026-03-04T18:46:52Z	ERROR	azure_servicebus_scaler	error starting azure workload-identity token provider	{"type": "ScaledObject", "namespace": "3pull", "name": "r-3pull-worker-sample-wait-blob", "error": "no client ID specified. Check pod configuration or set ClientID in the options"}
github.com/kedacore/keda/v2/pkg/scalers/azure.NewChainedCredential
	/workspace/pkg/scalers/azure/azure_azidentity_chain.go:33
github.com/kedacore/keda/v2/pkg/scalers.(*azureServiceBusScaler).getServiceBusAdminClient
	/workspace/pkg/scalers/azure_servicebus_scaler.go:265
github.com/kedacore/keda/v2/pkg/scalers.(*azureServiceBusScaler).getAzureServiceBusLength
	/workspace/pkg/scalers/azure_servicebus_scaler.go:233
github.com/kedacore/keda/v2/pkg/scalers.(*azureServiceBusScaler).GetMetricsAndActivity
	/workspace/pkg/scalers/azure_servicebus_scaler.go:218
github.com/kedacore/keda/v2/pkg/scaling/cache.(*ScalersCache).GetMetricsAndActivityForScaler
	/workspace/pkg/scaling/cache/scalers_cache.go:154
github.com/kedacore/keda/v2/pkg/scaling.(*scaleHandler).GetScaledObjectMetrics.func1
	/workspace/pkg/scaling/scale_handler.go:585
2026-03-04T18:46:52Z	ERROR	azure_servicebus_scaler	error getting service bus entity length	{"type": "ScaledObject", "namespace": "3pull", "name": "r-3pull-worker-sample-wait-blob", "error": "sources must contain at least one TokenCredential"}
github.com/kedacore/keda/v2/pkg/scalers.(*azureServiceBusScaler).GetMetricsAndActivity
	/workspace/pkg/scalers/azure_servicebus_scaler.go:221
github.com/kedacore/keda/v2/pkg/scaling/cache.(*ScalersCache).GetMetricsAndActivityForScaler
	/workspace/pkg/scaling/cache/scalers_cache.go:154
github.com/kedacore/keda/v2/pkg/scaling.(*scaleHandler).GetScaledObjectMetrics.func1
	/workspace/pkg/scaling/scale_handler.go:585
2026-03-04T18:46:52Z	ERROR	azure_servicebus_scaler	error starting azure workload-identity token provider	{"type": "ScaledObject", "namespace": "3pull", "name": "r-3pull-worker-sample-wait-blob", "error": "no client ID specified. Check pod configuration or set ClientID in the options"}
github.com/kedacore/keda/v2/pkg/scalers/azure.NewChainedCredential
	/workspace/pkg/scalers/azure/azure_azidentity_chain.go:33
github.com/kedacore/keda/v2/pkg/scalers.(*azureServiceBusScaler).getServiceBusAdminClient
	/workspace/pkg/scalers/azure_servicebus_scaler.go:265
github.com/kedacore/keda/v2/pkg/scalers.(*azureServiceBusScaler).getAzureServiceBusLength
	/workspace/pkg/scalers/azure_servicebus_scaler.go:233
github.com/kedacore/keda/v2/pkg/scalers.(*azureServiceBusScaler).GetMetricsAndActivity
	/workspace/pkg/scalers/azure_servicebus_scaler.go:218
github.com/kedacore/keda/v2/pkg/scaling/cache.(*ScalersCache).GetMetricsAndActivityForScaler
	/workspace/pkg/scaling/cache/scalers_cache.go:164
github.com/kedacore/keda/v2/pkg/scaling.(*scaleHandler).GetScaledObjectMetrics.func1
	/workspace/pkg/scaling/scale_handler.go:585
2026-03-04T18:46:52Z	ERROR	azure_servicebus_scaler	error getting service bus entity length	{"type": "ScaledObject", "namespace": "3pull", "name": "r-3pull-worker-sample-wait-blob", "error": "sources must contain at least one TokenCredential"}
github.com/kedacore/keda/v2/pkg/scalers.(*azureServiceBusScaler).GetMetricsAndActivity
	/workspace/pkg/scalers/azure_servicebus_scaler.go:221
github.com/kedacore/keda/v2/pkg/scaling/cache.(*ScalersCache).GetMetricsAndActivityForScaler
	/workspace/pkg/scaling/cache/scalers_cache.go:164
github.com/kedacore/keda/v2/pkg/scaling.(*scaleHandler).GetScaledObjectMetrics.func1
	/workspace/pkg/scaling/scale_handler.go:585
2026-03-04T18:46:52Z	ERROR	scale_handler	error getting metric for trigger	{"scaledObject.Namespace": "3pull", "scaledObject.Name": "r-3pull-worker-sample-wait-blob", "trigger": "azureServiceBusScaler", "error": "sources must contain at least one TokenCredential"}
github.com/kedacore/keda/v2/pkg/scaling.(*scaleHandler).processMetricsWithFallback
	/workspace/pkg/scaling/scale_handler.go:460
github.com/kedacore/keda/v2/pkg/scaling.(*scaleHandler).GetScaledObjectMetrics.func1
	/workspace/pkg/scaling/scale_handler.go:593
2026-03-04T18:47:07Z	ERROR	azure_servicebus_scaler	error starting azure workload-identity token provider	{"type": "ScaledObject", "namespace": "3pull", "name": "r-3pull-worker-sample-wait-blob", "error": "no client ID specified. Check pod configuration or set ClientID in the options"}
github.com/kedacore/keda/v2/pkg/scalers/azure.NewChainedCredential
	/workspace/pkg/scalers/azure/azure_azidentity_chain.go:33
github.com/kedacore/keda/v2/pkg/scalers.(*azureServiceBusScaler).getServiceBusAdminClient
	/workspace/pkg/scalers/azure_servicebus_scaler.go:265
github.com/kedacore/keda/v2/pkg/scalers.(*azureServiceBusScaler).getAzureServiceBusLength
	/workspace/pkg/scalers/azure_servicebus_scaler.go:233
github.com/kedacore/keda/v2/pkg/scalers.(*azureServiceBusScaler).GetMetricsAndActivity
	/workspace/pkg/scalers/azure_servicebus_scaler.go:218
github.com/kedacore/keda/v2/pkg/scaling/cache.(*ScalersCache).GetMetricsAndActivityForScaler
	/workspace/pkg/scaling/cache/scalers_cache.go:154
github.com/kedacore/keda/v2/pkg/scaling.(*scaleHandler).GetScaledObjectMetrics.func1
	/workspace/pkg/scaling/scale_handler.go:585
2026-03-04T18:47:07Z	ERROR	azure_servicebus_scaler	error getting service bus entity length	{"type": "ScaledObject", "namespace": "3pull", "name": "r-3pull-worker-sample-wait-blob", "error": "sources must contain at least one TokenCredential"}
github.com/kedacore/keda/v2/pkg/scalers.(*azureServiceBusScaler).GetMetricsAndActivity
	/workspace/pkg/scalers/azure_servicebus_scaler.go:221
github.com/kedacore/keda/v2/pkg/scaling/cache.(*ScalersCache).GetMetricsAndActivityForScaler
	/workspace/pkg/scaling/cache/scalers_cache.go:154
github.com/kedacore/keda/v2/pkg/scaling.(*scaleHandler).GetScaledObjectMetrics.func1
	/workspace/pkg/scaling/scale_handler.go:585
2026-03-04T18:47:07Z	ERROR	azure_servicebus_scaler	error starting azure workload-identity token provider	{"type": "ScaledObject", "namespace": "3pull", "name": "r-3pull-worker-sample-wait-blob", "error": "no client ID specified. Check pod configuration or set ClientID in the options"}
github.com/kedacore/keda/v2/pkg/scalers/azure.NewChainedCredential
	/workspace/pkg/scalers/azure/azure_azidentity_chain.go:33
github.com/kedacore/keda/v2/pkg/scalers.(*azureServiceBusScaler).getServiceBusAdminClient
	/workspace/pkg/scalers/azure_servicebus_scaler.go:265
github.com/kedacore/keda/v2/pkg/scalers.(*azureServiceBusScaler).getAzureServiceBusLength
	/workspace/pkg/scalers/azure_servicebus_scaler.go:233
github.com/kedacore/keda/v2/pkg/scalers.(*azureServiceBusScaler).GetMetricsAndActivity
	/workspace/pkg/scalers/azure_servicebus_scaler.go:218
github.com/kedacore/keda/v2/pkg/scaling/cache.(*ScalersCache).GetMetricsAndActivityForScaler
	/workspace/pkg/scaling/cache/scalers_cache.go:164
github.com/kedacore/keda/v2/pkg/scaling.(*scaleHandler).GetScaledObjectMetrics.func1
	/workspace/pkg/scaling/scale_handler.go:585
2026-03-04T18:47:07Z	ERROR	azure_servicebus_scaler	error getting service bus entity length	{"type": "ScaledObject", "namespace": "3pull", "name": "r-3pull-worker-sample-wait-blob", "error": "sources must contain at least one TokenCredential"}
github.com/kedacore/keda/v2/pkg/scalers.(*azureServiceBusScaler).GetMetricsAndActivity
	/workspace/pkg/scalers/azure_servicebus_scaler.go:221
github.com/kedacore/keda/v2/pkg/scaling/cache.(*ScalersCache).GetMetricsAndActivityForScaler
	/workspace/pkg/scaling/cache/scalers_cache.go:164
github.com/kedacore/keda/v2/pkg/scaling.(*scaleHandler).GetScaledObjectMetrics.func1
	/workspace/pkg/scaling/scale_handler.go:585
2026-03-04T18:47:07Z	ERROR	scale_handler	error getting metric for trigger	{"scaledObject.Namespace": "3pull", "scaledObject.Name": "r-3pull-worker-sample-wait-blob", "trigger": "azureServiceBusScaler", "error": "sources must contain at least one TokenCredential"}
github.com/kedacore/keda/v2/pkg/scaling.(*scaleHandler).processMetricsWithFallback
	/workspace/pkg/scaling/scale_handler.go:460
github.com/kedacore/keda/v2/pkg/scaling.(*scaleHandler).GetScaledObjectMetrics.func1
	/workspace/pkg/scaling/scale_handler.go:593
2026-03-04T18:47:07Z	ERROR	azure_servicebus_scaler	error starting azure workload-identity token provider	{"type": "ScaledObject", "namespace": "3pull", "name": "r-3pull-worker-auth-audit-export", "error": "no client ID specified. Check pod configuration or set ClientID in the options"}
github.com/kedacore/keda/v2/pkg/scalers/azure.NewChainedCredential
	/workspace/pkg/scalers/azure/azure_azidentity_chain.go:33
github.com/kedacore/keda/v2/pkg/scalers.(*azureServiceBusScaler).getServiceBusAdminClient
	/workspace/pkg/scalers/azure_servicebus_scaler.go:265
github.com/kedacore/keda/v2/pkg/scalers.(*azureServiceBusScaler).getAzureServiceBusLength
	/workspace/pkg/scalers/azure_servicebus_scaler.go:233
github.com/kedacore/keda/v2/pkg/scalers.(*azureServiceBusScaler).GetMetricsAndActivity
	/workspace/pkg/scalers/azure_servicebus_scaler.go:218
github.com/kedacore/keda/v2/pkg/scaling/cache.(*ScalersCache).GetMetricsAndActivityForScaler
	/workspace/pkg/scaling/cache/scalers_cache.go:154
github.com/kedacore/keda/v2/pkg/scaling.(*scaleHandler).GetScaledObjectMetrics.func1
	/workspace/pkg/scaling/scale_handler.go:585
2026-03-04T18:47:07Z	ERROR	azure_servicebus_scaler	error getting service bus entity length	{"type": "ScaledObject", "namespace": "3pull", "name": "r-3pull-worker-auth-audit-export", "error": "sources must contain at least one TokenCredential"}
github.com/kedacore/keda/v2/pkg/scalers.(*azureServiceBusScaler).GetMetricsAndActivity
	/workspace/pkg/scalers/azure_servicebus_scaler.go:221
github.com/kedacore/keda/v2/pkg/scaling/cache.(*ScalersCache).GetMetricsAndActivityForScaler
	/workspace/pkg/scaling/cache/scalers_cache.go:154
github.com/kedacore/keda/v2/pkg/scaling.(*scaleHandler).GetScaledObjectMetrics.func1
	/workspace/pkg/scaling/scale_handler.go:585
2026-03-04T18:47:07Z	ERROR	azure_servicebus_scaler	error starting azure workload-identity token provider	{"type": "ScaledObject", "namespace": "3pull", "name": "r-3pull-worker-auth-audit-export", "error": "no client ID specified. Check pod configuration or set ClientID in the options"}
github.com/kedacore/keda/v2/pkg/scalers/azure.NewChainedCredential
	/workspace/pkg/scalers/azure/azure_azidentity_chain.go:33
github.com/kedacore/keda/v2/pkg/scalers.(*azureServiceBusScaler).getServiceBusAdminClient
	/workspace/pkg/scalers/azure_servicebus_scaler.go:265
github.com/kedacore/keda/v2/pkg/scalers.(*azureServiceBusScaler).getAzureServiceBusLength
	/workspace/pkg/scalers/azure_servicebus_scaler.go:233
github.com/kedacore/keda/v2/pkg/scalers.(*azureServiceBusScaler).GetMetricsAndActivity
	/workspace/pkg/scalers/azure_servicebus_scaler.go:218
github.com/kedacore/keda/v2/pkg/scaling/cache.(*ScalersCache).GetMetricsAndActivityForScaler
	/workspace/pkg/scaling/cache/scalers_cache.go:164
github.com/kedacore/keda/v2/pkg/scaling.(*scaleHandler).GetScaledObjectMetrics.func1
	/workspace/pkg/scaling/scale_handler.go:585
2026-03-04T18:47:07Z	ERROR	azure_servicebus_scaler	error getting service bus entity length	{"type": "ScaledObject", "namespace": "3pull", "name": "r-3pull-worker-auth-audit-export", "error": "sources must contain at least one TokenCredential"}
github.com/kedacore/keda/v2/pkg/scalers.(*azureServiceBusScaler).GetMetricsAndActivity
	/workspace/pkg/scalers/azure_servicebus_scaler.go:221
github.com/kedacore/keda/v2/pkg/scaling/cache.(*ScalersCache).GetMetricsAndActivityForScaler
	/workspace/pkg/scaling/cache/scalers_cache.go:164
github.com/kedacore/keda/v2/pkg/scaling.(*scaleHandler).GetScaledObjectMetrics.func1
	/workspace/pkg/scaling/scale_handler.go:585
2026-03-04T18:47:07Z	ERROR	scale_handler	error getting metric for trigger	{"scaledObject.Namespace": "3pull", "scaledObject.Name": "r-3pull-worker-auth-audit-export", "trigger": "azureServiceBusScaler", "error": "sources must contain at least one TokenCredential"}
github.com/kedacore/keda/v2/pkg/scaling.(*scaleHandler).processMetricsWithFallback
	/workspace/pkg/scaling/scale_handler.go:460
github.com/kedacore/keda/v2/pkg/scaling.(*scaleHandler).GetScaledObjectMetrics.func1
	/workspace/pkg/scaling/scale_handler.go:593
2026-03-04T18:47:21Z	ERROR	azure_servicebus_scaler	error starting azure workload-identity token provider	{"type": "ScaledObject", "namespace": "3pull", "name": "r-3pull-worker-auth-audit-export", "error": "no client ID specified. Check pod configuration or set ClientID in the options"}
github.com/kedacore/keda/v2/pkg/scalers/azure.NewChainedCredential
	/workspace/pkg/scalers/azure/azure_azidentity_chain.go:33
github.com/kedacore/keda/v2/pkg/scalers.(*azureServiceBusScaler).getServiceBusAdminClient
	/workspace/pkg/scalers/azure_servicebus_scaler.go:265
github.com/kedacore/keda/v2/pkg/scalers.(*azureServiceBusScaler).getAzureServiceBusLength
	/workspace/pkg/scalers/azure_servicebus_scaler.go:233
github.com/kedacore/keda/v2/pkg/scalers.(*azureServiceBusScaler).GetMetricsAndActivity
	/workspace/pkg/scalers/azure_servicebus_scaler.go:218
github.com/kedacore/keda/v2/pkg/scaling/cache.(*ScalersCache).GetMetricsAndActivityForScaler
	/workspace/pkg/scaling/cache/scalers_cache.go:154
github.com/kedacore/keda/v2/pkg/scaling.(*scaleHandler).getScalerState
	/workspace/pkg/scaling/scale_handler.go:837
github.com/kedacore/keda/v2/pkg/scaling.(*scaleHandler).getScaledObjectState.func1
	/workspace/pkg/scaling/scale_handler.go:714
2026-03-04T18:47:21Z	ERROR	azure_servicebus_scaler	error getting service bus entity length	{"type": "ScaledObject", "namespace": "3pull", "name": "r-3pull-worker-auth-audit-export", "error": "sources must contain at least one TokenCredential"}
github.com/kedacore/keda/v2/pkg/scalers.(*azureServiceBusScaler).GetMetricsAndActivity
	/workspace/pkg/scalers/azure_servicebus_scaler.go:221
github.com/kedacore/keda/v2/pkg/scaling/cache.(*ScalersCache).GetMetricsAndActivityForScaler
	/workspace/pkg/scaling/cache/scalers_cache.go:154
github.com/kedacore/keda/v2/pkg/scaling.(*scaleHandler).getScalerState
	/workspace/pkg/scaling/scale_handler.go:837
github.com/kedacore/keda/v2/pkg/scaling.(*scaleHandler).getScaledObjectState.func1
	/workspace/pkg/scaling/scale_handler.go:714
2026-03-04T18:47:21Z	ERROR	azure_servicebus_scaler	error starting azure workload-identity token provider	{"type": "ScaledObject", "namespace": "3pull", "name": "r-3pull-worker-auth-audit-export", "error": "no client ID specified. Check pod configuration or set ClientID in the options"}
github.com/kedacore/keda/v2/pkg/scalers/azure.NewChainedCredential
	/workspace/pkg/scalers/azure/azure_azidentity_chain.go:33
github.com/kedacore/keda/v2/pkg/scalers.(*azureServiceBusScaler).getServiceBusAdminClient
	/workspace/pkg/scalers/azure_servicebus_scaler.go:265
github.com/kedacore/keda/v2/pkg/scalers.(*azureServiceBusScaler).getAzureServiceBusLength
	/workspace/pkg/scalers/azure_servicebus_scaler.go:233
github.com/kedacore/keda/v2/pkg/scalers.(*azureServiceBusScaler).GetMetricsAndActivity
	/workspace/pkg/scalers/azure_servicebus_scaler.go:218
github.com/kedacore/keda/v2/pkg/scaling/cache.(*ScalersCache).GetMetricsAndActivityForScaler
	/workspace/pkg/scaling/cache/scalers_cache.go:164
github.com/kedacore/keda/v2/pkg/scaling.(*scaleHandler).getScalerState
	/workspace/pkg/scaling/scale_handler.go:837
github.com/kedacore/keda/v2/pkg/scaling.(*scaleHandler).getScaledObjectState.func1
	/workspace/pkg/scaling/scale_handler.go:714
2026-03-04T18:47:21Z	ERROR	azure_servicebus_scaler	error getting service bus entity length	{"type": "ScaledObject", "namespace": "3pull", "name": "r-3pull-worker-auth-audit-export", "error": "sources must contain at least one TokenCredential"}
github.com/kedacore/keda/v2/pkg/scalers.(*azureServiceBusScaler).GetMetricsAndActivity
	/workspace/pkg/scalers/azure_servicebus_scaler.go:221
github.com/kedacore/keda/v2/pkg/scaling/cache.(*ScalersCache).GetMetricsAndActivityForScaler
	/workspace/pkg/scaling/cache/scalers_cache.go:164
github.com/kedacore/keda/v2/pkg/scaling.(*scaleHandler).getScalerState
	/workspace/pkg/scaling/scale_handler.go:837
github.com/kedacore/keda/v2/pkg/scaling.(*scaleHandler).getScaledObjectState.func1
	/workspace/pkg/scaling/scale_handler.go:714
2026-03-04T18:47:21Z	ERROR	scale_handler	error getting metric for trigger	{"scaledObject.Namespace": "3pull", "scaledObject.Name": "r-3pull-worker-auth-audit-export", "trigger": "azureServiceBusScaler", "error": "sources must contain at least one TokenCredential"}
github.com/kedacore/keda/v2/pkg/scaling.(*scaleHandler).processMetricsWithFallback
	/workspace/pkg/scaling/scale_handler.go:460
github.com/kedacore/keda/v2/pkg/scaling.(*scaleHandler).getScalerState
	/workspace/pkg/scaling/scale_handler.go:845
github.com/kedacore/keda/v2/pkg/scaling.(*scaleHandler).getScaledObjectState.func1
	/workspace/pkg/scaling/scale_handler.go:714
2026-03-04T18:47:21Z	ERROR	scale_handler	error getting scale decision	{"scaledObject.Namespace": "3pull", "scaledObject.Name": "r-3pull-worker-auth-audit-export", "scaler": "azureServiceBusScaler", "error": "sources must contain at least one TokenCredential"}
github.com/kedacore/keda/v2/pkg/scaling.(*scaleHandler).getScalerState
	/workspace/pkg/scaling/scale_handler.go:872
github.com/kedacore/keda/v2/pkg/scaling.(*scaleHandler).getScaledObjectState.func1
	/workspace/pkg/scaling/scale_handler.go:714
2026-03-04T18:47:21Z	ERROR	azure_servicebus_scaler	error starting azure workload-identity token provider	{"type": "ScaledObject", "namespace": "3pull", "name": "r-3pull-worker-sample-wait-blob", "error": "no client ID specified. Check pod configuration or set ClientID in the options"}
github.com/kedacore/keda/v2/pkg/scalers/azure.NewChainedCredential
	/workspace/pkg/scalers/azure/azure_azidentity_chain.go:33
github.com/kedacore/keda/v2/pkg/scalers.(*azureServiceBusScaler).getServiceBusAdminClient
	/workspace/pkg/scalers/azure_servicebus_scaler.go:265
github.com/kedacore/keda/v2/pkg/scalers.(*azureServiceBusScaler).getAzureServiceBusLength
	/workspace/pkg/scalers/azure_servicebus_scaler.go:233
github.com/kedacore/keda/v2/pkg/scalers.(*azureServiceBusScaler).GetMetricsAndActivity
	/workspace/pkg/scalers/azure_servicebus_scaler.go:218
github.com/kedacore/keda/v2/pkg/scaling/cache.(*ScalersCache).GetMetricsAndActivityForScaler
	/workspace/pkg/scaling/cache/scalers_cache.go:154
github.com/kedacore/keda/v2/pkg/scaling.(*scaleHandler).getScalerState
	/workspace/pkg/scaling/scale_handler.go:837
github.com/kedacore/keda/v2/pkg/scaling.(*scaleHandler).getScaledObjectState.func1
	/workspace/pkg/scaling/scale_handler.go:714
2026-03-04T18:47:21Z	ERROR	azure_servicebus_scaler	error getting service bus entity length	{"type": "ScaledObject", "namespace": "3pull", "name": "r-3pull-worker-sample-wait-blob", "error": "sources must contain at least one TokenCredential"}
github.com/kedacore/keda/v2/pkg/scalers.(*azureServiceBusScaler).GetMetricsAndActivity
	/workspace/pkg/scalers/azure_servicebus_scaler.go:221
github.com/kedacore/keda/v2/pkg/scaling/cache.(*ScalersCache).GetMetricsAndActivityForScaler
	/workspace/pkg/scaling/cache/scalers_cache.go:154
github.com/kedacore/keda/v2/pkg/scaling.(*scaleHandler).getScalerState
	/workspace/pkg/scaling/scale_handler.go:837
github.com/kedacore/keda/v2/pkg/scaling.(*scaleHandler).getScaledObjectState.func1
	/workspace/pkg/scaling/scale_handler.go:714
2026-03-04T18:47:21Z	ERROR	azure_servicebus_scaler	error starting azure workload-identity token provider	{"type": "ScaledObject", "namespace": "3pull", "name": "r-3pull-worker-sample-wait-blob", "error": "no client ID specified. Check pod configuration or set ClientID in the options"}
github.com/kedacore/keda/v2/pkg/scalers/azure.NewChainedCredential
	/workspace/pkg/scalers/azure/azure_azidentity_chain.go:33
github.com/kedacore/keda/v2/pkg/scalers.(*azureServiceBusScaler).getServiceBusAdminClient
	/workspace/pkg/scalers/azure_servicebus_scaler.go:265
github.com/kedacore/keda/v2/pkg/scalers.(*azureServiceBusScaler).getAzureServiceBusLength
	/workspace/pkg/scalers/azure_servicebus_scaler.go:233
github.com/kedacore/keda/v2/pkg/scalers.(*azureServiceBusScaler).GetMetricsAndActivity
	/workspace/pkg/scalers/azure_servicebus_scaler.go:218
github.com/kedacore/keda/v2/pkg/scaling/cache.(*ScalersCache).GetMetricsAndActivityForScaler
	/workspace/pkg/scaling/cache/scalers_cache.go:164
github.com/kedacore/keda/v2/pkg/scaling.(*scaleHandler).getScalerState
	/workspace/pkg/scaling/scale_handler.go:837
github.com/kedacore/keda/v2/pkg/scaling.(*scaleHandler).getScaledObjectState.func1
	/workspace/pkg/scaling/scale_handler.go:714
2026-03-04T18:47:21Z	ERROR	azure_servicebus_scaler	error getting service bus entity length	{"type": "ScaledObject", "namespace": "3pull", "name": "r-3pull-worker-sample-wait-blob", "error": "sources must contain at least one TokenCredential"}
github.com/kedacore/keda/v2/pkg/scalers.(*azureServiceBusScaler).GetMetricsAndActivity
	/workspace/pkg/scalers/azure_servicebus_scaler.go:221
github.com/kedacore/keda/v2/pkg/scaling/cache.(*ScalersCache).GetMetricsAndActivityForScaler
	/workspace/pkg/scaling/cache/scalers_cache.go:164
github.com/kedacore/keda/v2/pkg/scaling.(*scaleHandler).getScalerState
	/workspace/pkg/scaling/scale_handler.go:837
github.com/kedacore/keda/v2/pkg/scaling.(*scaleHandler).getScaledObjectState.func1
	/workspace/pkg/scaling/scale_handler.go:714
2026-03-04T18:47:21Z	ERROR	scale_handler	error getting metric for trigger	{"scaledObject.Namespace": "3pull", "scaledObject.Name": "r-3pull-worker-sample-wait-blob", "trigger": "azureServiceBusScaler", "error": "sources must contain at least one TokenCredential"}
github.com/kedacore/keda/v2/pkg/scaling.(*scaleHandler).processMetricsWithFallback
	/workspace/pkg/scaling/scale_handler.go:460
github.com/kedacore/keda/v2/pkg/scaling.(*scaleHandler).getScalerState
	/workspace/pkg/scaling/scale_handler.go:845
github.com/kedacore/keda/v2/pkg/scaling.(*scaleHandler).getScaledObjectState.func1
	/workspace/pkg/scaling/scale_handler.go:714
2026-03-04T18:47:21Z	ERROR	scale_handler	error getting scale decision	{"scaledObject.Namespace": "3pull", "scaledObject.Name": "r-3pull-worker-sample-wait-blob", "scaler": "azureServiceBusScaler", "error": "sources must contain at least one TokenCredential"}
github.com/kedacore/keda/v2/pkg/scaling.(*scaleHandler).getScalerState
	/workspace/pkg/scaling/scale_handler.go:872
github.com/kedacore/keda/v2/pkg/scaling.(*scaleHandler).getScaledObjectState.func1
	/workspace/pkg/scaling/scale_handler.go:714
2026-03-04T18:47:22Z	ERROR	azure_servicebus_scaler	error starting azure workload-identity token provider	{"type": "ScaledObject", "namespace": "3pull", "name": "r-3pull-worker-sample-wait-blob", "error": "no client ID specified. Check pod configuration or set ClientID in the options"}
github.com/kedacore/keda/v2/pkg/scalers/azure.NewChainedCredential
	/workspace/pkg/scalers/azure/azure_azidentity_chain.go:33
github.com/kedacore/keda/v2/pkg/scalers.(*azureServiceBusScaler).getServiceBusAdminClient
	/workspace/pkg/scalers/azure_servicebus_scaler.go:265
github.com/kedacore/keda/v2/pkg/scalers.(*azureServiceBusScaler).getAzureServiceBusLength
	/workspace/pkg/scalers/azure_servicebus_scaler.go:233
github.com/kedacore/keda/v2/pkg/scalers.(*azureServiceBusScaler).GetMetricsAndActivity
	/workspace/pkg/scalers/azure_servicebus_scaler.go:218
github.com/kedacore/keda/v2/pkg/scaling/cache.(*ScalersCache).GetMetricsAndActivityForScaler
	/workspace/pkg/scaling/cache/scalers_cache.go:154
github.com/kedacore/keda/v2/pkg/scaling.(*scaleHandler).GetScaledObjectMetrics.func1
	/workspace/pkg/scaling/scale_handler.go:585
2026-03-04T18:47:22Z	ERROR	azure_servicebus_scaler	error getting service bus entity length	{"type": "ScaledObject", "namespace": "3pull", "name": "r-3pull-worker-sample-wait-blob", "error": "sources must contain at least one TokenCredential"}
github.com/kedacore/keda/v2/pkg/scalers.(*azureServiceBusScaler).GetMetricsAndActivity
	/workspace/pkg/scalers/azure_servicebus_scaler.go:221
github.com/kedacore/keda/v2/pkg/scaling/cache.(*ScalersCache).GetMetricsAndActivityForScaler
	/workspace/pkg/scaling/cache/scalers_cache.go:154
github.com/kedacore/keda/v2/pkg/scaling.(*scaleHandler).GetScaledObjectMetrics.func1
	/workspace/pkg/scaling/scale_handler.go:585
2026-03-04T18:47:22Z	ERROR	azure_servicebus_scaler	error starting azure workload-identity token provider	{"type": "ScaledObject", "namespace": "3pull", "name": "r-3pull-worker-sample-wait-blob", "error": "no client ID specified. Check pod configuration or set ClientID in the options"}
github.com/kedacore/keda/v2/pkg/scalers/azure.NewChainedCredential
	/workspace/pkg/scalers/azure/azure_azidentity_chain.go:33
github.com/kedacore/keda/v2/pkg/scalers.(*azureServiceBusScaler).getServiceBusAdminClient
	/workspace/pkg/scalers/azure_servicebus_scaler.go:265
github.com/kedacore/keda/v2/pkg/scalers.(*azureServiceBusScaler).getAzureServiceBusLength
	/workspace/pkg/scalers/azure_servicebus_scaler.go:233
github.com/kedacore/keda/v2/pkg/scalers.(*azureServiceBusScaler).GetMetricsAndActivity
	/workspace/pkg/scalers/azure_servicebus_scaler.go:218
github.com/kedacore/keda/v2/pkg/scaling/cache.(*ScalersCache).GetMetricsAndActivityForScaler
	/workspace/pkg/scaling/cache/scalers_cache.go:164
github.com/kedacore/keda/v2/pkg/scaling.(*scaleHandler).GetScaledObjectMetrics.func1
	/workspace/pkg/scaling/scale_handler.go:585
2026-03-04T18:47:22Z	ERROR	azure_servicebus_scaler	error getting service bus entity length	{"type": "ScaledObject", "namespace": "3pull", "name": "r-3pull-worker-sample-wait-blob", "error": "sources must contain at least one TokenCredential"}
github.com/kedacore/keda/v2/pkg/scalers.(*azureServiceBusScaler).GetMetricsAndActivity
	/workspace/pkg/scalers/azure_servicebus_scaler.go:221
github.com/kedacore/keda/v2/pkg/scaling/cache.(*ScalersCache).GetMetricsAndActivityForScaler
	/workspace/pkg/scaling/cache/scalers_cache.go:164
github.com/kedacore/keda/v2/pkg/scaling.(*scaleHandler).GetScaledObjectMetrics.func1
	/workspace/pkg/scaling/scale_handler.go:585
2026-03-04T18:47:22Z	ERROR	scale_handler	error getting metric for trigger	{"scaledObject.Namespace": "3pull", "scaledObject.Name": "r-3pull-worker-sample-wait-blob", "trigger": "azureServiceBusScaler", "error": "sources must contain at least one TokenCredential"}
github.com/kedacore/keda/v2/pkg/scaling.(*scaleHandler).processMetricsWithFallback
	/workspace/pkg/scaling/scale_handler.go:460
github.com/kedacore/keda/v2/pkg/scaling.(*scaleHandler).GetScaledObjectMetrics.func1
	/workspace/pkg/scaling/scale_handler.go:593
2026-03-04T18:47:22Z	ERROR	azure_servicebus_scaler	error starting azure workload-identity token provider	{"type": "ScaledObject", "namespace": "3pull", "name": "r-3pull-worker-auth-audit-export", "error": "no client ID specified. Check pod configuration or set ClientID in the options"}
github.com/kedacore/keda/v2/pkg/scalers/azure.NewChainedCredential
	/workspace/pkg/scalers/azure/azure_azidentity_chain.go:33
github.com/kedacore/keda/v2/pkg/scalers.(*azureServiceBusScaler).getServiceBusAdminClient
	/workspace/pkg/scalers/azure_servicebus_scaler.go:265
github.com/kedacore/keda/v2/pkg/scalers.(*azureServiceBusScaler).getAzureServiceBusLength
	/workspace/pkg/scalers/azure_servicebus_scaler.go:233
github.com/kedacore/keda/v2/pkg/scalers.(*azureServiceBusScaler).GetMetricsAndActivity
	/workspace/pkg/scalers/azure_servicebus_scaler.go:218
github.com/kedacore/keda/v2/pkg/scaling/cache.(*ScalersCache).GetMetricsAndActivityForScaler
	/workspace/pkg/scaling/cache/scalers_cache.go:154
github.com/kedacore/keda/v2/pkg/scaling.(*scaleHandler).GetScaledObjectMetrics.func1
	/workspace/pkg/scaling/scale_handler.go:585
2026-03-04T18:47:22Z	ERROR	azure_servicebus_scaler	error getting service bus entity length	{"type": "ScaledObject", "namespace": "3pull", "name": "r-3pull-worker-auth-audit-export", "error": "sources must contain at least one TokenCredential"}
github.com/kedacore/keda/v2/pkg/scalers.(*azureServiceBusScaler).GetMetricsAndActivity
	/workspace/pkg/scalers/azure_servicebus_scaler.go:221
github.com/kedacore/keda/v2/pkg/scaling/cache.(*ScalersCache).GetMetricsAndActivityForScaler
	/workspace/pkg/scaling/cache/scalers_cache.go:154
github.com/kedacore/keda/v2/pkg/scaling.(*scaleHandler).GetScaledObjectMetrics.func1
	/workspace/pkg/scaling/scale_handler.go:585
2026-03-04T18:47:22Z	ERROR	azure_servicebus_scaler	error starting azure workload-identity token provider	{"type": "ScaledObject", "namespace": "3pull", "name": "r-3pull-worker-auth-audit-export", "error": "no client ID specified. Check pod configuration or set ClientID in the options"}
github.com/kedacore/keda/v2/pkg/scalers/azure.NewChainedCredential
	/workspace/pkg/scalers/azure/azure_azidentity_chain.go:33
github.com/kedacore/keda/v2/pkg/scalers.(*azureServiceBusScaler).getServiceBusAdminClient
	/workspace/pkg/scalers/azure_servicebus_scaler.go:265
github.com/kedacore/keda/v2/pkg/scalers.(*azureServiceBusScaler).getAzureServiceBusLength
	/workspace/pkg/scalers/azure_servicebus_scaler.go:233
github.com/kedacore/keda/v2/pkg/scalers.(*azureServiceBusScaler).GetMetricsAndActivity
	/workspace/pkg/scalers/azure_servicebus_scaler.go:218
github.com/kedacore/keda/v2/pkg/scaling/cache.(*ScalersCache).GetMetricsAndActivityForScaler
	/workspace/pkg/scaling/cache/scalers_cache.go:164
github.com/kedacore/keda/v2/pkg/scaling.(*scaleHandler).GetScaledObjectMetrics.func1
	/workspace/pkg/scaling/scale_handler.go:585
2026-03-04T18:47:22Z	ERROR	azure_servicebus_scaler	error getting service bus entity length	{"type": "ScaledObject", "namespace": "3pull", "name": "r-3pull-worker-auth-audit-export", "error": "sources must contain at least one TokenCredential"}
github.com/kedacore/keda/v2/pkg/scalers.(*azureServiceBusScaler).GetMetricsAndActivity
	/workspace/pkg/scalers/azure_servicebus_scaler.go:221
github.com/kedacore/keda/v2/pkg/scaling/cache.(*ScalersCache).GetMetricsAndActivityForScaler
	/workspace/pkg/scaling/cache/scalers_cache.go:164
github.com/kedacore/keda/v2/pkg/scaling.(*scaleHandler).GetScaledObjectMetrics.func1
	/workspace/pkg/scaling/scale_handler.go:585
2026-03-04T18:47:22Z	ERROR	scale_handler	error getting metric for trigger	{"scaledObject.Namespace": "3pull", "scaledObject.Name": "r-3pull-worker-auth-audit-export", "trigger": "azureServiceBusScaler", "error": "sources must contain at least one TokenCredential"}
github.com/kedacore/keda/v2/pkg/scaling.(*scaleHandler).processMetricsWithFallback
	/workspace/pkg/scaling/scale_handler.go:460
github.com/kedacore/keda/v2/pkg/scaling.(*scaleHandler).GetScaledObjectMetrics.func1
	/workspace/pkg/scaling/scale_handler.go:593
2026-03-04T18:47:37Z	ERROR	azure_servicebus_scaler	error starting azure workload-identity token provider	{"type": "ScaledObject", "namespace": "3pull", "name": "r-3pull-worker-sample-wait-blob", "error": "no client ID specified. Check pod configuration or set ClientID in the options"}
github.com/kedacore/keda/v2/pkg/scalers/azure.NewChainedCredential
	/workspace/pkg/scalers/azure/azure_azidentity_chain.go:33
github.com/kedacore/keda/v2/pkg/scalers.(*azureServiceBusScaler).getServiceBusAdminClient
	/workspace/pkg/scalers/azure_servicebus_scaler.go:265
github.com/kedacore/keda/v2/pkg/scalers.(*azureServiceBusScaler).getAzureServiceBusLength
	/workspace/pkg/scalers/azure_servicebus_scaler.go:233
github.com/kedacore/keda/v2/pkg/scalers.(*azureServiceBusScaler).GetMetricsAndActivity
	/workspace/pkg/scalers/azure_servicebus_scaler.go:218
github.com/kedacore/keda/v2/pkg/scaling/cache.(*ScalersCache).GetMetricsAndActivityForScaler
	/workspace/pkg/scaling/cache/scalers_cache.go:154
github.com/kedacore/keda/v2/pkg/scaling.(*scaleHandler).GetScaledObjectMetrics.func1
	/workspace/pkg/scaling/scale_handler.go:585
2026-03-04T18:47:37Z	ERROR	azure_servicebus_scaler	error getting service bus entity length	{"type": "ScaledObject", "namespace": "3pull", "name": "r-3pull-worker-sample-wait-blob", "error": "sources must contain at least one TokenCredential"}
github.com/kedacore/keda/v2/pkg/scalers.(*azureServiceBusScaler).GetMetricsAndActivity
	/workspace/pkg/scalers/azure_servicebus_scaler.go:221
github.com/kedacore/keda/v2/pkg/scaling/cache.(*ScalersCache).GetMetricsAndActivityForScaler
	/workspace/pkg/scaling/cache/scalers_cache.go:154
github.com/kedacore/keda/v2/pkg/scaling.(*scaleHandler).GetScaledObjectMetrics.func1
	/workspace/pkg/scaling/scale_handler.go:585
2026-03-04T18:47:37Z	ERROR	azure_servicebus_scaler	error starting azure workload-identity token provider	{"type": "ScaledObject", "namespace": "3pull", "name": "r-3pull-worker-sample-wait-blob", "error": "no client ID specified. Check pod configuration or set ClientID in the options"}
github.com/kedacore/keda/v2/pkg/scalers/azure.NewChainedCredential
	/workspace/pkg/scalers/azure/azure_azidentity_chain.go:33
github.com/kedacore/keda/v2/pkg/scalers.(*azureServiceBusScaler).getServiceBusAdminClient
	/workspace/pkg/scalers/azure_servicebus_scaler.go:265
github.com/kedacore/keda/v2/pkg/scalers.(*azureServiceBusScaler).getAzureServiceBusLength
	/workspace/pkg/scalers/azure_servicebus_scaler.go:233
github.com/kedacore/keda/v2/pkg/scalers.(*azureServiceBusScaler).GetMetricsAndActivity
	/workspace/pkg/scalers/azure_servicebus_scaler.go:218
github.com/kedacore/keda/v2/pkg/scaling/cache.(*ScalersCache).GetMetricsAndActivityForScaler
	/workspace/pkg/scaling/cache/scalers_cache.go:164
github.com/kedacore/keda/v2/pkg/scaling.(*scaleHandler).GetScaledObjectMetrics.func1
	/workspace/pkg/scaling/scale_handler.go:585
2026-03-04T18:47:37Z	ERROR	azure_servicebus_scaler	error getting service bus entity length	{"type": "ScaledObject", "namespace": "3pull", "name": "r-3pull-worker-sample-wait-blob", "error": "sources must contain at least one TokenCredential"}
github.com/kedacore/keda/v2/pkg/scalers.(*azureServiceBusScaler).GetMetricsAndActivity
	/workspace/pkg/scalers/azure_servicebus_scaler.go:221
github.com/kedacore/keda/v2/pkg/scaling/cache.(*ScalersCache).GetMetricsAndActivityForScaler
	/workspace/pkg/scaling/cache/scalers_cache.go:164
github.com/kedacore/keda/v2/pkg/scaling.(*scaleHandler).GetScaledObjectMetrics.func1
	/workspace/pkg/scaling/scale_handler.go:585
2026-03-04T18:47:37Z	ERROR	scale_handler	error getting metric for trigger	{"scaledObject.Namespace": "3pull", "scaledObject.Name": "r-3pull-worker-sample-wait-blob", "trigger": "azureServiceBusScaler", "error": "sources must contain at least one TokenCredential"}
github.com/kedacore/keda/v2/pkg/scaling.(*scaleHandler).processMetricsWithFallback
	/workspace/pkg/scaling/scale_handler.go:460
github.com/kedacore/keda/v2/pkg/scaling.(*scaleHandler).GetScaledObjectMetrics.func1
	/workspace/pkg/scaling/scale_handler.go:593
2026-03-04T18:47:37Z	ERROR	azure_servicebus_scaler	error starting azure workload-identity token provider	{"type": "ScaledObject", "namespace": "3pull", "name": "r-3pull-worker-auth-audit-export", "error": "no client ID specified. Check pod configuration or set ClientID in the options"}
github.com/kedacore/keda/v2/pkg/scalers/azure.NewChainedCredential
	/workspace/pkg/scalers/azure/azure_azidentity_chain.go:33
github.com/kedacore/keda/v2/pkg/scalers.(*azureServiceBusScaler).getServiceBusAdminClient
	/workspace/pkg/scalers/azure_servicebus_scaler.go:265
github.com/kedacore/keda/v2/pkg/scalers.(*azureServiceBusScaler).getAzureServiceBusLength
	/workspace/pkg/scalers/azure_servicebus_scaler.go:233
github.com/kedacore/keda/v2/pkg/scalers.(*azureServiceBusScaler).GetMetricsAndActivity
	/workspace/pkg/scalers/azure_servicebus_scaler.go:218
github.com/kedacore/keda/v2/pkg/scaling/cache.(*ScalersCache).GetMetricsAndActivityForScaler
	/workspace/pkg/scaling/cache/scalers_cache.go:154
github.com/kedacore/keda/v2/pkg/scaling.(*scaleHandler).GetScaledObjectMetrics.func1
	/workspace/pkg/scaling/scale_handler.go:585
2026-03-04T18:47:37Z	ERROR	azure_servicebus_scaler	error getting service bus entity length	{"type": "ScaledObject", "namespace": "3pull", "name": "r-3pull-worker-auth-audit-export", "error": "sources must contain at least one TokenCredential"}
github.com/kedacore/keda/v2/pkg/scalers.(*azureServiceBusScaler).GetMetricsAndActivity
	/workspace/pkg/scalers/azure_servicebus_scaler.go:221
github.com/kedacore/keda/v2/pkg/scaling/cache.(*ScalersCache).GetMetricsAndActivityForScaler
	/workspace/pkg/scaling/cache/scalers_cache.go:154
github.com/kedacore/keda/v2/pkg/scaling.(*scaleHandler).GetScaledObjectMetrics.func1
	/workspace/pkg/scaling/scale_handler.go:585
2026-03-04T18:47:37Z	ERROR	azure_servicebus_scaler	error starting azure workload-identity token provider	{"type": "ScaledObject", "namespace": "3pull", "name": "r-3pull-worker-auth-audit-export", "error": "no client ID specified. Check pod configuration or set ClientID in the options"}
github.com/kedacore/keda/v2/pkg/scalers/azure.NewChainedCredential
	/workspace/pkg/scalers/azure/azure_azidentity_chain.go:33
github.com/kedacore/keda/v2/pkg/scalers.(*azureServiceBusScaler).getServiceBusAdminClient
	/workspace/pkg/scalers/azure_servicebus_scaler.go:265
github.com/kedacore/keda/v2/pkg/scalers.(*azureServiceBusScaler).getAzureServiceBusLength
	/workspace/pkg/scalers/azure_servicebus_scaler.go:233
github.com/kedacore/keda/v2/pkg/scalers.(*azureServiceBusScaler).GetMetricsAndActivity
	/workspace/pkg/scalers/azure_servicebus_scaler.go:218
github.com/kedacore/keda/v2/pkg/scaling/cache.(*ScalersCache).GetMetricsAndActivityForScaler
	/workspace/pkg/scaling/cache/scalers_cache.go:164
github.com/kedacore/keda/v2/pkg/scaling.(*scaleHandler).GetScaledObjectMetrics.func1
	/workspace/pkg/scaling/scale_handler.go:585
2026-03-04T18:47:37Z	ERROR	azure_servicebus_scaler	error getting service bus entity length	{"type": "ScaledObject", "namespace": "3pull", "name": "r-3pull-worker-auth-audit-export", "error": "sources must contain at least one TokenCredential"}
github.com/kedacore/keda/v2/pkg/scalers.(*azureServiceBusScaler).GetMetricsAndActivity
	/workspace/pkg/scalers/azure_servicebus_scaler.go:221
github.com/kedacore/keda/v2/pkg/scaling/cache.(*ScalersCache).GetMetricsAndActivityForScaler
	/workspace/pkg/scaling/cache/scalers_cache.go:164
github.com/kedacore/keda/v2/pkg/scaling.(*scaleHandler).GetScaledObjectMetrics.func1
	/workspace/pkg/scaling/scale_handler.go:585
2026-03-04T18:47:37Z	ERROR	scale_handler	error getting metric for trigger	{"scaledObject.Namespace": "3pull", "scaledObject.Name": "r-3pull-worker-auth-audit-export", "trigger": "azureServiceBusScaler", "error": "sources must contain at least one TokenCredential"}
github.com/kedacore/keda/v2/pkg/scaling.(*scaleHandler).processMetricsWithFallback
	/workspace/pkg/scaling/scale_handler.go:460
github.com/kedacore/keda/v2/pkg/scaling.(*scaleHandler).GetScaledObjectMetrics.func1
	/workspace/pkg/scaling/scale_handler.go:593
2026-03-04T18:47:51Z	ERROR	azure_servicebus_scaler	error starting azure workload-identity token provider	{"type": "ScaledObject", "namespace": "3pull", "name": "r-3pull-worker-auth-audit-export", "error": "no client ID specified. Check pod configuration or set ClientID in the options"}
github.com/kedacore/keda/v2/pkg/scalers/azure.NewChainedCredential
	/workspace/pkg/scalers/azure/azure_azidentity_chain.go:33
github.com/kedacore/keda/v2/pkg/scalers.(*azureServiceBusScaler).getServiceBusAdminClient
	/workspace/pkg/scalers/azure_servicebus_scaler.go:265
github.com/kedacore/keda/v2/pkg/scalers.(*azureServiceBusScaler).getAzureServiceBusLength
	/workspace/pkg/scalers/azure_servicebus_scaler.go:233
github.com/kedacore/keda/v2/pkg/scalers.(*azureServiceBusScaler).GetMetricsAndActivity
	/workspace/pkg/scalers/azure_servicebus_scaler.go:218
github.com/kedacore/keda/v2/pkg/scaling/cache.(*ScalersCache).GetMetricsAndActivityForScaler
	/workspace/pkg/scaling/cache/scalers_cache.go:154
github.com/kedacore/keda/v2/pkg/scaling.(*scaleHandler).getScalerState
	/workspace/pkg/scaling/scale_handler.go:837
github.com/kedacore/keda/v2/pkg/scaling.(*scaleHandler).getScaledObjectState.func1
	/workspace/pkg/scaling/scale_handler.go:714
2026-03-04T18:47:51Z	ERROR	azure_servicebus_scaler	error getting service bus entity length	{"type": "ScaledObject", "namespace": "3pull", "name": "r-3pull-worker-auth-audit-export", "error": "sources must contain at least one TokenCredential"}
github.com/kedacore/keda/v2/pkg/scalers.(*azureServiceBusScaler).GetMetricsAndActivity
	/workspace/pkg/scalers/azure_servicebus_scaler.go:221
github.com/kedacore/keda/v2/pkg/scaling/cache.(*ScalersCache).GetMetricsAndActivityForScaler
	/workspace/pkg/scaling/cache/scalers_cache.go:154
github.com/kedacore/keda/v2/pkg/scaling.(*scaleHandler).getScalerState
	/workspace/pkg/scaling/scale_handler.go:837
github.com/kedacore/keda/v2/pkg/scaling.(*scaleHandler).getScaledObjectState.func1
	/workspace/pkg/scaling/scale_handler.go:714
2026-03-04T18:47:51Z	ERROR	azure_servicebus_scaler	error starting azure workload-identity token provider	{"type": "ScaledObject", "namespace": "3pull", "name": "r-3pull-worker-auth-audit-export", "error": "no client ID specified. Check pod configuration or set ClientID in the options"}
github.com/kedacore/keda/v2/pkg/scalers/azure.NewChainedCredential
	/workspace/pkg/scalers/azure/azure_azidentity_chain.go:33
github.com/kedacore/keda/v2/pkg/scalers.(*azureServiceBusScaler).getServiceBusAdminClient
	/workspace/pkg/scalers/azure_servicebus_scaler.go:265
github.com/kedacore/keda/v2/pkg/scalers.(*azureServiceBusScaler).getAzureServiceBusLength
	/workspace/pkg/scalers/azure_servicebus_scaler.go:233
github.com/kedacore/keda/v2/pkg/scalers.(*azureServiceBusScaler).GetMetricsAndActivity
	/workspace/pkg/scalers/azure_servicebus_scaler.go:218
github.com/kedacore/keda/v2/pkg/scaling/cache.(*ScalersCache).GetMetricsAndActivityForScaler
	/workspace/pkg/scaling/cache/scalers_cache.go:164
github.com/kedacore/keda/v2/pkg/scaling.(*scaleHandler).getScalerState
	/workspace/pkg/scaling/scale_handler.go:837
github.com/kedacore/keda/v2/pkg/scaling.(*scaleHandler).getScaledObjectState.func1
	/workspace/pkg/scaling/scale_handler.go:714
2026-03-04T18:47:51Z	ERROR	azure_servicebus_scaler	error getting service bus entity length	{"type": "ScaledObject", "namespace": "3pull", "name": "r-3pull-worker-auth-audit-export", "error": "sources must contain at least one TokenCredential"}
github.com/kedacore/keda/v2/pkg/scalers.(*azureServiceBusScaler).GetMetricsAndActivity
	/workspace/pkg/scalers/azure_servicebus_scaler.go:221
github.com/kedacore/keda/v2/pkg/scaling/cache.(*ScalersCache).GetMetricsAndActivityForScaler
	/workspace/pkg/scaling/cache/scalers_cache.go:164
github.com/kedacore/keda/v2/pkg/scaling.(*scaleHandler).getScalerState
	/workspace/pkg/scaling/scale_handler.go:837
github.com/kedacore/keda/v2/pkg/scaling.(*scaleHandler).getScaledObjectState.func1
	/workspace/pkg/scaling/scale_handler.go:714
2026-03-04T18:47:51Z	ERROR	scale_handler	error getting metric for trigger	{"scaledObject.Namespace": "3pull", "scaledObject.Name": "r-3pull-worker-auth-audit-export", "trigger": "azureServiceBusScaler", "error": "sources must contain at least one TokenCredential"}
github.com/kedacore/keda/v2/pkg/scaling.(*scaleHandler).processMetricsWithFallback
	/workspace/pkg/scaling/scale_handler.go:460
github.com/kedacore/keda/v2/pkg/scaling.(*scaleHandler).getScalerState
	/workspace/pkg/scaling/scale_handler.go:845
github.com/kedacore/keda/v2/pkg/scaling.(*scaleHandler).getScaledObjectState.func1
	/workspace/pkg/scaling/scale_handler.go:714
2026-03-04T18:47:51Z	ERROR	scale_handler	error getting scale decision	{"scaledObject.Namespace": "3pull", "scaledObject.Name": "r-3pull-worker-auth-audit-export", "scaler": "azureServiceBusScaler", "error": "sources must contain at least one TokenCredential"}
github.com/kedacore/keda/v2/pkg/scaling.(*scaleHandler).getScalerState
	/workspace/pkg/scaling/scale_handler.go:872
github.com/kedacore/keda/v2/pkg/scaling.(*scaleHandler).getScaledObjectState.func1
	/workspace/pkg/scaling/scale_handler.go:714
2026-03-04T18:47:51Z	ERROR	azure_servicebus_scaler	error starting azure workload-identity token provider	{"type": "ScaledObject", "namespace": "3pull", "name": "r-3pull-worker-sample-wait-blob", "error": "no client ID specified. Check pod configuration or set ClientID in the options"}
github.com/kedacore/keda/v2/pkg/scalers/azure.NewChainedCredential
	/workspace/pkg/scalers/azure/azure_azidentity_chain.go:33
github.com/kedacore/keda/v2/pkg/scalers.(*azureServiceBusScaler).getServiceBusAdminClient
	/workspace/pkg/scalers/azure_servicebus_scaler.go:265
github.com/kedacore/keda/v2/pkg/scalers.(*azureServiceBusScaler).getAzureServiceBusLength
	/workspace/pkg/scalers/azure_servicebus_scaler.go:233
github.com/kedacore/keda/v2/pkg/scalers.(*azureServiceBusScaler).GetMetricsAndActivity
	/workspace/pkg/scalers/azure_servicebus_scaler.go:218
github.com/kedacore/keda/v2/pkg/scaling/cache.(*ScalersCache).GetMetricsAndActivityForScaler
	/workspace/pkg/scaling/cache/scalers_cache.go:154
github.com/kedacore/keda/v2/pkg/scaling.(*scaleHandler).getScalerState
	/workspace/pkg/scaling/scale_handler.go:837
github.com/kedacore/keda/v2/pkg/scaling.(*scaleHandler).getScaledObjectState.func1
	/workspace/pkg/scaling/scale_handler.go:714
2026-03-04T18:47:51Z	ERROR	azure_servicebus_scaler	error getting service bus entity length	{"type": "ScaledObject", "namespace": "3pull", "name": "r-3pull-worker-sample-wait-blob", "error": "sources must contain at least one TokenCredential"}
github.com/kedacore/keda/v2/pkg/scalers.(*azureServiceBusScaler).GetMetricsAndActivity
	/workspace/pkg/scalers/azure_servicebus_scaler.go:221
github.com/kedacore/keda/v2/pkg/scaling/cache.(*ScalersCache).GetMetricsAndActivityForScaler
	/workspace/pkg/scaling/cache/scalers_cache.go:154
github.com/kedacore/keda/v2/pkg/scaling.(*scaleHandler).getScalerState
	/workspace/pkg/scaling/scale_handler.go:837
github.com/kedacore/keda/v2/pkg/scaling.(*scaleHandler).getScaledObjectState.func1
	/workspace/pkg/scaling/scale_handler.go:714
2026-03-04T18:47:51Z	ERROR	azure_servicebus_scaler	error starting azure workload-identity token provider	{"type": "ScaledObject", "namespace": "3pull", "name": "r-3pull-worker-sample-wait-blob", "error": "no client ID specified. Check pod configuration or set ClientID in the options"}
github.com/kedacore/keda/v2/pkg/scalers/azure.NewChainedCredential
	/workspace/pkg/scalers/azure/azure_azidentity_chain.go:33
github.com/kedacore/keda/v2/pkg/scalers.(*azureServiceBusScaler).getServiceBusAdminClient
	/workspace/pkg/scalers/azure_servicebus_scaler.go:265
github.com/kedacore/keda/v2/pkg/scalers.(*azureServiceBusScaler).getAzureServiceBusLength
	/workspace/pkg/scalers/azure_servicebus_scaler.go:233
github.com/kedacore/keda/v2/pkg/scalers.(*azureServiceBusScaler).GetMetricsAndActivity
	/workspace/pkg/scalers/azure_servicebus_scaler.go:218
github.com/kedacore/keda/v2/pkg/scaling/cache.(*ScalersCache).GetMetricsAndActivityForScaler
	/workspace/pkg/scaling/cache/scalers_cache.go:164
github.com/kedacore/keda/v2/pkg/scaling.(*scaleHandler).getScalerState
	/workspace/pkg/scaling/scale_handler.go:837
github.com/kedacore/keda/v2/pkg/scaling.(*scaleHandler).getScaledObjectState.func1
	/workspace/pkg/scaling/scale_handler.go:714
2026-03-04T18:47:51Z	ERROR	azure_servicebus_scaler	error getting service bus entity length	{"type": "ScaledObject", "namespace": "3pull", "name": "r-3pull-worker-sample-wait-blob", "error": "sources must contain at least one TokenCredential"}
github.com/kedacore/keda/v2/pkg/scalers.(*azureServiceBusScaler).GetMetricsAndActivity
	/workspace/pkg/scalers/azure_servicebus_scaler.go:221
github.com/kedacore/keda/v2/pkg/scaling/cache.(*ScalersCache).GetMetricsAndActivityForScaler
	/workspace/pkg/scaling/cache/scalers_cache.go:164
github.com/kedacore/keda/v2/pkg/scaling.(*scaleHandler).getScalerState
	/workspace/pkg/scaling/scale_handler.go:837
github.com/kedacore/keda/v2/pkg/scaling.(*scaleHandler).getScaledObjectState.func1
	/workspace/pkg/scaling/scale_handler.go:714
2026-03-04T18:47:51Z	ERROR	scale_handler	error getting metric for trigger	{"scaledObject.Namespace": "3pull", "scaledObject.Name": "r-3pull-worker-sample-wait-blob", "trigger": "azureServiceBusScaler", "error": "sources must contain at least one TokenCredential"}
github.com/kedacore/keda/v2/pkg/scaling.(*scaleHandler).processMetricsWithFallback
	/workspace/pkg/scaling/scale_handler.go:460
github.com/kedacore/keda/v2/pkg/scaling.(*scaleHandler).getScalerState
	/workspace/pkg/scaling/scale_handler.go:845
github.com/kedacore/keda/v2/pkg/scaling.(*scaleHandler).getScaledObjectState.func1
	/workspace/pkg/scaling/scale_handler.go:714
2026-03-04T18:47:51Z	ERROR	scale_handler	error getting scale decision	{"scaledObject.Namespace": "3pull", "scaledObject.Name": "r-3pull-worker-sample-wait-blob", "scaler": "azureServiceBusScaler", "error": "sources must contain at least one TokenCredential"}
github.com/kedacore/keda/v2/pkg/scaling.(*scaleHandler).getScalerState
	/workspace/pkg/scaling/scale_handler.go:872
github.com/kedacore/keda/v2/pkg/scaling.(*scaleHandler).getScaledObjectState.func1
	/workspace/pkg/scaling/scale_handler.go:714
2026-03-04T18:47:52Z	ERROR	azure_servicebus_scaler	error starting azure workload-identity token provider	{"type": "ScaledObject", "namespace": "3pull", "name": "r-3pull-worker-sample-wait-blob", "error": "no client ID specified. Check pod configuration or set ClientID in the options"}
github.com/kedacore/keda/v2/pkg/scalers/azure.NewChainedCredential
	/workspace/pkg/scalers/azure/azure_azidentity_chain.go:33
github.com/kedacore/keda/v2/pkg/scalers.(*azureServiceBusScaler).getServiceBusAdminClient
	/workspace/pkg/scalers/azure_servicebus_scaler.go:265
github.com/kedacore/keda/v2/pkg/scalers.(*azureServiceBusScaler).getAzureServiceBusLength
	/workspace/pkg/scalers/azure_servicebus_scaler.go:233
github.com/kedacore/keda/v2/pkg/scalers.(*azureServiceBusScaler).GetMetricsAndActivity
	/workspace/pkg/scalers/azure_servicebus_scaler.go:218
github.com/kedacore/keda/v2/pkg/scaling/cache.(*ScalersCache).GetMetricsAndActivityForScaler
	/workspace/pkg/scaling/cache/scalers_cache.go:154
github.com/kedacore/keda/v2/pkg/scaling.(*scaleHandler).GetScaledObjectMetrics.func1
	/workspace/pkg/scaling/scale_handler.go:585
2026-03-04T18:47:52Z	ERROR	azure_servicebus_scaler	error getting service bus entity length	{"type": "ScaledObject", "namespace": "3pull", "name": "r-3pull-worker-sample-wait-blob", "error": "sources must contain at least one TokenCredential"}
github.com/kedacore/keda/v2/pkg/scalers.(*azureServiceBusScaler).GetMetricsAndActivity
	/workspace/pkg/scalers/azure_servicebus_scaler.go:221
github.com/kedacore/keda/v2/pkg/scaling/cache.(*ScalersCache).GetMetricsAndActivityForScaler
	/workspace/pkg/scaling/cache/scalers_cache.go:154
github.com/kedacore/keda/v2/pkg/scaling.(*scaleHandler).GetScaledObjectMetrics.func1
	/workspace/pkg/scaling/scale_handler.go:585
2026-03-04T18:47:52Z	ERROR	azure_servicebus_scaler	error starting azure workload-identity token provider	{"type": "ScaledObject", "namespace": "3pull", "name": "r-3pull-worker-sample-wait-blob", "error": "no client ID specified. Check pod configuration or set ClientID in the options"}
github.com/kedacore/keda/v2/pkg/scalers/azure.NewChainedCredential
	/workspace/pkg/scalers/azure/azure_azidentity_chain.go:33
github.com/kedacore/keda/v2/pkg/scalers.(*azureServiceBusScaler).getServiceBusAdminClient
	/workspace/pkg/scalers/azure_servicebus_scaler.go:265
github.com/kedacore/keda/v2/pkg/scalers.(*azureServiceBusScaler).getAzureServiceBusLength
	/workspace/pkg/scalers/azure_servicebus_scaler.go:233
github.com/kedacore/keda/v2/pkg/scalers.(*azureServiceBusScaler).GetMetricsAndActivity
	/workspace/pkg/scalers/azure_servicebus_scaler.go:218
github.com/kedacore/keda/v2/pkg/scaling/cache.(*ScalersCache).GetMetricsAndActivityForScaler
	/workspace/pkg/scaling/cache/scalers_cache.go:164
github.com/kedacore/keda/v2/pkg/scaling.(*scaleHandler).GetScaledObjectMetrics.func1
	/workspace/pkg/scaling/scale_handler.go:585
2026-03-04T18:47:52Z	ERROR	azure_servicebus_scaler	error getting service bus entity length	{"type": "ScaledObject", "namespace": "3pull", "name": "r-3pull-worker-sample-wait-blob", "error": "sources must contain at least one TokenCredential"}
github.com/kedacore/keda/v2/pkg/scalers.(*azureServiceBusScaler).GetMetricsAndActivity
	/workspace/pkg/scalers/azure_servicebus_scaler.go:221
github.com/kedacore/keda/v2/pkg/scaling/cache.(*ScalersCache).GetMetricsAndActivityForScaler
	/workspace/pkg/scaling/cache/scalers_cache.go:164
github.com/kedacore/keda/v2/pkg/scaling.(*scaleHandler).GetScaledObjectMetrics.func1
	/workspace/pkg/scaling/scale_handler.go:585
2026-03-04T18:47:52Z	ERROR	scale_handler	error getting metric for trigger	{"scaledObject.Namespace": "3pull", "scaledObject.Name": "r-3pull-worker-sample-wait-blob", "trigger": "azureServiceBusScaler", "error": "sources must contain at least one TokenCredential"}
github.com/kedacore/keda/v2/pkg/scaling.(*scaleHandler).processMetricsWithFallback
	/workspace/pkg/scaling/scale_handler.go:460
github.com/kedacore/keda/v2/pkg/scaling.(*scaleHandler).GetScaledObjectMetrics.func1
	/workspace/pkg/scaling/scale_handler.go:593
2026-03-04T18:47:52Z	ERROR	azure_servicebus_scaler	error starting azure workload-identity token provider	{"type": "ScaledObject", "namespace": "3pull", "name": "r-3pull-worker-auth-audit-export", "error": "no client ID specified. Check pod configuration or set ClientID in the options"}
github.com/kedacore/keda/v2/pkg/scalers/azure.NewChainedCredential
	/workspace/pkg/scalers/azure/azure_azidentity_chain.go:33
github.com/kedacore/keda/v2/pkg/scalers.(*azureServiceBusScaler).getServiceBusAdminClient
	/workspace/pkg/scalers/azure_servicebus_scaler.go:265
github.com/kedacore/keda/v2/pkg/scalers.(*azureServiceBusScaler).getAzureServiceBusLength
	/workspace/pkg/scalers/azure_servicebus_scaler.go:233
github.com/kedacore/keda/v2/pkg/scalers.(*azureServiceBusScaler).GetMetricsAndActivity
	/workspace/pkg/scalers/azure_servicebus_scaler.go:218
github.com/kedacore/keda/v2/pkg/scaling/cache.(*ScalersCache).GetMetricsAndActivityForScaler
	/workspace/pkg/scaling/cache/scalers_cache.go:154
github.com/kedacore/keda/v2/pkg/scaling.(*scaleHandler).GetScaledObjectMetrics.func1
	/workspace/pkg/scaling/scale_handler.go:585
2026-03-04T18:47:52Z	ERROR	azure_servicebus_scaler	error getting service bus entity length	{"type": "ScaledObject", "namespace": "3pull", "name": "r-3pull-worker-auth-audit-export", "error": "sources must contain at least one TokenCredential"}
github.com/kedacore/keda/v2/pkg/scalers.(*azureServiceBusScaler).GetMetricsAndActivity
	/workspace/pkg/scalers/azure_servicebus_scaler.go:221
github.com/kedacore/keda/v2/pkg/scaling/cache.(*ScalersCache).GetMetricsAndActivityForScaler
	/workspace/pkg/scaling/cache/scalers_cache.go:154
github.com/kedacore/keda/v2/pkg/scaling.(*scaleHandler).GetScaledObjectMetrics.func1
	/workspace/pkg/scaling/scale_handler.go:585
2026-03-04T18:47:52Z	ERROR	azure_servicebus_scaler	error starting azure workload-identity token provider	{"type": "ScaledObject", "namespace": "3pull", "name": "r-3pull-worker-auth-audit-export", "error": "no client ID specified. Check pod configuration or set ClientID in the options"}
github.com/kedacore/keda/v2/pkg/scalers/azure.NewChainedCredential
	/workspace/pkg/scalers/azure/azure_azidentity_chain.go:33
github.com/kedacore/keda/v2/pkg/scalers.(*azureServiceBusScaler).getServiceBusAdminClient
	/workspace/pkg/scalers/azure_servicebus_scaler.go:265
github.com/kedacore/keda/v2/pkg/scalers.(*azureServiceBusScaler).getAzureServiceBusLength
	/workspace/pkg/scalers/azure_servicebus_scaler.go:233
github.com/kedacore/keda/v2/pkg/scalers.(*azureServiceBusScaler).GetMetricsAndActivity
	/workspace/pkg/scalers/azure_servicebus_scaler.go:218
github.com/kedacore/keda/v2/pkg/scaling/cache.(*ScalersCache).GetMetricsAndActivityForScaler
	/workspace/pkg/scaling/cache/scalers_cache.go:164
github.com/kedacore/keda/v2/pkg/scaling.(*scaleHandler).GetScaledObjectMetrics.func1
	/workspace/pkg/scaling/scale_handler.go:585
2026-03-04T18:47:52Z	ERROR	azure_servicebus_scaler	error getting service bus entity length	{"type": "ScaledObject", "namespace": "3pull", "name": "r-3pull-worker-auth-audit-export", "error": "sources must contain at least one TokenCredential"}
github.com/kedacore/keda/v2/pkg/scalers.(*azureServiceBusScaler).GetMetricsAndActivity
	/workspace/pkg/scalers/azure_servicebus_scaler.go:221
github.com/kedacore/keda/v2/pkg/scaling/cache.(*ScalersCache).GetMetricsAndActivityForScaler
	/workspace/pkg/scaling/cache/scalers_cache.go:164
github.com/kedacore/keda/v2/pkg/scaling.(*scaleHandler).GetScaledObjectMetrics.func1
	/workspace/pkg/scaling/scale_handler.go:585
2026-03-04T18:47:52Z	ERROR	scale_handler	error getting metric for trigger	{"scaledObject.Namespace": "3pull", "scaledObject.Name": "r-3pull-worker-auth-audit-export", "trigger": "azureServiceBusScaler", "error": "sources must contain at least one TokenCredential"}
github.com/kedacore/keda/v2/pkg/scaling.(*scaleHandler).processMetricsWithFallback
	/workspace/pkg/scaling/scale_handler.go:460
github.com/kedacore/keda/v2/pkg/scaling.(*scaleHandler).GetScaledObjectMetrics.func1
	/workspace/pkg/scaling/scale_handler.go:593
2026-03-04T18:48:07Z	ERROR	azure_servicebus_scaler	error starting azure workload-identity token provider	{"type": "ScaledObject", "namespace": "3pull", "name": "r-3pull-worker-sample-wait-blob", "error": "no client ID specified. Check pod configuration or set ClientID in the options"}
github.com/kedacore/keda/v2/pkg/scalers/azure.NewChainedCredential
	/workspace/pkg/scalers/azure/azure_azidentity_chain.go:33
github.com/kedacore/keda/v2/pkg/scalers.(*azureServiceBusScaler).getServiceBusAdminClient
	/workspace/pkg/scalers/azure_servicebus_scaler.go:265
github.com/kedacore/keda/v2/pkg/scalers.(*azureServiceBusScaler).getAzureServiceBusLength
	/workspace/pkg/scalers/azure_servicebus_scaler.go:233
github.com/kedacore/keda/v2/pkg/scalers.(*azureServiceBusScaler).GetMetricsAndActivity
	/workspace/pkg/scalers/azure_servicebus_scaler.go:218
github.com/kedacore/keda/v2/pkg/scaling/cache.(*ScalersCache).GetMetricsAndActivityForScaler
	/workspace/pkg/scaling/cache/scalers_cache.go:154
github.com/kedacore/keda/v2/pkg/scaling.(*scaleHandler).GetScaledObjectMetrics.func1
	/workspace/pkg/scaling/scale_handler.go:585
2026-03-04T18:48:07Z	ERROR	azure_servicebus_scaler	error getting service bus entity length	{"type": "ScaledObject", "namespace": "3pull", "name": "r-3pull-worker-sample-wait-blob", "error": "sources must contain at least one TokenCredential"}
github.com/kedacore/keda/v2/pkg/scalers.(*azureServiceBusScaler).GetMetricsAndActivity
	/workspace/pkg/scalers/azure_servicebus_scaler.go:221
github.com/kedacore/keda/v2/pkg/scaling/cache.(*ScalersCache).GetMetricsAndActivityForScaler
	/workspace/pkg/scaling/cache/scalers_cache.go:154
github.com/kedacore/keda/v2/pkg/scaling.(*scaleHandler).GetScaledObjectMetrics.func1
	/workspace/pkg/scaling/scale_handler.go:585
2026-03-04T18:48:07Z	ERROR	azure_servicebus_scaler	error starting azure workload-identity token provider	{"type": "ScaledObject", "namespace": "3pull", "name": "r-3pull-worker-sample-wait-blob", "error": "no client ID specified. Check pod configuration or set ClientID in the options"}
github.com/kedacore/keda/v2/pkg/scalers/azure.NewChainedCredential
	/workspace/pkg/scalers/azure/azure_azidentity_chain.go:33
github.com/kedacore/keda/v2/pkg/scalers.(*azureServiceBusScaler).getServiceBusAdminClient
	/workspace/pkg/scalers/azure_servicebus_scaler.go:265
github.com/kedacore/keda/v2/pkg/scalers.(*azureServiceBusScaler).getAzureServiceBusLength
	/workspace/pkg/scalers/azure_servicebus_scaler.go:233
github.com/kedacore/keda/v2/pkg/scalers.(*azureServiceBusScaler).GetMetricsAndActivity
	/workspace/pkg/scalers/azure_servicebus_scaler.go:218
github.com/kedacore/keda/v2/pkg/scaling/cache.(*ScalersCache).GetMetricsAndActivityForScaler
	/workspace/pkg/scaling/cache/scalers_cache.go:164
github.com/kedacore/keda/v2/pkg/scaling.(*scaleHandler).GetScaledObjectMetrics.func1
	/workspace/pkg/scaling/scale_handler.go:585
2026-03-04T18:48:07Z	ERROR	azure_servicebus_scaler	error getting service bus entity length	{"type": "ScaledObject", "namespace": "3pull", "name": "r-3pull-worker-sample-wait-blob", "error": "sources must contain at least one TokenCredential"}
github.com/kedacore/keda/v2/pkg/scalers.(*azureServiceBusScaler).GetMetricsAndActivity
	/workspace/pkg/scalers/azure_servicebus_scaler.go:221
github.com/kedacore/keda/v2/pkg/scaling/cache.(*ScalersCache).GetMetricsAndActivityForScaler
	/workspace/pkg/scaling/cache/scalers_cache.go:164
github.com/kedacore/keda/v2/pkg/scaling.(*scaleHandler).GetScaledObjectMetrics.func1
	/workspace/pkg/scaling/scale_handler.go:585
2026-03-04T18:48:07Z	ERROR	scale_handler	error getting metric for trigger	{"scaledObject.Namespace": "3pull", "scaledObject.Name": "r-3pull-worker-sample-wait-blob", "trigger": "azureServiceBusScaler", "error": "sources must contain at least one TokenCredential"}
github.com/kedacore/keda/v2/pkg/scaling.(*scaleHandler).processMetricsWithFallback
	/workspace/pkg/scaling/scale_handler.go:460
github.com/kedacore/keda/v2/pkg/scaling.(*scaleHandler).GetScaledObjectMetrics.func1
	/workspace/pkg/scaling/scale_handler.go:593
2026-03-04T18:48:07Z	ERROR	azure_servicebus_scaler	error starting azure workload-identity token provider	{"type": "ScaledObject", "namespace": "3pull", "name": "r-3pull-worker-auth-audit-export", "error": "no client ID specified. Check pod configuration or set ClientID in the options"}
github.com/kedacore/keda/v2/pkg/scalers/azure.NewChainedCredential
	/workspace/pkg/scalers/azure/azure_azidentity_chain.go:33
github.com/kedacore/keda/v2/pkg/scalers.(*azureServiceBusScaler).getServiceBusAdminClient
	/workspace/pkg/scalers/azure_servicebus_scaler.go:265
github.com/kedacore/keda/v2/pkg/scalers.(*azureServiceBusScaler).getAzureServiceBusLength
	/workspace/pkg/scalers/azure_servicebus_scaler.go:233
github.com/kedacore/keda/v2/pkg/scalers.(*azureServiceBusScaler).GetMetricsAndActivity
	/workspace/pkg/scalers/azure_servicebus_scaler.go:218
github.com/kedacore/keda/v2/pkg/scaling/cache.(*ScalersCache).GetMetricsAndActivityForScaler
	/workspace/pkg/scaling/cache/scalers_cache.go:154
github.com/kedacore/keda/v2/pkg/scaling.(*scaleHandler).GetScaledObjectMetrics.func1
	/workspace/pkg/scaling/scale_handler.go:585
2026-03-04T18:48:07Z	ERROR	azure_servicebus_scaler	error getting service bus entity length	{"type": "ScaledObject", "namespace": "3pull", "name": "r-3pull-worker-auth-audit-export", "error": "sources must contain at least one TokenCredential"}
github.com/kedacore/keda/v2/pkg/scalers.(*azureServiceBusScaler).GetMetricsAndActivity
	/workspace/pkg/scalers/azure_servicebus_scaler.go:221
github.com/kedacore/keda/v2/pkg/scaling/cache.(*ScalersCache).GetMetricsAndActivityForScaler
	/workspace/pkg/scaling/cache/scalers_cache.go:154
github.com/kedacore/keda/v2/pkg/scaling.(*scaleHandler).GetScaledObjectMetrics.func1
	/workspace/pkg/scaling/scale_handler.go:585
2026-03-04T18:48:07Z	ERROR	azure_servicebus_scaler	error starting azure workload-identity token provider	{"type": "ScaledObject", "namespace": "3pull", "name": "r-3pull-worker-auth-audit-export", "error": "no client ID specified. Check pod configuration or set ClientID in the options"}
github.com/kedacore/keda/v2/pkg/scalers/azure.NewChainedCredential
	/workspace/pkg/scalers/azure/azure_azidentity_chain.go:33
github.com/kedacore/keda/v2/pkg/scalers.(*azureServiceBusScaler).getServiceBusAdminClient
	/workspace/pkg/scalers/azure_servicebus_scaler.go:265
github.com/kedacore/keda/v2/pkg/scalers.(*azureServiceBusScaler).getAzureServiceBusLength
	/workspace/pkg/scalers/azure_servicebus_scaler.go:233
github.com/kedacore/keda/v2/pkg/scalers.(*azureServiceBusScaler).GetMetricsAndActivity
	/workspace/pkg/scalers/azure_servicebus_scaler.go:218
github.com/kedacore/keda/v2/pkg/scaling/cache.(*ScalersCache).GetMetricsAndActivityForScaler
	/workspace/pkg/scaling/cache/scalers_cache.go:164
github.com/kedacore/keda/v2/pkg/scaling.(*scaleHandler).GetScaledObjectMetrics.func1
	/workspace/pkg/scaling/scale_handler.go:585
2026-03-04T18:48:07Z	ERROR	azure_servicebus_scaler	error getting service bus entity length	{"type": "ScaledObject", "namespace": "3pull", "name": "r-3pull-worker-auth-audit-export", "error": "sources must contain at least one TokenCredential"}
github.com/kedacore/keda/v2/pkg/scalers.(*azureServiceBusScaler).GetMetricsAndActivity
	/workspace/pkg/scalers/azure_servicebus_scaler.go:221
github.com/kedacore/keda/v2/pkg/scaling/cache.(*ScalersCache).GetMetricsAndActivityForScaler
	/workspace/pkg/scaling/cache/scalers_cache.go:164
github.com/kedacore/keda/v2/pkg/scaling.(*scaleHandler).GetScaledObjectMetrics.func1
	/workspace/pkg/scaling/scale_handler.go:585
2026-03-04T18:48:07Z	ERROR	scale_handler	error getting metric for trigger	{"scaledObject.Namespace": "3pull", "scaledObject.Name": "r-3pull-worker-auth-audit-export", "trigger": "azureServiceBusScaler", "error": "sources must contain at least one TokenCredential"}
github.com/kedacore/keda/v2/pkg/scaling.(*scaleHandler).processMetricsWithFallback
	/workspace/pkg/scaling/scale_handler.go:460
github.com/kedacore/keda/v2/pkg/scaling.(*scaleHandler).GetScaledObjectMetrics.func1
	/workspace/pkg/scaling/scale_handler.go:593
2026-03-04T18:48:21Z	ERROR	azure_servicebus_scaler	error starting azure workload-identity token provider	{"type": "ScaledObject", "namespace": "3pull", "name": "r-3pull-worker-auth-audit-export", "error": "no client ID specified. Check pod configuration or set ClientID in the options"}
github.com/kedacore/keda/v2/pkg/scalers/azure.NewChainedCredential
	/workspace/pkg/scalers/azure/azure_azidentity_chain.go:33
github.com/kedacore/keda/v2/pkg/scalers.(*azureServiceBusScaler).getServiceBusAdminClient
	/workspace/pkg/scalers/azure_servicebus_scaler.go:265
github.com/kedacore/keda/v2/pkg/scalers.(*azureServiceBusScaler).getAzureServiceBusLength
	/workspace/pkg/scalers/azure_servicebus_scaler.go:233
github.com/kedacore/keda/v2/pkg/scalers.(*azureServiceBusScaler).GetMetricsAndActivity
	/workspace/pkg/scalers/azure_servicebus_scaler.go:218
github.com/kedacore/keda/v2/pkg/scaling/cache.(*ScalersCache).GetMetricsAndActivityForScaler
	/workspace/pkg/scaling/cache/scalers_cache.go:154
github.com/kedacore/keda/v2/pkg/scaling.(*scaleHandler).getScalerState
	/workspace/pkg/scaling/scale_handler.go:837
github.com/kedacore/keda/v2/pkg/scaling.(*scaleHandler).getScaledObjectState.func1
	/workspace/pkg/scaling/scale_handler.go:714
2026-03-04T18:48:21Z	ERROR	azure_servicebus_scaler	error getting service bus entity length	{"type": "ScaledObject", "namespace": "3pull", "name": "r-3pull-worker-auth-audit-export", "error": "sources must contain at least one TokenCredential"}
github.com/kedacore/keda/v2/pkg/scalers.(*azureServiceBusScaler).GetMetricsAndActivity
	/workspace/pkg/scalers/azure_servicebus_scaler.go:221
github.com/kedacore/keda/v2/pkg/scaling/cache.(*ScalersCache).GetMetricsAndActivityForScaler
	/workspace/pkg/scaling/cache/scalers_cache.go:154
github.com/kedacore/keda/v2/pkg/scaling.(*scaleHandler).getScalerState
	/workspace/pkg/scaling/scale_handler.go:837
github.com/kedacore/keda/v2/pkg/scaling.(*scaleHandler).getScaledObjectState.func1
	/workspace/pkg/scaling/scale_handler.go:714
2026-03-04T18:48:21Z	ERROR	azure_servicebus_scaler	error starting azure workload-identity token provider	{"type": "ScaledObject", "namespace": "3pull", "name": "r-3pull-worker-auth-audit-export", "error": "no client ID specified. Check pod configuration or set ClientID in the options"}
github.com/kedacore/keda/v2/pkg/scalers/azure.NewChainedCredential
	/workspace/pkg/scalers/azure/azure_azidentity_chain.go:33
github.com/kedacore/keda/v2/pkg/scalers.(*azureServiceBusScaler).getServiceBusAdminClient
	/workspace/pkg/scalers/azure_servicebus_scaler.go:265
github.com/kedacore/keda/v2/pkg/scalers.(*azureServiceBusScaler).getAzureServiceBusLength
	/workspace/pkg/scalers/azure_servicebus_scaler.go:233
github.com/kedacore/keda/v2/pkg/scalers.(*azureServiceBusScaler).GetMetricsAndActivity
	/workspace/pkg/scalers/azure_servicebus_scaler.go:218
github.com/kedacore/keda/v2/pkg/scaling/cache.(*ScalersCache).GetMetricsAndActivityForScaler
	/workspace/pkg/scaling/cache/scalers_cache.go:164
github.com/kedacore/keda/v2/pkg/scaling.(*scaleHandler).getScalerState
	/workspace/pkg/scaling/scale_handler.go:837
github.com/kedacore/keda/v2/pkg/scaling.(*scaleHandler).getScaledObjectState.func1
	/workspace/pkg/scaling/scale_handler.go:714
2026-03-04T18:48:21Z	ERROR	azure_servicebus_scaler	error getting service bus entity length	{"type": "ScaledObject", "namespace": "3pull", "name": "r-3pull-worker-auth-audit-export", "error": "sources must contain at least one TokenCredential"}
github.com/kedacore/keda/v2/pkg/scalers.(*azureServiceBusScaler).GetMetricsAndActivity
	/workspace/pkg/scalers/azure_servicebus_scaler.go:221
github.com/kedacore/keda/v2/pkg/scaling/cache.(*ScalersCache).GetMetricsAndActivityForScaler
	/workspace/pkg/scaling/cache/scalers_cache.go:164
github.com/kedacore/keda/v2/pkg/scaling.(*scaleHandler).getScalerState
	/workspace/pkg/scaling/scale_handler.go:837
github.com/kedacore/keda/v2/pkg/scaling.(*scaleHandler).getScaledObjectState.func1
	/workspace/pkg/scaling/scale_handler.go:714
2026-03-04T18:48:21Z	ERROR	scale_handler	error getting metric for trigger	{"scaledObject.Namespace": "3pull", "scaledObject.Name": "r-3pull-worker-auth-audit-export", "trigger": "azureServiceBusScaler", "error": "sources must contain at least one TokenCredential"}
github.com/kedacore/keda/v2/pkg/scaling.(*scaleHandler).processMetricsWithFallback
	/workspace/pkg/scaling/scale_handler.go:460
github.com/kedacore/keda/v2/pkg/scaling.(*scaleHandler).getScalerState
	/workspace/pkg/scaling/scale_handler.go:845
github.com/kedacore/keda/v2/pkg/scaling.(*scaleHandler).getScaledObjectState.func1
	/workspace/pkg/scaling/scale_handler.go:714
2026-03-04T18:48:21Z	ERROR	scale_handler	error getting scale decision	{"scaledObject.Namespace": "3pull", "scaledObject.Name": "r-3pull-worker-auth-audit-export", "scaler": "azureServiceBusScaler", "error": "sources must contain at least one TokenCredential"}
github.com/kedacore/keda/v2/pkg/scaling.(*scaleHandler).getScalerState
	/workspace/pkg/scaling/scale_handler.go:872
github.com/kedacore/keda/v2/pkg/scaling.(*scaleHandler).getScaledObjectState.func1
	/workspace/pkg/scaling/scale_handler.go:714
2026-03-04T18:48:21Z	ERROR	azure_servicebus_scaler	error starting azure workload-identity token provider	{"type": "ScaledObject", "namespace": "3pull", "name": "r-3pull-worker-sample-wait-blob", "error": "no client ID specified. Check pod configuration or set ClientID in the options"}
github.com/kedacore/keda/v2/pkg/scalers/azure.NewChainedCredential
	/workspace/pkg/scalers/azure/azure_azidentity_chain.go:33
github.com/kedacore/keda/v2/pkg/scalers.(*azureServiceBusScaler).getServiceBusAdminClient
	/workspace/pkg/scalers/azure_servicebus_scaler.go:265
github.com/kedacore/keda/v2/pkg/scalers.(*azureServiceBusScaler).getAzureServiceBusLength
	/workspace/pkg/scalers/azure_servicebus_scaler.go:233
github.com/kedacore/keda/v2/pkg/scalers.(*azureServiceBusScaler).GetMetricsAndActivity
	/workspace/pkg/scalers/azure_servicebus_scaler.go:218
github.com/kedacore/keda/v2/pkg/scaling/cache.(*ScalersCache).GetMetricsAndActivityForScaler
	/workspace/pkg/scaling/cache/scalers_cache.go:154
github.com/kedacore/keda/v2/pkg/scaling.(*scaleHandler).getScalerState
	/workspace/pkg/scaling/scale_handler.go:837
github.com/kedacore/keda/v2/pkg/scaling.(*scaleHandler).getScaledObjectState.func1
	/workspace/pkg/scaling/scale_handler.go:714
2026-03-04T18:48:21Z	ERROR	azure_servicebus_scaler	error getting service bus entity length	{"type": "ScaledObject", "namespace": "3pull", "name": "r-3pull-worker-sample-wait-blob", "error": "sources must contain at least one TokenCredential"}
github.com/kedacore/keda/v2/pkg/scalers.(*azureServiceBusScaler).GetMetricsAndActivity
	/workspace/pkg/scalers/azure_servicebus_scaler.go:221
github.com/kedacore/keda/v2/pkg/scaling/cache.(*ScalersCache).GetMetricsAndActivityForScaler
	/workspace/pkg/scaling/cache/scalers_cache.go:154
github.com/kedacore/keda/v2/pkg/scaling.(*scaleHandler).getScalerState
	/workspace/pkg/scaling/scale_handler.go:837
github.com/kedacore/keda/v2/pkg/scaling.(*scaleHandler).getScaledObjectState.func1
	/workspace/pkg/scaling/scale_handler.go:714
2026-03-04T18:48:21Z	ERROR	azure_servicebus_scaler	error starting azure workload-identity token provider	{"type": "ScaledObject", "namespace": "3pull", "name": "r-3pull-worker-sample-wait-blob", "error": "no client ID specified. Check pod configuration or set ClientID in the options"}
github.com/kedacore/keda/v2/pkg/scalers/azure.NewChainedCredential
	/workspace/pkg/scalers/azure/azure_azidentity_chain.go:33
github.com/kedacore/keda/v2/pkg/scalers.(*azureServiceBusScaler).getServiceBusAdminClient
	/workspace/pkg/scalers/azure_servicebus_scaler.go:265
github.com/kedacore/keda/v2/pkg/scalers.(*azureServiceBusScaler).getAzureServiceBusLength
	/workspace/pkg/scalers/azure_servicebus_scaler.go:233
github.com/kedacore/keda/v2/pkg/scalers.(*azureServiceBusScaler).GetMetricsAndActivity
	/workspace/pkg/scalers/azure_servicebus_scaler.go:218
github.com/kedacore/keda/v2/pkg/scaling/cache.(*ScalersCache).GetMetricsAndActivityForScaler
	/workspace/pkg/scaling/cache/scalers_cache.go:164
github.com/kedacore/keda/v2/pkg/scaling.(*scaleHandler).getScalerState
	/workspace/pkg/scaling/scale_handler.go:837
github.com/kedacore/keda/v2/pkg/scaling.(*scaleHandler).getScaledObjectState.func1
	/workspace/pkg/scaling/scale_handler.go:714
2026-03-04T18:48:21Z	ERROR	azure_servicebus_scaler	error getting service bus entity length	{"type": "ScaledObject", "namespace": "3pull", "name": "r-3pull-worker-sample-wait-blob", "error": "sources must contain at least one TokenCredential"}
github.com/kedacore/keda/v2/pkg/scalers.(*azureServiceBusScaler).GetMetricsAndActivity
	/workspace/pkg/scalers/azure_servicebus_scaler.go:221
github.com/kedacore/keda/v2/pkg/scaling/cache.(*ScalersCache).GetMetricsAndActivityForScaler
	/workspace/pkg/scaling/cache/scalers_cache.go:164
github.com/kedacore/keda/v2/pkg/scaling.(*scaleHandler).getScalerState
	/workspace/pkg/scaling/scale_handler.go:837
github.com/kedacore/keda/v2/pkg/scaling.(*scaleHandler).getScaledObjectState.func1
	/workspace/pkg/scaling/scale_handler.go:714
2026-03-04T18:48:21Z	ERROR	scale_handler	error getting metric for trigger	{"scaledObject.Namespace": "3pull", "scaledObject.Name": "r-3pull-worker-sample-wait-blob", "trigger": "azureServiceBusScaler", "error": "sources must contain at least one TokenCredential"}
github.com/kedacore/keda/v2/pkg/scaling.(*scaleHandler).processMetricsWithFallback
	/workspace/pkg/scaling/scale_handler.go:460
github.com/kedacore/keda/v2/pkg/scaling.(*scaleHandler).getScalerState
	/workspace/pkg/scaling/scale_handler.go:845
github.com/kedacore/keda/v2/pkg/scaling.(*scaleHandler).getScaledObjectState.func1
	/workspace/pkg/scaling/scale_handler.go:714
2026-03-04T18:48:21Z	ERROR	scale_handler	error getting scale decision	{"scaledObject.Namespace": "3pull", "scaledObject.Name": "r-3pull-worker-sample-wait-blob", "scaler": "azureServiceBusScaler", "error": "sources must contain at least one TokenCredential"}
github.com/kedacore/keda/v2/pkg/scaling.(*scaleHandler).getScalerState
	/workspace/pkg/scaling/scale_handler.go:872
github.com/kedacore/keda/v2/pkg/scaling.(*scaleHandler).getScaledObjectState.func1
	/workspace/pkg/scaling/scale_handler.go:714
2026-03-04T18:48:22Z	ERROR	azure_servicebus_scaler	error starting azure workload-identity token provider	{"type": "ScaledObject", "namespace": "3pull", "name": "r-3pull-worker-sample-wait-blob", "error": "no client ID specified. Check pod configuration or set ClientID in the options"}
github.com/kedacore/keda/v2/pkg/scalers/azure.NewChainedCredential
	/workspace/pkg/scalers/azure/azure_azidentity_chain.go:33
github.com/kedacore/keda/v2/pkg/scalers.(*azureServiceBusScaler).getServiceBusAdminClient
	/workspace/pkg/scalers/azure_servicebus_scaler.go:265
github.com/kedacore/keda/v2/pkg/scalers.(*azureServiceBusScaler).getAzureServiceBusLength
	/workspace/pkg/scalers/azure_servicebus_scaler.go:233
github.com/kedacore/keda/v2/pkg/scalers.(*azureServiceBusScaler).GetMetricsAndActivity
	/workspace/pkg/scalers/azure_servicebus_scaler.go:218
github.com/kedacore/keda/v2/pkg/scaling/cache.(*ScalersCache).GetMetricsAndActivityForScaler
	/workspace/pkg/scaling/cache/scalers_cache.go:154
github.com/kedacore/keda/v2/pkg/scaling.(*scaleHandler).GetScaledObjectMetrics.func1
	/workspace/pkg/scaling/scale_handler.go:585
2026-03-04T18:48:22Z	ERROR	azure_servicebus_scaler	error getting service bus entity length	{"type": "ScaledObject", "namespace": "3pull", "name": "r-3pull-worker-sample-wait-blob", "error": "sources must contain at least one TokenCredential"}
github.com/kedacore/keda/v2/pkg/scalers.(*azureServiceBusScaler).GetMetricsAndActivity
	/workspace/pkg/scalers/azure_servicebus_scaler.go:221
github.com/kedacore/keda/v2/pkg/scaling/cache.(*ScalersCache).GetMetricsAndActivityForScaler
	/workspace/pkg/scaling/cache/scalers_cache.go:154
github.com/kedacore/keda/v2/pkg/scaling.(*scaleHandler).GetScaledObjectMetrics.func1
	/workspace/pkg/scaling/scale_handler.go:585
2026-03-04T18:48:22Z	ERROR	azure_servicebus_scaler	error starting azure workload-identity token provider	{"type": "ScaledObject", "namespace": "3pull", "name": "r-3pull-worker-sample-wait-blob", "error": "no client ID specified. Check pod configuration or set ClientID in the options"}
github.com/kedacore/keda/v2/pkg/scalers/azure.NewChainedCredential
	/workspace/pkg/scalers/azure/azure_azidentity_chain.go:33
github.com/kedacore/keda/v2/pkg/scalers.(*azureServiceBusScaler).getServiceBusAdminClient
	/workspace/pkg/scalers/azure_servicebus_scaler.go:265
github.com/kedacore/keda/v2/pkg/scalers.(*azureServiceBusScaler).getAzureServiceBusLength
	/workspace/pkg/scalers/azure_servicebus_scaler.go:233
github.com/kedacore/keda/v2/pkg/scalers.(*azureServiceBusScaler).GetMetricsAndActivity
	/workspace/pkg/scalers/azure_servicebus_scaler.go:218
github.com/kedacore/keda/v2/pkg/scaling/cache.(*ScalersCache).GetMetricsAndActivityForScaler
	/workspace/pkg/scaling/cache/scalers_cache.go:164
github.com/kedacore/keda/v2/pkg/scaling.(*scaleHandler).GetScaledObjectMetrics.func1
	/workspace/pkg/scaling/scale_handler.go:585
2026-03-04T18:48:22Z	ERROR	azure_servicebus_scaler	error getting service bus entity length	{"type": "ScaledObject", "namespace": "3pull", "name": "r-3pull-worker-sample-wait-blob", "error": "sources must contain at least one TokenCredential"}
github.com/kedacore/keda/v2/pkg/scalers.(*azureServiceBusScaler).GetMetricsAndActivity
	/workspace/pkg/scalers/azure_servicebus_scaler.go:221
github.com/kedacore/keda/v2/pkg/scaling/cache.(*ScalersCache).GetMetricsAndActivityForScaler
	/workspace/pkg/scaling/cache/scalers_cache.go:164
github.com/kedacore/keda/v2/pkg/scaling.(*scaleHandler).GetScaledObjectMetrics.func1
	/workspace/pkg/scaling/scale_handler.go:585
2026-03-04T18:48:22Z	ERROR	scale_handler	error getting metric for trigger	{"scaledObject.Namespace": "3pull", "scaledObject.Name": "r-3pull-worker-sample-wait-blob", "trigger": "azureServiceBusScaler", "error": "sources must contain at least one TokenCredential"}
github.com/kedacore/keda/v2/pkg/scaling.(*scaleHandler).processMetricsWithFallback
	/workspace/pkg/scaling/scale_handler.go:460
github.com/kedacore/keda/v2/pkg/scaling.(*scaleHandler).GetScaledObjectMetrics.func1
	/workspace/pkg/scaling/scale_handler.go:593
2026-03-04T18:48:22Z	ERROR	azure_servicebus_scaler	error starting azure workload-identity token provider	{"type": "ScaledObject", "namespace": "3pull", "name": "r-3pull-worker-auth-audit-export", "error": "no client ID specified. Check pod configuration or set ClientID in the options"}
github.com/kedacore/keda/v2/pkg/scalers/azure.NewChainedCredential
	/workspace/pkg/scalers/azure/azure_azidentity_chain.go:33
github.com/kedacore/keda/v2/pkg/scalers.(*azureServiceBusScaler).getServiceBusAdminClient
	/workspace/pkg/scalers/azure_servicebus_scaler.go:265
github.com/kedacore/keda/v2/pkg/scalers.(*azureServiceBusScaler).getAzureServiceBusLength
	/workspace/pkg/scalers/azure_servicebus_scaler.go:233
github.com/kedacore/keda/v2/pkg/scalers.(*azureServiceBusScaler).GetMetricsAndActivity
	/workspace/pkg/scalers/azure_servicebus_scaler.go:218
github.com/kedacore/keda/v2/pkg/scaling/cache.(*ScalersCache).GetMetricsAndActivityForScaler
	/workspace/pkg/scaling/cache/scalers_cache.go:154
github.com/kedacore/keda/v2/pkg/scaling.(*scaleHandler).GetScaledObjectMetrics.func1
	/workspace/pkg/scaling/scale_handler.go:585
2026-03-04T18:48:22Z	ERROR	azure_servicebus_scaler	error getting service bus entity length	{"type": "ScaledObject", "namespace": "3pull", "name": "r-3pull-worker-auth-audit-export", "error": "sources must contain at least one TokenCredential"}
github.com/kedacore/keda/v2/pkg/scalers.(*azureServiceBusScaler).GetMetricsAndActivity
	/workspace/pkg/scalers/azure_servicebus_scaler.go:221
github.com/kedacore/keda/v2/pkg/scaling/cache.(*ScalersCache).GetMetricsAndActivityForScaler
	/workspace/pkg/scaling/cache/scalers_cache.go:154
github.com/kedacore/keda/v2/pkg/scaling.(*scaleHandler).GetScaledObjectMetrics.func1
	/workspace/pkg/scaling/scale_handler.go:585
2026-03-04T18:48:22Z	ERROR	azure_servicebus_scaler	error starting azure workload-identity token provider	{"type": "ScaledObject", "namespace": "3pull", "name": "r-3pull-worker-auth-audit-export", "error": "no client ID specified. Check pod configuration or set ClientID in the options"}
github.com/kedacore/keda/v2/pkg/scalers/azure.NewChainedCredential
	/workspace/pkg/scalers/azure/azure_azidentity_chain.go:33
github.com/kedacore/keda/v2/pkg/scalers.(*azureServiceBusScaler).getServiceBusAdminClient
	/workspace/pkg/scalers/azure_servicebus_scaler.go:265
github.com/kedacore/keda/v2/pkg/scalers.(*azureServiceBusScaler).getAzureServiceBusLength
	/workspace/pkg/scalers/azure_servicebus_scaler.go:233
github.com/kedacore/keda/v2/pkg/scalers.(*azureServiceBusScaler).GetMetricsAndActivity
	/workspace/pkg/scalers/azure_servicebus_scaler.go:218
github.com/kedacore/keda/v2/pkg/scaling/cache.(*ScalersCache).GetMetricsAndActivityForScaler
	/workspace/pkg/scaling/cache/scalers_cache.go:164
github.com/kedacore/keda/v2/pkg/scaling.(*scaleHandler).GetScaledObjectMetrics.func1
	/workspace/pkg/scaling/scale_handler.go:585
2026-03-04T18:48:22Z	ERROR	azure_servicebus_scaler	error getting service bus entity length	{"type": "ScaledObject", "namespace": "3pull", "name": "r-3pull-worker-auth-audit-export", "error": "sources must contain at least one TokenCredential"}
github.com/kedacore/keda/v2/pkg/scalers.(*azureServiceBusScaler).GetMetricsAndActivity
	/workspace/pkg/scalers/azure_servicebus_scaler.go:221
github.com/kedacore/keda/v2/pkg/scaling/cache.(*ScalersCache).GetMetricsAndActivityForScaler
	/workspace/pkg/scaling/cache/scalers_cache.go:164
github.com/kedacore/keda/v2/pkg/scaling.(*scaleHandler).GetScaledObjectMetrics.func1
	/workspace/pkg/scaling/scale_handler.go:585
2026-03-04T18:48:22Z	ERROR	scale_handler	error getting metric for trigger	{"scaledObject.Namespace": "3pull", "scaledObject.Name": "r-3pull-worker-auth-audit-export", "trigger": "azureServiceBusScaler", "error": "sources must contain at least one TokenCredential"}
github.com/kedacore/keda/v2/pkg/scaling.(*scaleHandler).processMetricsWithFallback
	/workspace/pkg/scaling/scale_handler.go:460
github.com/kedacore/keda/v2/pkg/scaling.(*scaleHandler).GetScaledObjectMetrics.func1
	/workspace/pkg/scaling/scale_handler.go:593
2026-03-04T18:48:37Z	ERROR	azure_servicebus_scaler	error starting azure workload-identity token provider	{"type": "ScaledObject", "namespace": "3pull", "name": "r-3pull-worker-sample-wait-blob", "error": "no client ID specified. Check pod configuration or set ClientID in the options"}
github.com/kedacore/keda/v2/pkg/scalers/azure.NewChainedCredential
	/workspace/pkg/scalers/azure/azure_azidentity_chain.go:33
github.com/kedacore/keda/v2/pkg/scalers.(*azureServiceBusScaler).getServiceBusAdminClient
	/workspace/pkg/scalers/azure_servicebus_scaler.go:265
github.com/kedacore/keda/v2/pkg/scalers.(*azureServiceBusScaler).getAzureServiceBusLength
	/workspace/pkg/scalers/azure_servicebus_scaler.go:233
github.com/kedacore/keda/v2/pkg/scalers.(*azureServiceBusScaler).GetMetricsAndActivity
	/workspace/pkg/scalers/azure_servicebus_scaler.go:218
github.com/kedacore/keda/v2/pkg/scaling/cache.(*ScalersCache).GetMetricsAndActivityForScaler
	/workspace/pkg/scaling/cache/scalers_cache.go:154
github.com/kedacore/keda/v2/pkg/scaling.(*scaleHandler).GetScaledObjectMetrics.func1
	/workspace/pkg/scaling/scale_handler.go:585
2026-03-04T18:48:37Z	ERROR	azure_servicebus_scaler	error getting service bus entity length	{"type": "ScaledObject", "namespace": "3pull", "name": "r-3pull-worker-sample-wait-blob", "error": "sources must contain at least one TokenCredential"}
github.com/kedacore/keda/v2/pkg/scalers.(*azureServiceBusScaler).GetMetricsAndActivity
	/workspace/pkg/scalers/azure_servicebus_scaler.go:221
github.com/kedacore/keda/v2/pkg/scaling/cache.(*ScalersCache).GetMetricsAndActivityForScaler
	/workspace/pkg/scaling/cache/scalers_cache.go:154
github.com/kedacore/keda/v2/pkg/scaling.(*scaleHandler).GetScaledObjectMetrics.func1
	/workspace/pkg/scaling/scale_handler.go:585
2026-03-04T18:48:37Z	ERROR	azure_servicebus_scaler	error starting azure workload-identity token provider	{"type": "ScaledObject", "namespace": "3pull", "name": "r-3pull-worker-sample-wait-blob", "error": "no client ID specified. Check pod configuration or set ClientID in the options"}
github.com/kedacore/keda/v2/pkg/scalers/azure.NewChainedCredential
	/workspace/pkg/scalers/azure/azure_azidentity_chain.go:33
github.com/kedacore/keda/v2/pkg/scalers.(*azureServiceBusScaler).getServiceBusAdminClient
	/workspace/pkg/scalers/azure_servicebus_scaler.go:265
github.com/kedacore/keda/v2/pkg/scalers.(*azureServiceBusScaler).getAzureServiceBusLength
	/workspace/pkg/scalers/azure_servicebus_scaler.go:233
github.com/kedacore/keda/v2/pkg/scalers.(*azureServiceBusScaler).GetMetricsAndActivity
	/workspace/pkg/scalers/azure_servicebus_scaler.go:218
github.com/kedacore/keda/v2/pkg/scaling/cache.(*ScalersCache).GetMetricsAndActivityForScaler
	/workspace/pkg/scaling/cache/scalers_cache.go:164
github.com/kedacore/keda/v2/pkg/scaling.(*scaleHandler).GetScaledObjectMetrics.func1
	/workspace/pkg/scaling/scale_handler.go:585
2026-03-04T18:48:37Z	ERROR	azure_servicebus_scaler	error getting service bus entity length	{"type": "ScaledObject", "namespace": "3pull", "name": "r-3pull-worker-sample-wait-blob", "error": "sources must contain at least one TokenCredential"}
github.com/kedacore/keda/v2/pkg/scalers.(*azureServiceBusScaler).GetMetricsAndActivity
	/workspace/pkg/scalers/azure_servicebus_scaler.go:221
github.com/kedacore/keda/v2/pkg/scaling/cache.(*ScalersCache).GetMetricsAndActivityForScaler
	/workspace/pkg/scaling/cache/scalers_cache.go:164
github.com/kedacore/keda/v2/pkg/scaling.(*scaleHandler).GetScaledObjectMetrics.func1
	/workspace/pkg/scaling/scale_handler.go:585
2026-03-04T18:48:37Z	ERROR	scale_handler	error getting metric for trigger	{"scaledObject.Namespace": "3pull", "scaledObject.Name": "r-3pull-worker-sample-wait-blob", "trigger": "azureServiceBusScaler", "error": "sources must contain at least one TokenCredential"}
github.com/kedacore/keda/v2/pkg/scaling.(*scaleHandler).processMetricsWithFallback
	/workspace/pkg/scaling/scale_handler.go:460
github.com/kedacore/keda/v2/pkg/scaling.(*scaleHandler).GetScaledObjectMetrics.func1
	/workspace/pkg/scaling/scale_handler.go:593
2026-03-04T18:48:37Z	ERROR	azure_servicebus_scaler	error starting azure workload-identity token provider	{"type": "ScaledObject", "namespace": "3pull", "name": "r-3pull-worker-auth-audit-export", "error": "no client ID specified. Check pod configuration or set ClientID in the options"}
github.com/kedacore/keda/v2/pkg/scalers/azure.NewChainedCredential
	/workspace/pkg/scalers/azure/azure_azidentity_chain.go:33
github.com/kedacore/keda/v2/pkg/scalers.(*azureServiceBusScaler).getServiceBusAdminClient
	/workspace/pkg/scalers/azure_servicebus_scaler.go:265
github.com/kedacore/keda/v2/pkg/scalers.(*azureServiceBusScaler).getAzureServiceBusLength
	/workspace/pkg/scalers/azure_servicebus_scaler.go:233
github.com/kedacore/keda/v2/pkg/scalers.(*azureServiceBusScaler).GetMetricsAndActivity
	/workspace/pkg/scalers/azure_servicebus_scaler.go:218
github.com/kedacore/keda/v2/pkg/scaling/cache.(*ScalersCache).GetMetricsAndActivityForScaler
	/workspace/pkg/scaling/cache/scalers_cache.go:154
github.com/kedacore/keda/v2/pkg/scaling.(*scaleHandler).GetScaledObjectMetrics.func1
	/workspace/pkg/scaling/scale_handler.go:585
2026-03-04T18:48:37Z	ERROR	azure_servicebus_scaler	error getting service bus entity length	{"type": "ScaledObject", "namespace": "3pull", "name": "r-3pull-worker-auth-audit-export", "error": "sources must contain at least one TokenCredential"}
github.com/kedacore/keda/v2/pkg/scalers.(*azureServiceBusScaler).GetMetricsAndActivity
	/workspace/pkg/scalers/azure_servicebus_scaler.go:221
github.com/kedacore/keda/v2/pkg/scaling/cache.(*ScalersCache).GetMetricsAndActivityForScaler
	/workspace/pkg/scaling/cache/scalers_cache.go:154
github.com/kedacore/keda/v2/pkg/scaling.(*scaleHandler).GetScaledObjectMetrics.func1
	/workspace/pkg/scaling/scale_handler.go:585
2026-03-04T18:48:37Z	ERROR	azure_servicebus_scaler	error starting azure workload-identity token provider	{"type": "ScaledObject", "namespace": "3pull", "name": "r-3pull-worker-auth-audit-export", "error": "no client ID specified. Check pod configuration or set ClientID in the options"}
github.com/kedacore/keda/v2/pkg/scalers/azure.NewChainedCredential
	/workspace/pkg/scalers/azure/azure_azidentity_chain.go:33
github.com/kedacore/keda/v2/pkg/scalers.(*azureServiceBusScaler).getServiceBusAdminClient
	/workspace/pkg/scalers/azure_servicebus_scaler.go:265
github.com/kedacore/keda/v2/pkg/scalers.(*azureServiceBusScaler).getAzureServiceBusLength
	/workspace/pkg/scalers/azure_servicebus_scaler.go:233
github.com/kedacore/keda/v2/pkg/scalers.(*azureServiceBusScaler).GetMetricsAndActivity
	/workspace/pkg/scalers/azure_servicebus_scaler.go:218
github.com/kedacore/keda/v2/pkg/scaling/cache.(*ScalersCache).GetMetricsAndActivityForScaler
	/workspace/pkg/scaling/cache/scalers_cache.go:164
github.com/kedacore/keda/v2/pkg/scaling.(*scaleHandler).GetScaledObjectMetrics.func1
	/workspace/pkg/scaling/scale_handler.go:585
2026-03-04T18:48:37Z	ERROR	azure_servicebus_scaler	error getting service bus entity length	{"type": "ScaledObject", "namespace": "3pull", "name": "r-3pull-worker-auth-audit-export", "error": "sources must contain at least one TokenCredential"}
github.com/kedacore/keda/v2/pkg/scalers.(*azureServiceBusScaler).GetMetricsAndActivity
	/workspace/pkg/scalers/azure_servicebus_scaler.go:221
github.com/kedacore/keda/v2/pkg/scaling/cache.(*ScalersCache).GetMetricsAndActivityForScaler
	/workspace/pkg/scaling/cache/scalers_cache.go:164
github.com/kedacore/keda/v2/pkg/scaling.(*scaleHandler).GetScaledObjectMetrics.func1
	/workspace/pkg/scaling/scale_handler.go:585
2026-03-04T18:48:37Z	ERROR	scale_handler	error getting metric for trigger	{"scaledObject.Namespace": "3pull", "scaledObject.Name": "r-3pull-worker-auth-audit-export", "trigger": "azureServiceBusScaler", "error": "sources must contain at least one TokenCredential"}
github.com/kedacore/keda/v2/pkg/scaling.(*scaleHandler).processMetricsWithFallback
	/workspace/pkg/scaling/scale_handler.go:460
github.com/kedacore/keda/v2/pkg/scaling.(*scaleHandler).GetScaledObjectMetrics.func1
	/workspace/pkg/scaling/scale_handler.go:593
2026-03-04T18:48:51Z	ERROR	azure_servicebus_scaler	error starting azure workload-identity token provider	{"type": "ScaledObject", "namespace": "3pull", "name": "r-3pull-worker-auth-audit-export", "error": "no client ID specified. Check pod configuration or set ClientID in the options"}
github.com/kedacore/keda/v2/pkg/scalers/azure.NewChainedCredential
	/workspace/pkg/scalers/azure/azure_azidentity_chain.go:33
github.com/kedacore/keda/v2/pkg/scalers.(*azureServiceBusScaler).getServiceBusAdminClient
	/workspace/pkg/scalers/azure_servicebus_scaler.go:265
github.com/kedacore/keda/v2/pkg/scalers.(*azureServiceBusScaler).getAzureServiceBusLength
	/workspace/pkg/scalers/azure_servicebus_scaler.go:233
github.com/kedacore/keda/v2/pkg/scalers.(*azureServiceBusScaler).GetMetricsAndActivity
	/workspace/pkg/scalers/azure_servicebus_scaler.go:218
github.com/kedacore/keda/v2/pkg/scaling/cache.(*ScalersCache).GetMetricsAndActivityForScaler
	/workspace/pkg/scaling/cache/scalers_cache.go:154
github.com/kedacore/keda/v2/pkg/scaling.(*scaleHandler).getScalerState
	/workspace/pkg/scaling/scale_handler.go:837
github.com/kedacore/keda/v2/pkg/scaling.(*scaleHandler).getScaledObjectState.func1
	/workspace/pkg/scaling/scale_handler.go:714
2026-03-04T18:48:51Z	ERROR	azure_servicebus_scaler	error getting service bus entity length	{"type": "ScaledObject", "namespace": "3pull", "name": "r-3pull-worker-auth-audit-export", "error": "sources must contain at least one TokenCredential"}
github.com/kedacore/keda/v2/pkg/scalers.(*azureServiceBusScaler).GetMetricsAndActivity
	/workspace/pkg/scalers/azure_servicebus_scaler.go:221
github.com/kedacore/keda/v2/pkg/scaling/cache.(*ScalersCache).GetMetricsAndActivityForScaler
	/workspace/pkg/scaling/cache/scalers_cache.go:154
github.com/kedacore/keda/v2/pkg/scaling.(*scaleHandler).getScalerState
	/workspace/pkg/scaling/scale_handler.go:837
github.com/kedacore/keda/v2/pkg/scaling.(*scaleHandler).getScaledObjectState.func1
	/workspace/pkg/scaling/scale_handler.go:714
2026-03-04T18:48:51Z	ERROR	azure_servicebus_scaler	error starting azure workload-identity token provider	{"type": "ScaledObject", "namespace": "3pull", "name": "r-3pull-worker-auth-audit-export", "error": "no client ID specified. Check pod configuration or set ClientID in the options"}
github.com/kedacore/keda/v2/pkg/scalers/azure.NewChainedCredential
	/workspace/pkg/scalers/azure/azure_azidentity_chain.go:33
github.com/kedacore/keda/v2/pkg/scalers.(*azureServiceBusScaler).getServiceBusAdminClient
	/workspace/pkg/scalers/azure_servicebus_scaler.go:265
github.com/kedacore/keda/v2/pkg/scalers.(*azureServiceBusScaler).getAzureServiceBusLength
	/workspace/pkg/scalers/azure_servicebus_scaler.go:233
github.com/kedacore/keda/v2/pkg/scalers.(*azureServiceBusScaler).GetMetricsAndActivity
	/workspace/pkg/scalers/azure_servicebus_scaler.go:218
github.com/kedacore/keda/v2/pkg/scaling/cache.(*ScalersCache).GetMetricsAndActivityForScaler
	/workspace/pkg/scaling/cache/scalers_cache.go:164
github.com/kedacore/keda/v2/pkg/scaling.(*scaleHandler).getScalerState
	/workspace/pkg/scaling/scale_handler.go:837
github.com/kedacore/keda/v2/pkg/scaling.(*scaleHandler).getScaledObjectState.func1
	/workspace/pkg/scaling/scale_handler.go:714
2026-03-04T18:48:51Z	ERROR	azure_servicebus_scaler	error getting service bus entity length	{"type": "ScaledObject", "namespace": "3pull", "name": "r-3pull-worker-auth-audit-export", "error": "sources must contain at least one TokenCredential"}
github.com/kedacore/keda/v2/pkg/scalers.(*azureServiceBusScaler).GetMetricsAndActivity
	/workspace/pkg/scalers/azure_servicebus_scaler.go:221
github.com/kedacore/keda/v2/pkg/scaling/cache.(*ScalersCache).GetMetricsAndActivityForScaler
	/workspace/pkg/scaling/cache/scalers_cache.go:164
github.com/kedacore/keda/v2/pkg/scaling.(*scaleHandler).getScalerState
	/workspace/pkg/scaling/scale_handler.go:837
github.com/kedacore/keda/v2/pkg/scaling.(*scaleHandler).getScaledObjectState.func1
	/workspace/pkg/scaling/scale_handler.go:714
2026-03-04T18:48:51Z	ERROR	scale_handler	error getting metric for trigger	{"scaledObject.Namespace": "3pull", "scaledObject.Name": "r-3pull-worker-auth-audit-export", "trigger": "azureServiceBusScaler", "error": "sources must contain at least one TokenCredential"}
github.com/kedacore/keda/v2/pkg/scaling.(*scaleHandler).processMetricsWithFallback
	/workspace/pkg/scaling/scale_handler.go:460
github.com/kedacore/keda/v2/pkg/scaling.(*scaleHandler).getScalerState
	/workspace/pkg/scaling/scale_handler.go:845
github.com/kedacore/keda/v2/pkg/scaling.(*scaleHandler).getScaledObjectState.func1
	/workspace/pkg/scaling/scale_handler.go:714
2026-03-04T18:48:51Z	ERROR	scale_handler	error getting scale decision	{"scaledObject.Namespace": "3pull", "scaledObject.Name": "r-3pull-worker-auth-audit-export", "scaler": "azureServiceBusScaler", "error": "sources must contain at least one TokenCredential"}
github.com/kedacore/keda/v2/pkg/scaling.(*scaleHandler).getScalerState
	/workspace/pkg/scaling/scale_handler.go:872
github.com/kedacore/keda/v2/pkg/scaling.(*scaleHandler).getScaledObjectState.func1
	/workspace/pkg/scaling/scale_handler.go:714
2026-03-04T18:48:51Z	ERROR	azure_servicebus_scaler	error starting azure workload-identity token provider	{"type": "ScaledObject", "namespace": "3pull", "name": "r-3pull-worker-sample-wait-blob", "error": "no client ID specified. Check pod configuration or set ClientID in the options"}
github.com/kedacore/keda/v2/pkg/scalers/azure.NewChainedCredential
	/workspace/pkg/scalers/azure/azure_azidentity_chain.go:33
github.com/kedacore/keda/v2/pkg/scalers.(*azureServiceBusScaler).getServiceBusAdminClient
	/workspace/pkg/scalers/azure_servicebus_scaler.go:265
github.com/kedacore/keda/v2/pkg/scalers.(*azureServiceBusScaler).getAzureServiceBusLength
	/workspace/pkg/scalers/azure_servicebus_scaler.go:233
github.com/kedacore/keda/v2/pkg/scalers.(*azureServiceBusScaler).GetMetricsAndActivity
	/workspace/pkg/scalers/azure_servicebus_scaler.go:218
github.com/kedacore/keda/v2/pkg/scaling/cache.(*ScalersCache).GetMetricsAndActivityForScaler
	/workspace/pkg/scaling/cache/scalers_cache.go:154
github.com/kedacore/keda/v2/pkg/scaling.(*scaleHandler).getScalerState
	/workspace/pkg/scaling/scale_handler.go:837
github.com/kedacore/keda/v2/pkg/scaling.(*scaleHandler).getScaledObjectState.func1
	/workspace/pkg/scaling/scale_handler.go:714
2026-03-04T18:48:51Z	ERROR	azure_servicebus_scaler	error getting service bus entity length	{"type": "ScaledObject", "namespace": "3pull", "name": "r-3pull-worker-sample-wait-blob", "error": "sources must contain at least one TokenCredential"}
github.com/kedacore/keda/v2/pkg/scalers.(*azureServiceBusScaler).GetMetricsAndActivity
	/workspace/pkg/scalers/azure_servicebus_scaler.go:221
github.com/kedacore/keda/v2/pkg/scaling/cache.(*ScalersCache).GetMetricsAndActivityForScaler
	/workspace/pkg/scaling/cache/scalers_cache.go:154
github.com/kedacore/keda/v2/pkg/scaling.(*scaleHandler).getScalerState
	/workspace/pkg/scaling/scale_handler.go:837
github.com/kedacore/keda/v2/pkg/scaling.(*scaleHandler).getScaledObjectState.func1
	/workspace/pkg/scaling/scale_handler.go:714
2026-03-04T18:48:51Z	ERROR	azure_servicebus_scaler	error starting azure workload-identity token provider	{"type": "ScaledObject", "namespace": "3pull", "name": "r-3pull-worker-sample-wait-blob", "error": "no client ID specified. Check pod configuration or set ClientID in the options"}
github.com/kedacore/keda/v2/pkg/scalers/azure.NewChainedCredential
	/workspace/pkg/scalers/azure/azure_azidentity_chain.go:33
github.com/kedacore/keda/v2/pkg/scalers.(*azureServiceBusScaler).getServiceBusAdminClient
	/workspace/pkg/scalers/azure_servicebus_scaler.go:265
github.com/kedacore/keda/v2/pkg/scalers.(*azureServiceBusScaler).getAzureServiceBusLength
	/workspace/pkg/scalers/azure_servicebus_scaler.go:233
github.com/kedacore/keda/v2/pkg/scalers.(*azureServiceBusScaler).GetMetricsAndActivity
	/workspace/pkg/scalers/azure_servicebus_scaler.go:218
github.com/kedacore/keda/v2/pkg/scaling/cache.(*ScalersCache).GetMetricsAndActivityForScaler
	/workspace/pkg/scaling/cache/scalers_cache.go:164
github.com/kedacore/keda/v2/pkg/scaling.(*scaleHandler).getScalerState
	/workspace/pkg/scaling/scale_handler.go:837
github.com/kedacore/keda/v2/pkg/scaling.(*scaleHandler).getScaledObjectState.func1
	/workspace/pkg/scaling/scale_handler.go:714
2026-03-04T18:48:51Z	ERROR	azure_servicebus_scaler	error getting service bus entity length	{"type": "ScaledObject", "namespace": "3pull", "name": "r-3pull-worker-sample-wait-blob", "error": "sources must contain at least one TokenCredential"}
github.com/kedacore/keda/v2/pkg/scalers.(*azureServiceBusScaler).GetMetricsAndActivity
	/workspace/pkg/scalers/azure_servicebus_scaler.go:221
github.com/kedacore/keda/v2/pkg/scaling/cache.(*ScalersCache).GetMetricsAndActivityForScaler
	/workspace/pkg/scaling/cache/scalers_cache.go:164
github.com/kedacore/keda/v2/pkg/scaling.(*scaleHandler).getScalerState
	/workspace/pkg/scaling/scale_handler.go:837
github.com/kedacore/keda/v2/pkg/scaling.(*scaleHandler).getScaledObjectState.func1
	/workspace/pkg/scaling/scale_handler.go:714
2026-03-04T18:48:51Z	ERROR	scale_handler	error getting metric for trigger	{"scaledObject.Namespace": "3pull", "scaledObject.Name": "r-3pull-worker-sample-wait-blob", "trigger": "azureServiceBusScaler", "error": "sources must contain at least one TokenCredential"}
github.com/kedacore/keda/v2/pkg/scaling.(*scaleHandler).processMetricsWithFallback
	/workspace/pkg/scaling/scale_handler.go:460
github.com/kedacore/keda/v2/pkg/scaling.(*scaleHandler).getScalerState
	/workspace/pkg/scaling/scale_handler.go:845
github.com/kedacore/keda/v2/pkg/scaling.(*scaleHandler).getScaledObjectState.func1
	/workspace/pkg/scaling/scale_handler.go:714
2026-03-04T18:48:51Z	ERROR	scale_handler	error getting scale decision	{"scaledObject.Namespace": "3pull", "scaledObject.Name": "r-3pull-worker-sample-wait-blob", "scaler": "azureServiceBusScaler", "error": "sources must contain at least one TokenCredential"}
github.com/kedacore/keda/v2/pkg/scaling.(*scaleHandler).getScalerState
	/workspace/pkg/scaling/scale_handler.go:872
github.com/kedacore/keda/v2/pkg/scaling.(*scaleHandler).getScaledObjectState.func1
	/workspace/pkg/scaling/scale_handler.go:714
2026-03-04T18:48:52Z	ERROR	azure_servicebus_scaler	error starting azure workload-identity token provider	{"type": "ScaledObject", "namespace": "3pull", "name": "r-3pull-worker-auth-audit-export", "error": "no client ID specified. Check pod configuration or set ClientID in the options"}
github.com/kedacore/keda/v2/pkg/scalers/azure.NewChainedCredential
	/workspace/pkg/scalers/azure/azure_azidentity_chain.go:33
github.com/kedacore/keda/v2/pkg/scalers.(*azureServiceBusScaler).getServiceBusAdminClient
	/workspace/pkg/scalers/azure_servicebus_scaler.go:265
github.com/kedacore/keda/v2/pkg/scalers.(*azureServiceBusScaler).getAzureServiceBusLength
	/workspace/pkg/scalers/azure_servicebus_scaler.go:233
github.com/kedacore/keda/v2/pkg/scalers.(*azureServiceBusScaler).GetMetricsAndActivity
	/workspace/pkg/scalers/azure_servicebus_scaler.go:218
github.com/kedacore/keda/v2/pkg/scaling/cache.(*ScalersCache).GetMetricsAndActivityForScaler
	/workspace/pkg/scaling/cache/scalers_cache.go:154
github.com/kedacore/keda/v2/pkg/scaling.(*scaleHandler).GetScaledObjectMetrics.func1
	/workspace/pkg/scaling/scale_handler.go:585
2026-03-04T18:48:52Z	ERROR	azure_servicebus_scaler	error getting service bus entity length	{"type": "ScaledObject", "namespace": "3pull", "name": "r-3pull-worker-auth-audit-export", "error": "sources must contain at least one TokenCredential"}
github.com/kedacore/keda/v2/pkg/scalers.(*azureServiceBusScaler).GetMetricsAndActivity
	/workspace/pkg/scalers/azure_servicebus_scaler.go:221
github.com/kedacore/keda/v2/pkg/scaling/cache.(*ScalersCache).GetMetricsAndActivityForScaler
	/workspace/pkg/scaling/cache/scalers_cache.go:154
github.com/kedacore/keda/v2/pkg/scaling.(*scaleHandler).GetScaledObjectMetrics.func1
	/workspace/pkg/scaling/scale_handler.go:585
2026-03-04T18:48:52Z	ERROR	azure_servicebus_scaler	error starting azure workload-identity token provider	{"type": "ScaledObject", "namespace": "3pull", "name": "r-3pull-worker-auth-audit-export", "error": "no client ID specified. Check pod configuration or set ClientID in the options"}
github.com/kedacore/keda/v2/pkg/scalers/azure.NewChainedCredential
	/workspace/pkg/scalers/azure/azure_azidentity_chain.go:33
github.com/kedacore/keda/v2/pkg/scalers.(*azureServiceBusScaler).getServiceBusAdminClient
	/workspace/pkg/scalers/azure_servicebus_scaler.go:265
github.com/kedacore/keda/v2/pkg/scalers.(*azureServiceBusScaler).getAzureServiceBusLength
	/workspace/pkg/scalers/azure_servicebus_scaler.go:233
github.com/kedacore/keda/v2/pkg/scalers.(*azureServiceBusScaler).GetMetricsAndActivity
	/workspace/pkg/scalers/azure_servicebus_scaler.go:218
github.com/kedacore/keda/v2/pkg/scaling/cache.(*ScalersCache).GetMetricsAndActivityForScaler
	/workspace/pkg/scaling/cache/scalers_cache.go:164
github.com/kedacore/keda/v2/pkg/scaling.(*scaleHandler).GetScaledObjectMetrics.func1
	/workspace/pkg/scaling/scale_handler.go:585
2026-03-04T18:48:52Z	ERROR	azure_servicebus_scaler	error getting service bus entity length	{"type": "ScaledObject", "namespace": "3pull", "name": "r-3pull-worker-auth-audit-export", "error": "sources must contain at least one TokenCredential"}
github.com/kedacore/keda/v2/pkg/scalers.(*azureServiceBusScaler).GetMetricsAndActivity
	/workspace/pkg/scalers/azure_servicebus_scaler.go:221
github.com/kedacore/keda/v2/pkg/scaling/cache.(*ScalersCache).GetMetricsAndActivityForScaler
	/workspace/pkg/scaling/cache/scalers_cache.go:164
github.com/kedacore/keda/v2/pkg/scaling.(*scaleHandler).GetScaledObjectMetrics.func1
	/workspace/pkg/scaling/scale_handler.go:585
2026-03-04T18:48:52Z	ERROR	scale_handler	error getting metric for trigger	{"scaledObject.Namespace": "3pull", "scaledObject.Name": "r-3pull-worker-auth-audit-export", "trigger": "azureServiceBusScaler", "error": "sources must contain at least one TokenCredential"}
github.com/kedacore/keda/v2/pkg/scaling.(*scaleHandler).processMetricsWithFallback
	/workspace/pkg/scaling/scale_handler.go:460
github.com/kedacore/keda/v2/pkg/scaling.(*scaleHandler).GetScaledObjectMetrics.func1
	/workspace/pkg/scaling/scale_handler.go:593
2026-03-04T18:48:52Z	ERROR	azure_servicebus_scaler	error starting azure workload-identity token provider	{"type": "ScaledObject", "namespace": "3pull", "name": "r-3pull-worker-sample-wait-blob", "error": "no client ID specified. Check pod configuration or set ClientID in the options"}
github.com/kedacore/keda/v2/pkg/scalers/azure.NewChainedCredential
	/workspace/pkg/scalers/azure/azure_azidentity_chain.go:33
github.com/kedacore/keda/v2/pkg/scalers.(*azureServiceBusScaler).getServiceBusAdminClient
	/workspace/pkg/scalers/azure_servicebus_scaler.go:265
github.com/kedacore/keda/v2/pkg/scalers.(*azureServiceBusScaler).getAzureServiceBusLength
	/workspace/pkg/scalers/azure_servicebus_scaler.go:233
github.com/kedacore/keda/v2/pkg/scalers.(*azureServiceBusScaler).GetMetricsAndActivity
	/workspace/pkg/scalers/azure_servicebus_scaler.go:218
github.com/kedacore/keda/v2/pkg/scaling/cache.(*ScalersCache).GetMetricsAndActivityForScaler
	/workspace/pkg/scaling/cache/scalers_cache.go:154
github.com/kedacore/keda/v2/pkg/scaling.(*scaleHandler).GetScaledObjectMetrics.func1
	/workspace/pkg/scaling/scale_handler.go:585
2026-03-04T18:48:52Z	ERROR	azure_servicebus_scaler	error getting service bus entity length	{"type": "ScaledObject", "namespace": "3pull", "name": "r-3pull-worker-sample-wait-blob", "error": "sources must contain at least one TokenCredential"}
github.com/kedacore/keda/v2/pkg/scalers.(*azureServiceBusScaler).GetMetricsAndActivity
	/workspace/pkg/scalers/azure_servicebus_scaler.go:221
github.com/kedacore/keda/v2/pkg/scaling/cache.(*ScalersCache).GetMetricsAndActivityForScaler
	/workspace/pkg/scaling/cache/scalers_cache.go:154
github.com/kedacore/keda/v2/pkg/scaling.(*scaleHandler).GetScaledObjectMetrics.func1
	/workspace/pkg/scaling/scale_handler.go:585
2026-03-04T18:48:52Z	ERROR	azure_servicebus_scaler	error starting azure workload-identity token provider	{"type": "ScaledObject", "namespace": "3pull", "name": "r-3pull-worker-sample-wait-blob", "error": "no client ID specified. Check pod configuration or set ClientID in the options"}
github.com/kedacore/keda/v2/pkg/scalers/azure.NewChainedCredential
	/workspace/pkg/scalers/azure/azure_azidentity_chain.go:33
github.com/kedacore/keda/v2/pkg/scalers.(*azureServiceBusScaler).getServiceBusAdminClient
	/workspace/pkg/scalers/azure_servicebus_scaler.go:265
github.com/kedacore/keda/v2/pkg/scalers.(*azureServiceBusScaler).getAzureServiceBusLength
	/workspace/pkg/scalers/azure_servicebus_scaler.go:233
github.com/kedacore/keda/v2/pkg/scalers.(*azureServiceBusScaler).GetMetricsAndActivity
	/workspace/pkg/scalers/azure_servicebus_scaler.go:218
github.com/kedacore/keda/v2/pkg/scaling/cache.(*ScalersCache).GetMetricsAndActivityForScaler
	/workspace/pkg/scaling/cache/scalers_cache.go:164
github.com/kedacore/keda/v2/pkg/scaling.(*scaleHandler).GetScaledObjectMetrics.func1
	/workspace/pkg/scaling/scale_handler.go:585
2026-03-04T18:48:52Z	ERROR	azure_servicebus_scaler	error getting service bus entity length	{"type": "ScaledObject", "namespace": "3pull", "name": "r-3pull-worker-sample-wait-blob", "error": "sources must contain at least one TokenCredential"}
github.com/kedacore/keda/v2/pkg/scalers.(*azureServiceBusScaler).GetMetricsAndActivity
	/workspace/pkg/scalers/azure_servicebus_scaler.go:221
github.com/kedacore/keda/v2/pkg/scaling/cache.(*ScalersCache).GetMetricsAndActivityForScaler
	/workspace/pkg/scaling/cache/scalers_cache.go:164
github.com/kedacore/keda/v2/pkg/scaling.(*scaleHandler).GetScaledObjectMetrics.func1
	/workspace/pkg/scaling/scale_handler.go:585
2026-03-04T18:48:52Z	ERROR	scale_handler	error getting metric for trigger	{"scaledObject.Namespace": "3pull", "scaledObject.Name": "r-3pull-worker-sample-wait-blob", "trigger": "azureServiceBusScaler", "error": "sources must contain at least one TokenCredential"}
github.com/kedacore/keda/v2/pkg/scaling.(*scaleHandler).processMetricsWithFallback
	/workspace/pkg/scaling/scale_handler.go:460
github.com/kedacore/keda/v2/pkg/scaling.(*scaleHandler).GetScaledObjectMetrics.func1
	/workspace/pkg/scaling/scale_handler.go:593
2026-03-04T18:49:07Z	ERROR	azure_servicebus_scaler	error starting azure workload-identity token provider	{"type": "ScaledObject", "namespace": "3pull", "name": "r-3pull-worker-auth-audit-export", "error": "no client ID specified. Check pod configuration or set ClientID in the options"}
github.com/kedacore/keda/v2/pkg/scalers/azure.NewChainedCredential
	/workspace/pkg/scalers/azure/azure_azidentity_chain.go:33
github.com/kedacore/keda/v2/pkg/scalers.(*azureServiceBusScaler).getServiceBusAdminClient
	/workspace/pkg/scalers/azure_servicebus_scaler.go:265
github.com/kedacore/keda/v2/pkg/scalers.(*azureServiceBusScaler).getAzureServiceBusLength
	/workspace/pkg/scalers/azure_servicebus_scaler.go:233
github.com/kedacore/keda/v2/pkg/scalers.(*azureServiceBusScaler).GetMetricsAndActivity
	/workspace/pkg/scalers/azure_servicebus_scaler.go:218
github.com/kedacore/keda/v2/pkg/scaling/cache.(*ScalersCache).GetMetricsAndActivityForScaler
	/workspace/pkg/scaling/cache/scalers_cache.go:154
github.com/kedacore/keda/v2/pkg/scaling.(*scaleHandler).GetScaledObjectMetrics.func1
	/workspace/pkg/scaling/scale_handler.go:585
2026-03-04T18:49:07Z	ERROR	azure_servicebus_scaler	error getting service bus entity length	{"type": "ScaledObject", "namespace": "3pull", "name": "r-3pull-worker-auth-audit-export", "error": "sources must contain at least one TokenCredential"}
github.com/kedacore/keda/v2/pkg/scalers.(*azureServiceBusScaler).GetMetricsAndActivity
	/workspace/pkg/scalers/azure_servicebus_scaler.go:221
github.com/kedacore/keda/v2/pkg/scaling/cache.(*ScalersCache).GetMetricsAndActivityForScaler
	/workspace/pkg/scaling/cache/scalers_cache.go:154
github.com/kedacore/keda/v2/pkg/scaling.(*scaleHandler).GetScaledObjectMetrics.func1
	/workspace/pkg/scaling/scale_handler.go:585
2026-03-04T18:49:07Z	ERROR	azure_servicebus_scaler	error starting azure workload-identity token provider	{"type": "ScaledObject", "namespace": "3pull", "name": "r-3pull-worker-auth-audit-export", "error": "no client ID specified. Check pod configuration or set ClientID in the options"}
github.com/kedacore/keda/v2/pkg/scalers/azure.NewChainedCredential
	/workspace/pkg/scalers/azure/azure_azidentity_chain.go:33
github.com/kedacore/keda/v2/pkg/scalers.(*azureServiceBusScaler).getServiceBusAdminClient
	/workspace/pkg/scalers/azure_servicebus_scaler.go:265
github.com/kedacore/keda/v2/pkg/scalers.(*azureServiceBusScaler).getAzureServiceBusLength
	/workspace/pkg/scalers/azure_servicebus_scaler.go:233
github.com/kedacore/keda/v2/pkg/scalers.(*azureServiceBusScaler).GetMetricsAndActivity
	/workspace/pkg/scalers/azure_servicebus_scaler.go:218
github.com/kedacore/keda/v2/pkg/scaling/cache.(*ScalersCache).GetMetricsAndActivityForScaler
	/workspace/pkg/scaling/cache/scalers_cache.go:164
github.com/kedacore/keda/v2/pkg/scaling.(*scaleHandler).GetScaledObjectMetrics.func1
	/workspace/pkg/scaling/scale_handler.go:585
2026-03-04T18:49:07Z	ERROR	azure_servicebus_scaler	error getting service bus entity length	{"type": "ScaledObject", "namespace": "3pull", "name": "r-3pull-worker-auth-audit-export", "error": "sources must contain at least one TokenCredential"}
github.com/kedacore/keda/v2/pkg/scalers.(*azureServiceBusScaler).GetMetricsAndActivity
	/workspace/pkg/scalers/azure_servicebus_scaler.go:221
github.com/kedacore/keda/v2/pkg/scaling/cache.(*ScalersCache).GetMetricsAndActivityForScaler
	/workspace/pkg/scaling/cache/scalers_cache.go:164
github.com/kedacore/keda/v2/pkg/scaling.(*scaleHandler).GetScaledObjectMetrics.func1
	/workspace/pkg/scaling/scale_handler.go:585
2026-03-04T18:49:07Z	ERROR	scale_handler	error getting metric for trigger	{"scaledObject.Namespace": "3pull", "scaledObject.Name": "r-3pull-worker-auth-audit-export", "trigger": "azureServiceBusScaler", "error": "sources must contain at least one TokenCredential"}
github.com/kedacore/keda/v2/pkg/scaling.(*scaleHandler).processMetricsWithFallback
	/workspace/pkg/scaling/scale_handler.go:460
github.com/kedacore/keda/v2/pkg/scaling.(*scaleHandler).GetScaledObjectMetrics.func1
	/workspace/pkg/scaling/scale_handler.go:593
2026-03-04T18:49:07Z	ERROR	azure_servicebus_scaler	error starting azure workload-identity token provider	{"type": "ScaledObject", "namespace": "3pull", "name": "r-3pull-worker-sample-wait-blob", "error": "no client ID specified. Check pod configuration or set ClientID in the options"}
github.com/kedacore/keda/v2/pkg/scalers/azure.NewChainedCredential
	/workspace/pkg/scalers/azure/azure_azidentity_chain.go:33
github.com/kedacore/keda/v2/pkg/scalers.(*azureServiceBusScaler).getServiceBusAdminClient
	/workspace/pkg/scalers/azure_servicebus_scaler.go:265
github.com/kedacore/keda/v2/pkg/scalers.(*azureServiceBusScaler).getAzureServiceBusLength
	/workspace/pkg/scalers/azure_servicebus_scaler.go:233
github.com/kedacore/keda/v2/pkg/scalers.(*azureServiceBusScaler).GetMetricsAndActivity
	/workspace/pkg/scalers/azure_servicebus_scaler.go:218
github.com/kedacore/keda/v2/pkg/scaling/cache.(*ScalersCache).GetMetricsAndActivityForScaler
	/workspace/pkg/scaling/cache/scalers_cache.go:154
github.com/kedacore/keda/v2/pkg/scaling.(*scaleHandler).GetScaledObjectMetrics.func1
	/workspace/pkg/scaling/scale_handler.go:585
2026-03-04T18:49:07Z	ERROR	azure_servicebus_scaler	error getting service bus entity length	{"type": "ScaledObject", "namespace": "3pull", "name": "r-3pull-worker-sample-wait-blob", "error": "sources must contain at least one TokenCredential"}
github.com/kedacore/keda/v2/pkg/scalers.(*azureServiceBusScaler).GetMetricsAndActivity
	/workspace/pkg/scalers/azure_servicebus_scaler.go:221
github.com/kedacore/keda/v2/pkg/scaling/cache.(*ScalersCache).GetMetricsAndActivityForScaler
	/workspace/pkg/scaling/cache/scalers_cache.go:154
github.com/kedacore/keda/v2/pkg/scaling.(*scaleHandler).GetScaledObjectMetrics.func1
	/workspace/pkg/scaling/scale_handler.go:585
2026-03-04T18:49:07Z	ERROR	azure_servicebus_scaler	error starting azure workload-identity token provider	{"type": "ScaledObject", "namespace": "3pull", "name": "r-3pull-worker-sample-wait-blob", "error": "no client ID specified. Check pod configuration or set ClientID in the options"}
github.com/kedacore/keda/v2/pkg/scalers/azure.NewChainedCredential
	/workspace/pkg/scalers/azure/azure_azidentity_chain.go:33
github.com/kedacore/keda/v2/pkg/scalers.(*azureServiceBusScaler).getServiceBusAdminClient
	/workspace/pkg/scalers/azure_servicebus_scaler.go:265
github.com/kedacore/keda/v2/pkg/scalers.(*azureServiceBusScaler).getAzureServiceBusLength
	/workspace/pkg/scalers/azure_servicebus_scaler.go:233
github.com/kedacore/keda/v2/pkg/scalers.(*azureServiceBusScaler).GetMetricsAndActivity
	/workspace/pkg/scalers/azure_servicebus_scaler.go:218
github.com/kedacore/keda/v2/pkg/scaling/cache.(*ScalersCache).GetMetricsAndActivityForScaler
	/workspace/pkg/scaling/cache/scalers_cache.go:164
github.com/kedacore/keda/v2/pkg/scaling.(*scaleHandler).GetScaledObjectMetrics.func1
	/workspace/pkg/scaling/scale_handler.go:585
2026-03-04T18:49:07Z	ERROR	azure_servicebus_scaler	error getting service bus entity length	{"type": "ScaledObject", "namespace": "3pull", "name": "r-3pull-worker-sample-wait-blob", "error": "sources must contain at least one TokenCredential"}
github.com/kedacore/keda/v2/pkg/scalers.(*azureServiceBusScaler).GetMetricsAndActivity
	/workspace/pkg/scalers/azure_servicebus_scaler.go:221
github.com/kedacore/keda/v2/pkg/scaling/cache.(*ScalersCache).GetMetricsAndActivityForScaler
	/workspace/pkg/scaling/cache/scalers_cache.go:164
github.com/kedacore/keda/v2/pkg/scaling.(*scaleHandler).GetScaledObjectMetrics.func1
	/workspace/pkg/scaling/scale_handler.go:585
2026-03-04T18:49:07Z	ERROR	scale_handler	error getting metric for trigger	{"scaledObject.Namespace": "3pull", "scaledObject.Name": "r-3pull-worker-sample-wait-blob", "trigger": "azureServiceBusScaler", "error": "sources must contain at least one TokenCredential"}
github.com/kedacore/keda/v2/pkg/scaling.(*scaleHandler).processMetricsWithFallback
	/workspace/pkg/scaling/scale_handler.go:460
github.com/kedacore/keda/v2/pkg/scaling.(*scaleHandler).GetScaledObjectMetrics.func1
	/workspace/pkg/scaling/scale_handler.go:593
2026-03-04T18:49:21Z	ERROR	azure_servicebus_scaler	error starting azure workload-identity token provider	{"type": "ScaledObject", "namespace": "3pull", "name": "r-3pull-worker-auth-audit-export", "error": "no client ID specified. Check pod configuration or set ClientID in the options"}
github.com/kedacore/keda/v2/pkg/scalers/azure.NewChainedCredential
	/workspace/pkg/scalers/azure/azure_azidentity_chain.go:33
github.com/kedacore/keda/v2/pkg/scalers.(*azureServiceBusScaler).getServiceBusAdminClient
	/workspace/pkg/scalers/azure_servicebus_scaler.go:265
github.com/kedacore/keda/v2/pkg/scalers.(*azureServiceBusScaler).getAzureServiceBusLength
	/workspace/pkg/scalers/azure_servicebus_scaler.go:233
github.com/kedacore/keda/v2/pkg/scalers.(*azureServiceBusScaler).GetMetricsAndActivity
	/workspace/pkg/scalers/azure_servicebus_scaler.go:218
github.com/kedacore/keda/v2/pkg/scaling/cache.(*ScalersCache).GetMetricsAndActivityForScaler
	/workspace/pkg/scaling/cache/scalers_cache.go:154
github.com/kedacore/keda/v2/pkg/scaling.(*scaleHandler).getScalerState
	/workspace/pkg/scaling/scale_handler.go:837
github.com/kedacore/keda/v2/pkg/scaling.(*scaleHandler).getScaledObjectState.func1
	/workspace/pkg/scaling/scale_handler.go:714
2026-03-04T18:49:21Z	ERROR	azure_servicebus_scaler	error getting service bus entity length	{"type": "ScaledObject", "namespace": "3pull", "name": "r-3pull-worker-auth-audit-export", "error": "sources must contain at least one TokenCredential"}
github.com/kedacore/keda/v2/pkg/scalers.(*azureServiceBusScaler).GetMetricsAndActivity
	/workspace/pkg/scalers/azure_servicebus_scaler.go:221
github.com/kedacore/keda/v2/pkg/scaling/cache.(*ScalersCache).GetMetricsAndActivityForScaler
	/workspace/pkg/scaling/cache/scalers_cache.go:154
github.com/kedacore/keda/v2/pkg/scaling.(*scaleHandler).getScalerState
	/workspace/pkg/scaling/scale_handler.go:837
github.com/kedacore/keda/v2/pkg/scaling.(*scaleHandler).getScaledObjectState.func1
	/workspace/pkg/scaling/scale_handler.go:714
2026-03-04T18:49:21Z	ERROR	azure_servicebus_scaler	error starting azure workload-identity token provider	{"type": "ScaledObject", "namespace": "3pull", "name": "r-3pull-worker-auth-audit-export", "error": "no client ID specified. Check pod configuration or set ClientID in the options"}
github.com/kedacore/keda/v2/pkg/scalers/azure.NewChainedCredential
	/workspace/pkg/scalers/azure/azure_azidentity_chain.go:33
github.com/kedacore/keda/v2/pkg/scalers.(*azureServiceBusScaler).getServiceBusAdminClient
	/workspace/pkg/scalers/azure_servicebus_scaler.go:265
github.com/kedacore/keda/v2/pkg/scalers.(*azureServiceBusScaler).getAzureServiceBusLength
	/workspace/pkg/scalers/azure_servicebus_scaler.go:233
github.com/kedacore/keda/v2/pkg/scalers.(*azureServiceBusScaler).GetMetricsAndActivity
	/workspace/pkg/scalers/azure_servicebus_scaler.go:218
github.com/kedacore/keda/v2/pkg/scaling/cache.(*ScalersCache).GetMetricsAndActivityForScaler
	/workspace/pkg/scaling/cache/scalers_cache.go:164
github.com/kedacore/keda/v2/pkg/scaling.(*scaleHandler).getScalerState
	/workspace/pkg/scaling/scale_handler.go:837
github.com/kedacore/keda/v2/pkg/scaling.(*scaleHandler).getScaledObjectState.func1
	/workspace/pkg/scaling/scale_handler.go:714
2026-03-04T18:49:21Z	ERROR	azure_servicebus_scaler	error getting service bus entity length	{"type": "ScaledObject", "namespace": "3pull", "name": "r-3pull-worker-auth-audit-export", "error": "sources must contain at least one TokenCredential"}
github.com/kedacore/keda/v2/pkg/scalers.(*azureServiceBusScaler).GetMetricsAndActivity
	/workspace/pkg/scalers/azure_servicebus_scaler.go:221
github.com/kedacore/keda/v2/pkg/scaling/cache.(*ScalersCache).GetMetricsAndActivityForScaler
	/workspace/pkg/scaling/cache/scalers_cache.go:164
github.com/kedacore/keda/v2/pkg/scaling.(*scaleHandler).getScalerState
	/workspace/pkg/scaling/scale_handler.go:837
github.com/kedacore/keda/v2/pkg/scaling.(*scaleHandler).getScaledObjectState.func1
	/workspace/pkg/scaling/scale_handler.go:714
2026-03-04T18:49:21Z	ERROR	scale_handler	error getting metric for trigger	{"scaledObject.Namespace": "3pull", "scaledObject.Name": "r-3pull-worker-auth-audit-export", "trigger": "azureServiceBusScaler", "error": "sources must contain at least one TokenCredential"}
github.com/kedacore/keda/v2/pkg/scaling.(*scaleHandler).processMetricsWithFallback
	/workspace/pkg/scaling/scale_handler.go:460
github.com/kedacore/keda/v2/pkg/scaling.(*scaleHandler).getScalerState
	/workspace/pkg/scaling/scale_handler.go:845
github.com/kedacore/keda/v2/pkg/scaling.(*scaleHandler).getScaledObjectState.func1
	/workspace/pkg/scaling/scale_handler.go:714
2026-03-04T18:49:21Z	ERROR	scale_handler	error getting scale decision	{"scaledObject.Namespace": "3pull", "scaledObject.Name": "r-3pull-worker-auth-audit-export", "scaler": "azureServiceBusScaler", "error": "sources must contain at least one TokenCredential"}
github.com/kedacore/keda/v2/pkg/scaling.(*scaleHandler).getScalerState
	/workspace/pkg/scaling/scale_handler.go:872
github.com/kedacore/keda/v2/pkg/scaling.(*scaleHandler).getScaledObjectState.func1
	/workspace/pkg/scaling/scale_handler.go:714
2026-03-04T18:49:21Z	ERROR	azure_servicebus_scaler	error starting azure workload-identity token provider	{"type": "ScaledObject", "namespace": "3pull", "name": "r-3pull-worker-sample-wait-blob", "error": "no client ID specified. Check pod configuration or set ClientID in the options"}
github.com/kedacore/keda/v2/pkg/scalers/azure.NewChainedCredential
	/workspace/pkg/scalers/azure/azure_azidentity_chain.go:33
github.com/kedacore/keda/v2/pkg/scalers.(*azureServiceBusScaler).getServiceBusAdminClient
	/workspace/pkg/scalers/azure_servicebus_scaler.go:265
github.com/kedacore/keda/v2/pkg/scalers.(*azureServiceBusScaler).getAzureServiceBusLength
	/workspace/pkg/scalers/azure_servicebus_scaler.go:233
github.com/kedacore/keda/v2/pkg/scalers.(*azureServiceBusScaler).GetMetricsAndActivity
	/workspace/pkg/scalers/azure_servicebus_scaler.go:218
github.com/kedacore/keda/v2/pkg/scaling/cache.(*ScalersCache).GetMetricsAndActivityForScaler
	/workspace/pkg/scaling/cache/scalers_cache.go:154
github.com/kedacore/keda/v2/pkg/scaling.(*scaleHandler).getScalerState
	/workspace/pkg/scaling/scale_handler.go:837
github.com/kedacore/keda/v2/pkg/scaling.(*scaleHandler).getScaledObjectState.func1
	/workspace/pkg/scaling/scale_handler.go:714
2026-03-04T18:49:21Z	ERROR	azure_servicebus_scaler	error getting service bus entity length	{"type": "ScaledObject", "namespace": "3pull", "name": "r-3pull-worker-sample-wait-blob", "error": "sources must contain at least one TokenCredential"}
github.com/kedacore/keda/v2/pkg/scalers.(*azureServiceBusScaler).GetMetricsAndActivity
	/workspace/pkg/scalers/azure_servicebus_scaler.go:221
github.com/kedacore/keda/v2/pkg/scaling/cache.(*ScalersCache).GetMetricsAndActivityForScaler
	/workspace/pkg/scaling/cache/scalers_cache.go:154
github.com/kedacore/keda/v2/pkg/scaling.(*scaleHandler).getScalerState
	/workspace/pkg/scaling/scale_handler.go:837
github.com/kedacore/keda/v2/pkg/scaling.(*scaleHandler).getScaledObjectState.func1
	/workspace/pkg/scaling/scale_handler.go:714
2026-03-04T18:49:21Z	ERROR	azure_servicebus_scaler	error starting azure workload-identity token provider	{"type": "ScaledObject", "namespace": "3pull", "name": "r-3pull-worker-sample-wait-blob", "error": "no client ID specified. Check pod configuration or set ClientID in the options"}
github.com/kedacore/keda/v2/pkg/scalers/azure.NewChainedCredential
	/workspace/pkg/scalers/azure/azure_azidentity_chain.go:33
github.com/kedacore/keda/v2/pkg/scalers.(*azureServiceBusScaler).getServiceBusAdminClient
	/workspace/pkg/scalers/azure_servicebus_scaler.go:265
github.com/kedacore/keda/v2/pkg/scalers.(*azureServiceBusScaler).getAzureServiceBusLength
	/workspace/pkg/scalers/azure_servicebus_scaler.go:233
github.com/kedacore/keda/v2/pkg/scalers.(*azureServiceBusScaler).GetMetricsAndActivity
	/workspace/pkg/scalers/azure_servicebus_scaler.go:218
github.com/kedacore/keda/v2/pkg/scaling/cache.(*ScalersCache).GetMetricsAndActivityForScaler
	/workspace/pkg/scaling/cache/scalers_cache.go:164
github.com/kedacore/keda/v2/pkg/scaling.(*scaleHandler).getScalerState
	/workspace/pkg/scaling/scale_handler.go:837
github.com/kedacore/keda/v2/pkg/scaling.(*scaleHandler).getScaledObjectState.func1
	/workspace/pkg/scaling/scale_handler.go:714
2026-03-04T18:49:21Z	ERROR	azure_servicebus_scaler	error getting service bus entity length	{"type": "ScaledObject", "namespace": "3pull", "name": "r-3pull-worker-sample-wait-blob", "error": "sources must contain at least one TokenCredential"}
github.com/kedacore/keda/v2/pkg/scalers.(*azureServiceBusScaler).GetMetricsAndActivity
	/workspace/pkg/scalers/azure_servicebus_scaler.go:221
github.com/kedacore/keda/v2/pkg/scaling/cache.(*ScalersCache).GetMetricsAndActivityForScaler
	/workspace/pkg/scaling/cache/scalers_cache.go:164
github.com/kedacore/keda/v2/pkg/scaling.(*scaleHandler).getScalerState
	/workspace/pkg/scaling/scale_handler.go:837
github.com/kedacore/keda/v2/pkg/scaling.(*scaleHandler).getScaledObjectState.func1
	/workspace/pkg/scaling/scale_handler.go:714
2026-03-04T18:49:21Z	ERROR	scale_handler	error getting metric for trigger	{"scaledObject.Namespace": "3pull", "scaledObject.Name": "r-3pull-worker-sample-wait-blob", "trigger": "azureServiceBusScaler", "error": "sources must contain at least one TokenCredential"}
github.com/kedacore/keda/v2/pkg/scaling.(*scaleHandler).processMetricsWithFallback
	/workspace/pkg/scaling/scale_handler.go:460
github.com/kedacore/keda/v2/pkg/scaling.(*scaleHandler).getScalerState
	/workspace/pkg/scaling/scale_handler.go:845
github.com/kedacore/keda/v2/pkg/scaling.(*scaleHandler).getScaledObjectState.func1
	/workspace/pkg/scaling/scale_handler.go:714
2026-03-04T18:49:21Z	ERROR	scale_handler	error getting scale decision	{"scaledObject.Namespace": "3pull", "scaledObject.Name": "r-3pull-worker-sample-wait-blob", "scaler": "azureServiceBusScaler", "error": "sources must contain at least one TokenCredential"}
github.com/kedacore/keda/v2/pkg/scaling.(*scaleHandler).getScalerState
	/workspace/pkg/scaling/scale_handler.go:872
github.com/kedacore/keda/v2/pkg/scaling.(*scaleHandler).getScaledObjectState.func1
	/workspace/pkg/scaling/scale_handler.go:714
2026-03-04T18:49:22Z	ERROR	azure_servicebus_scaler	error starting azure workload-identity token provider	{"type": "ScaledObject", "namespace": "3pull", "name": "r-3pull-worker-auth-audit-export", "error": "no client ID specified. Check pod configuration or set ClientID in the options"}
github.com/kedacore/keda/v2/pkg/scalers/azure.NewChainedCredential
	/workspace/pkg/scalers/azure/azure_azidentity_chain.go:33
github.com/kedacore/keda/v2/pkg/scalers.(*azureServiceBusScaler).getServiceBusAdminClient
	/workspace/pkg/scalers/azure_servicebus_scaler.go:265
github.com/kedacore/keda/v2/pkg/scalers.(*azureServiceBusScaler).getAzureServiceBusLength
	/workspace/pkg/scalers/azure_servicebus_scaler.go:233
github.com/kedacore/keda/v2/pkg/scalers.(*azureServiceBusScaler).GetMetricsAndActivity
	/workspace/pkg/scalers/azure_servicebus_scaler.go:218
github.com/kedacore/keda/v2/pkg/scaling/cache.(*ScalersCache).GetMetricsAndActivityForScaler
	/workspace/pkg/scaling/cache/scalers_cache.go:154
github.com/kedacore/keda/v2/pkg/scaling.(*scaleHandler).GetScaledObjectMetrics.func1
	/workspace/pkg/scaling/scale_handler.go:585
2026-03-04T18:49:22Z	ERROR	azure_servicebus_scaler	error getting service bus entity length	{"type": "ScaledObject", "namespace": "3pull", "name": "r-3pull-worker-auth-audit-export", "error": "sources must contain at least one TokenCredential"}
github.com/kedacore/keda/v2/pkg/scalers.(*azureServiceBusScaler).GetMetricsAndActivity
	/workspace/pkg/scalers/azure_servicebus_scaler.go:221
github.com/kedacore/keda/v2/pkg/scaling/cache.(*ScalersCache).GetMetricsAndActivityForScaler
	/workspace/pkg/scaling/cache/scalers_cache.go:154
github.com/kedacore/keda/v2/pkg/scaling.(*scaleHandler).GetScaledObjectMetrics.func1
	/workspace/pkg/scaling/scale_handler.go:585
2026-03-04T18:49:22Z	ERROR	azure_servicebus_scaler	error starting azure workload-identity token provider	{"type": "ScaledObject", "namespace": "3pull", "name": "r-3pull-worker-auth-audit-export", "error": "no client ID specified. Check pod configuration or set ClientID in the options"}
github.com/kedacore/keda/v2/pkg/scalers/azure.NewChainedCredential
	/workspace/pkg/scalers/azure/azure_azidentity_chain.go:33
github.com/kedacore/keda/v2/pkg/scalers.(*azureServiceBusScaler).getServiceBusAdminClient
	/workspace/pkg/scalers/azure_servicebus_scaler.go:265
github.com/kedacore/keda/v2/pkg/scalers.(*azureServiceBusScaler).getAzureServiceBusLength
	/workspace/pkg/scalers/azure_servicebus_scaler.go:233
github.com/kedacore/keda/v2/pkg/scalers.(*azureServiceBusScaler).GetMetricsAndActivity
	/workspace/pkg/scalers/azure_servicebus_scaler.go:218
github.com/kedacore/keda/v2/pkg/scaling/cache.(*ScalersCache).GetMetricsAndActivityForScaler
	/workspace/pkg/scaling/cache/scalers_cache.go:164
github.com/kedacore/keda/v2/pkg/scaling.(*scaleHandler).GetScaledObjectMetrics.func1
	/workspace/pkg/scaling/scale_handler.go:585
2026-03-04T18:49:22Z	ERROR	azure_servicebus_scaler	error getting service bus entity length	{"type": "ScaledObject", "namespace": "3pull", "name": "r-3pull-worker-auth-audit-export", "error": "sources must contain at least one TokenCredential"}
github.com/kedacore/keda/v2/pkg/scalers.(*azureServiceBusScaler).GetMetricsAndActivity
	/workspace/pkg/scalers/azure_servicebus_scaler.go:221
github.com/kedacore/keda/v2/pkg/scaling/cache.(*ScalersCache).GetMetricsAndActivityForScaler
	/workspace/pkg/scaling/cache/scalers_cache.go:164
github.com/kedacore/keda/v2/pkg/scaling.(*scaleHandler).GetScaledObjectMetrics.func1
	/workspace/pkg/scaling/scale_handler.go:585
2026-03-04T18:49:22Z	ERROR	scale_handler	error getting metric for trigger	{"scaledObject.Namespace": "3pull", "scaledObject.Name": "r-3pull-worker-auth-audit-export", "trigger": "azureServiceBusScaler", "error": "sources must contain at least one TokenCredential"}
github.com/kedacore/keda/v2/pkg/scaling.(*scaleHandler).processMetricsWithFallback
	/workspace/pkg/scaling/scale_handler.go:460
github.com/kedacore/keda/v2/pkg/scaling.(*scaleHandler).GetScaledObjectMetrics.func1
	/workspace/pkg/scaling/scale_handler.go:593
2026-03-04T18:49:22Z	ERROR	azure_servicebus_scaler	error starting azure workload-identity token provider	{"type": "ScaledObject", "namespace": "3pull", "name": "r-3pull-worker-sample-wait-blob", "error": "no client ID specified. Check pod configuration or set ClientID in the options"}
github.com/kedacore/keda/v2/pkg/scalers/azure.NewChainedCredential
	/workspace/pkg/scalers/azure/azure_azidentity_chain.go:33
github.com/kedacore/keda/v2/pkg/scalers.(*azureServiceBusScaler).getServiceBusAdminClient
	/workspace/pkg/scalers/azure_servicebus_scaler.go:265
github.com/kedacore/keda/v2/pkg/scalers.(*azureServiceBusScaler).getAzureServiceBusLength
	/workspace/pkg/scalers/azure_servicebus_scaler.go:233
github.com/kedacore/keda/v2/pkg/scalers.(*azureServiceBusScaler).GetMetricsAndActivity
	/workspace/pkg/scalers/azure_servicebus_scaler.go:218
github.com/kedacore/keda/v2/pkg/scaling/cache.(*ScalersCache).GetMetricsAndActivityForScaler
	/workspace/pkg/scaling/cache/scalers_cache.go:154
github.com/kedacore/keda/v2/pkg/scaling.(*scaleHandler).GetScaledObjectMetrics.func1
	/workspace/pkg/scaling/scale_handler.go:585
2026-03-04T18:49:22Z	ERROR	azure_servicebus_scaler	error getting service bus entity length	{"type": "ScaledObject", "namespace": "3pull", "name": "r-3pull-worker-sample-wait-blob", "error": "sources must contain at least one TokenCredential"}
github.com/kedacore/keda/v2/pkg/scalers.(*azureServiceBusScaler).GetMetricsAndActivity
	/workspace/pkg/scalers/azure_servicebus_scaler.go:221
github.com/kedacore/keda/v2/pkg/scaling/cache.(*ScalersCache).GetMetricsAndActivityForScaler
	/workspace/pkg/scaling/cache/scalers_cache.go:154
github.com/kedacore/keda/v2/pkg/scaling.(*scaleHandler).GetScaledObjectMetrics.func1
	/workspace/pkg/scaling/scale_handler.go:585
2026-03-04T18:49:22Z	ERROR	azure_servicebus_scaler	error starting azure workload-identity token provider	{"type": "ScaledObject", "namespace": "3pull", "name": "r-3pull-worker-sample-wait-blob", "error": "no client ID specified. Check pod configuration or set ClientID in the options"}
github.com/kedacore/keda/v2/pkg/scalers/azure.NewChainedCredential
	/workspace/pkg/scalers/azure/azure_azidentity_chain.go:33
github.com/kedacore/keda/v2/pkg/scalers.(*azureServiceBusScaler).getServiceBusAdminClient
	/workspace/pkg/scalers/azure_servicebus_scaler.go:265
github.com/kedacore/keda/v2/pkg/scalers.(*azureServiceBusScaler).getAzureServiceBusLength
	/workspace/pkg/scalers/azure_servicebus_scaler.go:233
github.com/kedacore/keda/v2/pkg/scalers.(*azureServiceBusScaler).GetMetricsAndActivity
	/workspace/pkg/scalers/azure_servicebus_scaler.go:218
github.com/kedacore/keda/v2/pkg/scaling/cache.(*ScalersCache).GetMetricsAndActivityForScaler
	/workspace/pkg/scaling/cache/scalers_cache.go:164
github.com/kedacore/keda/v2/pkg/scaling.(*scaleHandler).GetScaledObjectMetrics.func1
	/workspace/pkg/scaling/scale_handler.go:585
2026-03-04T18:49:22Z	ERROR	azure_servicebus_scaler	error getting service bus entity length	{"type": "ScaledObject", "namespace": "3pull", "name": "r-3pull-worker-sample-wait-blob", "error": "sources must contain at least one TokenCredential"}
github.com/kedacore/keda/v2/pkg/scalers.(*azureServiceBusScaler).GetMetricsAndActivity
	/workspace/pkg/scalers/azure_servicebus_scaler.go:221
github.com/kedacore/keda/v2/pkg/scaling/cache.(*ScalersCache).GetMetricsAndActivityForScaler
	/workspace/pkg/scaling/cache/scalers_cache.go:164
github.com/kedacore/keda/v2/pkg/scaling.(*scaleHandler).GetScaledObjectMetrics.func1
	/workspace/pkg/scaling/scale_handler.go:585
2026-03-04T18:49:22Z	ERROR	scale_handler	error getting metric for trigger	{"scaledObject.Namespace": "3pull", "scaledObject.Name": "r-3pull-worker-sample-wait-blob", "trigger": "azureServiceBusScaler", "error": "sources must contain at least one TokenCredential"}
github.com/kedacore/keda/v2/pkg/scaling.(*scaleHandler).processMetricsWithFallback
	/workspace/pkg/scaling/scale_handler.go:460
github.com/kedacore/keda/v2/pkg/scaling.(*scaleHandler).GetScaledObjectMetrics.func1
	/workspace/pkg/scaling/scale_handler.go:593
2026-03-04T18:49:37Z	ERROR	azure_servicebus_scaler	error starting azure workload-identity token provider	{"type": "ScaledObject", "namespace": "3pull", "name": "r-3pull-worker-sample-wait-blob", "error": "no client ID specified. Check pod configuration or set ClientID in the options"}
github.com/kedacore/keda/v2/pkg/scalers/azure.NewChainedCredential
	/workspace/pkg/scalers/azure/azure_azidentity_chain.go:33
github.com/kedacore/keda/v2/pkg/scalers.(*azureServiceBusScaler).getServiceBusAdminClient
	/workspace/pkg/scalers/azure_servicebus_scaler.go:265
github.com/kedacore/keda/v2/pkg/scalers.(*azureServiceBusScaler).getAzureServiceBusLength
	/workspace/pkg/scalers/azure_servicebus_scaler.go:233
github.com/kedacore/keda/v2/pkg/scalers.(*azureServiceBusScaler).GetMetricsAndActivity
	/workspace/pkg/scalers/azure_servicebus_scaler.go:218
github.com/kedacore/keda/v2/pkg/scaling/cache.(*ScalersCache).GetMetricsAndActivityForScaler
	/workspace/pkg/scaling/cache/scalers_cache.go:154
github.com/kedacore/keda/v2/pkg/scaling.(*scaleHandler).GetScaledObjectMetrics.func1
	/workspace/pkg/scaling/scale_handler.go:585
2026-03-04T18:49:37Z	ERROR	azure_servicebus_scaler	error getting service bus entity length	{"type": "ScaledObject", "namespace": "3pull", "name": "r-3pull-worker-sample-wait-blob", "error": "sources must contain at least one TokenCredential"}
github.com/kedacore/keda/v2/pkg/scalers.(*azureServiceBusScaler).GetMetricsAndActivity
	/workspace/pkg/scalers/azure_servicebus_scaler.go:221
github.com/kedacore/keda/v2/pkg/scaling/cache.(*ScalersCache).GetMetricsAndActivityForScaler
	/workspace/pkg/scaling/cache/scalers_cache.go:154
github.com/kedacore/keda/v2/pkg/scaling.(*scaleHandler).GetScaledObjectMetrics.func1
	/workspace/pkg/scaling/scale_handler.go:585
2026-03-04T18:49:37Z	ERROR	azure_servicebus_scaler	error starting azure workload-identity token provider	{"type": "ScaledObject", "namespace": "3pull", "name": "r-3pull-worker-sample-wait-blob", "error": "no client ID specified. Check pod configuration or set ClientID in the options"}
github.com/kedacore/keda/v2/pkg/scalers/azure.NewChainedCredential
	/workspace/pkg/scalers/azure/azure_azidentity_chain.go:33
github.com/kedacore/keda/v2/pkg/scalers.(*azureServiceBusScaler).getServiceBusAdminClient
	/workspace/pkg/scalers/azure_servicebus_scaler.go:265
github.com/kedacore/keda/v2/pkg/scalers.(*azureServiceBusScaler).getAzureServiceBusLength
	/workspace/pkg/scalers/azure_servicebus_scaler.go:233
github.com/kedacore/keda/v2/pkg/scalers.(*azureServiceBusScaler).GetMetricsAndActivity
	/workspace/pkg/scalers/azure_servicebus_scaler.go:218
github.com/kedacore/keda/v2/pkg/scaling/cache.(*ScalersCache).GetMetricsAndActivityForScaler
	/workspace/pkg/scaling/cache/scalers_cache.go:164
github.com/kedacore/keda/v2/pkg/scaling.(*scaleHandler).GetScaledObjectMetrics.func1
	/workspace/pkg/scaling/scale_handler.go:585
2026-03-04T18:49:37Z	ERROR	azure_servicebus_scaler	error getting service bus entity length	{"type": "ScaledObject", "namespace": "3pull", "name": "r-3pull-worker-sample-wait-blob", "error": "sources must contain at least one TokenCredential"}
github.com/kedacore/keda/v2/pkg/scalers.(*azureServiceBusScaler).GetMetricsAndActivity
	/workspace/pkg/scalers/azure_servicebus_scaler.go:221
github.com/kedacore/keda/v2/pkg/scaling/cache.(*ScalersCache).GetMetricsAndActivityForScaler
	/workspace/pkg/scaling/cache/scalers_cache.go:164
github.com/kedacore/keda/v2/pkg/scaling.(*scaleHandler).GetScaledObjectMetrics.func1
	/workspace/pkg/scaling/scale_handler.go:585
2026-03-04T18:49:37Z	ERROR	scale_handler	error getting metric for trigger	{"scaledObject.Namespace": "3pull", "scaledObject.Name": "r-3pull-worker-sample-wait-blob", "trigger": "azureServiceBusScaler", "error": "sources must contain at least one TokenCredential"}
github.com/kedacore/keda/v2/pkg/scaling.(*scaleHandler).processMetricsWithFallback
	/workspace/pkg/scaling/scale_handler.go:460
github.com/kedacore/keda/v2/pkg/scaling.(*scaleHandler).GetScaledObjectMetrics.func1
	/workspace/pkg/scaling/scale_handler.go:593
2026-03-04T18:49:37Z	ERROR	azure_servicebus_scaler	error starting azure workload-identity token provider	{"type": "ScaledObject", "namespace": "3pull", "name": "r-3pull-worker-auth-audit-export", "error": "no client ID specified. Check pod configuration or set ClientID in the options"}
github.com/kedacore/keda/v2/pkg/scalers/azure.NewChainedCredential
	/workspace/pkg/scalers/azure/azure_azidentity_chain.go:33
github.com/kedacore/keda/v2/pkg/scalers.(*azureServiceBusScaler).getServiceBusAdminClient
	/workspace/pkg/scalers/azure_servicebus_scaler.go:265
github.com/kedacore/keda/v2/pkg/scalers.(*azureServiceBusScaler).getAzureServiceBusLength
	/workspace/pkg/scalers/azure_servicebus_scaler.go:233
github.com/kedacore/keda/v2/pkg/scalers.(*azureServiceBusScaler).GetMetricsAndActivity
	/workspace/pkg/scalers/azure_servicebus_scaler.go:218
github.com/kedacore/keda/v2/pkg/scaling/cache.(*ScalersCache).GetMetricsAndActivityForScaler
	/workspace/pkg/scaling/cache/scalers_cache.go:154
github.com/kedacore/keda/v2/pkg/scaling.(*scaleHandler).GetScaledObjectMetrics.func1
	/workspace/pkg/scaling/scale_handler.go:585
2026-03-04T18:49:37Z	ERROR	azure_servicebus_scaler	error getting service bus entity length	{"type": "ScaledObject", "namespace": "3pull", "name": "r-3pull-worker-auth-audit-export", "error": "sources must contain at least one TokenCredential"}
github.com/kedacore/keda/v2/pkg/scalers.(*azureServiceBusScaler).GetMetricsAndActivity
	/workspace/pkg/scalers/azure_servicebus_scaler.go:221
github.com/kedacore/keda/v2/pkg/scaling/cache.(*ScalersCache).GetMetricsAndActivityForScaler
	/workspace/pkg/scaling/cache/scalers_cache.go:154
github.com/kedacore/keda/v2/pkg/scaling.(*scaleHandler).GetScaledObjectMetrics.func1
	/workspace/pkg/scaling/scale_handler.go:585
2026-03-04T18:49:37Z	ERROR	azure_servicebus_scaler	error starting azure workload-identity token provider	{"type": "ScaledObject", "namespace": "3pull", "name": "r-3pull-worker-auth-audit-export", "error": "no client ID specified. Check pod configuration or set ClientID in the options"}
github.com/kedacore/keda/v2/pkg/scalers/azure.NewChainedCredential
	/workspace/pkg/scalers/azure/azure_azidentity_chain.go:33
github.com/kedacore/keda/v2/pkg/scalers.(*azureServiceBusScaler).getServiceBusAdminClient
	/workspace/pkg/scalers/azure_servicebus_scaler.go:265
github.com/kedacore/keda/v2/pkg/scalers.(*azureServiceBusScaler).getAzureServiceBusLength
	/workspace/pkg/scalers/azure_servicebus_scaler.go:233
github.com/kedacore/keda/v2/pkg/scalers.(*azureServiceBusScaler).GetMetricsAndActivity
	/workspace/pkg/scalers/azure_servicebus_scaler.go:218
github.com/kedacore/keda/v2/pkg/scaling/cache.(*ScalersCache).GetMetricsAndActivityForScaler
	/workspace/pkg/scaling/cache/scalers_cache.go:164
github.com/kedacore/keda/v2/pkg/scaling.(*scaleHandler).GetScaledObjectMetrics.func1
	/workspace/pkg/scaling/scale_handler.go:585
2026-03-04T18:49:37Z	ERROR	azure_servicebus_scaler	error getting service bus entity length	{"type": "ScaledObject", "namespace": "3pull", "name": "r-3pull-worker-auth-audit-export", "error": "sources must contain at least one TokenCredential"}
github.com/kedacore/keda/v2/pkg/scalers.(*azureServiceBusScaler).GetMetricsAndActivity
	/workspace/pkg/scalers/azure_servicebus_scaler.go:221
github.com/kedacore/keda/v2/pkg/scaling/cache.(*ScalersCache).GetMetricsAndActivityForScaler
	/workspace/pkg/scaling/cache/scalers_cache.go:164
github.com/kedacore/keda/v2/pkg/scaling.(*scaleHandler).GetScaledObjectMetrics.func1
	/workspace/pkg/scaling/scale_handler.go:585
2026-03-04T18:49:37Z	ERROR	scale_handler	error getting metric for trigger	{"scaledObject.Namespace": "3pull", "scaledObject.Name": "r-3pull-worker-auth-audit-export", "trigger": "azureServiceBusScaler", "error": "sources must contain at least one TokenCredential"}
github.com/kedacore/keda/v2/pkg/scaling.(*scaleHandler).processMetricsWithFallback
	/workspace/pkg/scaling/scale_handler.go:460
github.com/kedacore/keda/v2/pkg/scaling.(*scaleHandler).GetScaledObjectMetrics.func1
	/workspace/pkg/scaling/scale_handler.go:593
2026-03-04T18:49:51Z	ERROR	azure_servicebus_scaler	error starting azure workload-identity token provider	{"type": "ScaledObject", "namespace": "3pull", "name": "r-3pull-worker-auth-audit-export", "error": "no client ID specified. Check pod configuration or set ClientID in the options"}
github.com/kedacore/keda/v2/pkg/scalers/azure.NewChainedCredential
	/workspace/pkg/scalers/azure/azure_azidentity_chain.go:33
github.com/kedacore/keda/v2/pkg/scalers.(*azureServiceBusScaler).getServiceBusAdminClient
	/workspace/pkg/scalers/azure_servicebus_scaler.go:265
github.com/kedacore/keda/v2/pkg/scalers.(*azureServiceBusScaler).getAzureServiceBusLength
	/workspace/pkg/scalers/azure_servicebus_scaler.go:233
github.com/kedacore/keda/v2/pkg/scalers.(*azureServiceBusScaler).GetMetricsAndActivity
	/workspace/pkg/scalers/azure_servicebus_scaler.go:218
github.com/kedacore/keda/v2/pkg/scaling/cache.(*ScalersCache).GetMetricsAndActivityForScaler
	/workspace/pkg/scaling/cache/scalers_cache.go:154
github.com/kedacore/keda/v2/pkg/scaling.(*scaleHandler).getScalerState
	/workspace/pkg/scaling/scale_handler.go:837
github.com/kedacore/keda/v2/pkg/scaling.(*scaleHandler).getScaledObjectState.func1
	/workspace/pkg/scaling/scale_handler.go:714
2026-03-04T18:49:51Z	ERROR	azure_servicebus_scaler	error getting service bus entity length	{"type": "ScaledObject", "namespace": "3pull", "name": "r-3pull-worker-auth-audit-export", "error": "sources must contain at least one TokenCredential"}
github.com/kedacore/keda/v2/pkg/scalers.(*azureServiceBusScaler).GetMetricsAndActivity
	/workspace/pkg/scalers/azure_servicebus_scaler.go:221
github.com/kedacore/keda/v2/pkg/scaling/cache.(*ScalersCache).GetMetricsAndActivityForScaler
	/workspace/pkg/scaling/cache/scalers_cache.go:154
github.com/kedacore/keda/v2/pkg/scaling.(*scaleHandler).getScalerState
	/workspace/pkg/scaling/scale_handler.go:837
github.com/kedacore/keda/v2/pkg/scaling.(*scaleHandler).getScaledObjectState.func1
	/workspace/pkg/scaling/scale_handler.go:714
2026-03-04T18:49:51Z	ERROR	azure_servicebus_scaler	error starting azure workload-identity token provider	{"type": "ScaledObject", "namespace": "3pull", "name": "r-3pull-worker-auth-audit-export", "error": "no client ID specified. Check pod configuration or set ClientID in the options"}
github.com/kedacore/keda/v2/pkg/scalers/azure.NewChainedCredential
	/workspace/pkg/scalers/azure/azure_azidentity_chain.go:33
github.com/kedacore/keda/v2/pkg/scalers.(*azureServiceBusScaler).getServiceBusAdminClient
	/workspace/pkg/scalers/azure_servicebus_scaler.go:265
github.com/kedacore/keda/v2/pkg/scalers.(*azureServiceBusScaler).getAzureServiceBusLength
	/workspace/pkg/scalers/azure_servicebus_scaler.go:233
github.com/kedacore/keda/v2/pkg/scalers.(*azureServiceBusScaler).GetMetricsAndActivity
	/workspace/pkg/scalers/azure_servicebus_scaler.go:218
github.com/kedacore/keda/v2/pkg/scaling/cache.(*ScalersCache).GetMetricsAndActivityForScaler
	/workspace/pkg/scaling/cache/scalers_cache.go:164
github.com/kedacore/keda/v2/pkg/scaling.(*scaleHandler).getScalerState
	/workspace/pkg/scaling/scale_handler.go:837
github.com/kedacore/keda/v2/pkg/scaling.(*scaleHandler).getScaledObjectState.func1
	/workspace/pkg/scaling/scale_handler.go:714
2026-03-04T18:49:51Z	ERROR	azure_servicebus_scaler	error getting service bus entity length	{"type": "ScaledObject", "namespace": "3pull", "name": "r-3pull-worker-auth-audit-export", "error": "sources must contain at least one TokenCredential"}
github.com/kedacore/keda/v2/pkg/scalers.(*azureServiceBusScaler).GetMetricsAndActivity
	/workspace/pkg/scalers/azure_servicebus_scaler.go:221
github.com/kedacore/keda/v2/pkg/scaling/cache.(*ScalersCache).GetMetricsAndActivityForScaler
	/workspace/pkg/scaling/cache/scalers_cache.go:164
github.com/kedacore/keda/v2/pkg/scaling.(*scaleHandler).getScalerState
	/workspace/pkg/scaling/scale_handler.go:837
github.com/kedacore/keda/v2/pkg/scaling.(*scaleHandler).getScaledObjectState.func1
	/workspace/pkg/scaling/scale_handler.go:714
2026-03-04T18:49:51Z	ERROR	scale_handler	error getting metric for trigger	{"scaledObject.Namespace": "3pull", "scaledObject.Name": "r-3pull-worker-auth-audit-export", "trigger": "azureServiceBusScaler", "error": "sources must contain at least one TokenCredential"}
github.com/kedacore/keda/v2/pkg/scaling.(*scaleHandler).processMetricsWithFallback
	/workspace/pkg/scaling/scale_handler.go:460
github.com/kedacore/keda/v2/pkg/scaling.(*scaleHandler).getScalerState
	/workspace/pkg/scaling/scale_handler.go:845
github.com/kedacore/keda/v2/pkg/scaling.(*scaleHandler).getScaledObjectState.func1
	/workspace/pkg/scaling/scale_handler.go:714
2026-03-04T18:49:51Z	ERROR	scale_handler	error getting scale decision	{"scaledObject.Namespace": "3pull", "scaledObject.Name": "r-3pull-worker-auth-audit-export", "scaler": "azureServiceBusScaler", "error": "sources must contain at least one TokenCredential"}
github.com/kedacore/keda/v2/pkg/scaling.(*scaleHandler).getScalerState
	/workspace/pkg/scaling/scale_handler.go:872
github.com/kedacore/keda/v2/pkg/scaling.(*scaleHandler).getScaledObjectState.func1
	/workspace/pkg/scaling/scale_handler.go:714
2026-03-04T18:49:51Z	ERROR	azure_servicebus_scaler	error starting azure workload-identity token provider	{"type": "ScaledObject", "namespace": "3pull", "name": "r-3pull-worker-sample-wait-blob", "error": "no client ID specified. Check pod configuration or set ClientID in the options"}
github.com/kedacore/keda/v2/pkg/scalers/azure.NewChainedCredential
	/workspace/pkg/scalers/azure/azure_azidentity_chain.go:33
github.com/kedacore/keda/v2/pkg/scalers.(*azureServiceBusScaler).getServiceBusAdminClient
	/workspace/pkg/scalers/azure_servicebus_scaler.go:265
github.com/kedacore/keda/v2/pkg/scalers.(*azureServiceBusScaler).getAzureServiceBusLength
	/workspace/pkg/scalers/azure_servicebus_scaler.go:233
github.com/kedacore/keda/v2/pkg/scalers.(*azureServiceBusScaler).GetMetricsAndActivity
	/workspace/pkg/scalers/azure_servicebus_scaler.go:218
github.com/kedacore/keda/v2/pkg/scaling/cache.(*ScalersCache).GetMetricsAndActivityForScaler
	/workspace/pkg/scaling/cache/scalers_cache.go:154
github.com/kedacore/keda/v2/pkg/scaling.(*scaleHandler).getScalerState
	/workspace/pkg/scaling/scale_handler.go:837
github.com/kedacore/keda/v2/pkg/scaling.(*scaleHandler).getScaledObjectState.func1
	/workspace/pkg/scaling/scale_handler.go:714
2026-03-04T18:49:51Z	ERROR	azure_servicebus_scaler	error getting service bus entity length	{"type": "ScaledObject", "namespace": "3pull", "name": "r-3pull-worker-sample-wait-blob", "error": "sources must contain at least one TokenCredential"}
github.com/kedacore/keda/v2/pkg/scalers.(*azureServiceBusScaler).GetMetricsAndActivity
	/workspace/pkg/scalers/azure_servicebus_scaler.go:221
github.com/kedacore/keda/v2/pkg/scaling/cache.(*ScalersCache).GetMetricsAndActivityForScaler
	/workspace/pkg/scaling/cache/scalers_cache.go:154
github.com/kedacore/keda/v2/pkg/scaling.(*scaleHandler).getScalerState
	/workspace/pkg/scaling/scale_handler.go:837
github.com/kedacore/keda/v2/pkg/scaling.(*scaleHandler).getScaledObjectState.func1
	/workspace/pkg/scaling/scale_handler.go:714
2026-03-04T18:49:51Z	ERROR	azure_servicebus_scaler	error starting azure workload-identity token provider	{"type": "ScaledObject", "namespace": "3pull", "name": "r-3pull-worker-sample-wait-blob", "error": "no client ID specified. Check pod configuration or set ClientID in the options"}
github.com/kedacore/keda/v2/pkg/scalers/azure.NewChainedCredential
	/workspace/pkg/scalers/azure/azure_azidentity_chain.go:33
github.com/kedacore/keda/v2/pkg/scalers.(*azureServiceBusScaler).getServiceBusAdminClient
	/workspace/pkg/scalers/azure_servicebus_scaler.go:265
github.com/kedacore/keda/v2/pkg/scalers.(*azureServiceBusScaler).getAzureServiceBusLength
	/workspace/pkg/scalers/azure_servicebus_scaler.go:233
github.com/kedacore/keda/v2/pkg/scalers.(*azureServiceBusScaler).GetMetricsAndActivity
	/workspace/pkg/scalers/azure_servicebus_scaler.go:218
github.com/kedacore/keda/v2/pkg/scaling/cache.(*ScalersCache).GetMetricsAndActivityForScaler
	/workspace/pkg/scaling/cache/scalers_cache.go:164
github.com/kedacore/keda/v2/pkg/scaling.(*scaleHandler).getScalerState
	/workspace/pkg/scaling/scale_handler.go:837
github.com/kedacore/keda/v2/pkg/scaling.(*scaleHandler).getScaledObjectState.func1
	/workspace/pkg/scaling/scale_handler.go:714
2026-03-04T18:49:51Z	ERROR	azure_servicebus_scaler	error getting service bus entity length	{"type": "ScaledObject", "namespace": "3pull", "name": "r-3pull-worker-sample-wait-blob", "error": "sources must contain at least one TokenCredential"}
github.com/kedacore/keda/v2/pkg/scalers.(*azureServiceBusScaler).GetMetricsAndActivity
	/workspace/pkg/scalers/azure_servicebus_scaler.go:221
github.com/kedacore/keda/v2/pkg/scaling/cache.(*ScalersCache).GetMetricsAndActivityForScaler
	/workspace/pkg/scaling/cache/scalers_cache.go:164
github.com/kedacore/keda/v2/pkg/scaling.(*scaleHandler).getScalerState
	/workspace/pkg/scaling/scale_handler.go:837
github.com/kedacore/keda/v2/pkg/scaling.(*scaleHandler).getScaledObjectState.func1
	/workspace/pkg/scaling/scale_handler.go:714
2026-03-04T18:49:51Z	ERROR	scale_handler	error getting metric for trigger	{"scaledObject.Namespace": "3pull", "scaledObject.Name": "r-3pull-worker-sample-wait-blob", "trigger": "azureServiceBusScaler", "error": "sources must contain at least one TokenCredential"}
github.com/kedacore/keda/v2/pkg/scaling.(*scaleHandler).processMetricsWithFallback
	/workspace/pkg/scaling/scale_handler.go:460
github.com/kedacore/keda/v2/pkg/scaling.(*scaleHandler).getScalerState
	/workspace/pkg/scaling/scale_handler.go:845
github.com/kedacore/keda/v2/pkg/scaling.(*scaleHandler).getScaledObjectState.func1
	/workspace/pkg/scaling/scale_handler.go:714
2026-03-04T18:49:51Z	ERROR	scale_handler	error getting scale decision	{"scaledObject.Namespace": "3pull", "scaledObject.Name": "r-3pull-worker-sample-wait-blob", "scaler": "azureServiceBusScaler", "error": "sources must contain at least one TokenCredential"}
github.com/kedacore/keda/v2/pkg/scaling.(*scaleHandler).getScalerState
	/workspace/pkg/scaling/scale_handler.go:872
github.com/kedacore/keda/v2/pkg/scaling.(*scaleHandler).getScaledObjectState.func1
	/workspace/pkg/scaling/scale_handler.go:714
2026-03-04T18:49:52Z	ERROR	azure_servicebus_scaler	error starting azure workload-identity token provider	{"type": "ScaledObject", "namespace": "3pull", "name": "r-3pull-worker-sample-wait-blob", "error": "no client ID specified. Check pod configuration or set ClientID in the options"}
github.com/kedacore/keda/v2/pkg/scalers/azure.NewChainedCredential
	/workspace/pkg/scalers/azure/azure_azidentity_chain.go:33
github.com/kedacore/keda/v2/pkg/scalers.(*azureServiceBusScaler).getServiceBusAdminClient
	/workspace/pkg/scalers/azure_servicebus_scaler.go:265
github.com/kedacore/keda/v2/pkg/scalers.(*azureServiceBusScaler).getAzureServiceBusLength
	/workspace/pkg/scalers/azure_servicebus_scaler.go:233
github.com/kedacore/keda/v2/pkg/scalers.(*azureServiceBusScaler).GetMetricsAndActivity
	/workspace/pkg/scalers/azure_servicebus_scaler.go:218
github.com/kedacore/keda/v2/pkg/scaling/cache.(*ScalersCache).GetMetricsAndActivityForScaler
	/workspace/pkg/scaling/cache/scalers_cache.go:154
github.com/kedacore/keda/v2/pkg/scaling.(*scaleHandler).GetScaledObjectMetrics.func1
	/workspace/pkg/scaling/scale_handler.go:585
2026-03-04T18:49:52Z	ERROR	azure_servicebus_scaler	error getting service bus entity length	{"type": "ScaledObject", "namespace": "3pull", "name": "r-3pull-worker-sample-wait-blob", "error": "sources must contain at least one TokenCredential"}
github.com/kedacore/keda/v2/pkg/scalers.(*azureServiceBusScaler).GetMetricsAndActivity
	/workspace/pkg/scalers/azure_servicebus_scaler.go:221
github.com/kedacore/keda/v2/pkg/scaling/cache.(*ScalersCache).GetMetricsAndActivityForScaler
	/workspace/pkg/scaling/cache/scalers_cache.go:154
github.com/kedacore/keda/v2/pkg/scaling.(*scaleHandler).GetScaledObjectMetrics.func1
	/workspace/pkg/scaling/scale_handler.go:585
2026-03-04T18:49:52Z	ERROR	azure_servicebus_scaler	error starting azure workload-identity token provider	{"type": "ScaledObject", "namespace": "3pull", "name": "r-3pull-worker-sample-wait-blob", "error": "no client ID specified. Check pod configuration or set ClientID in the options"}
github.com/kedacore/keda/v2/pkg/scalers/azure.NewChainedCredential
	/workspace/pkg/scalers/azure/azure_azidentity_chain.go:33
github.com/kedacore/keda/v2/pkg/scalers.(*azureServiceBusScaler).getServiceBusAdminClient
	/workspace/pkg/scalers/azure_servicebus_scaler.go:265
github.com/kedacore/keda/v2/pkg/scalers.(*azureServiceBusScaler).getAzureServiceBusLength
	/workspace/pkg/scalers/azure_servicebus_scaler.go:233
github.com/kedacore/keda/v2/pkg/scalers.(*azureServiceBusScaler).GetMetricsAndActivity
	/workspace/pkg/scalers/azure_servicebus_scaler.go:218
github.com/kedacore/keda/v2/pkg/scaling/cache.(*ScalersCache).GetMetricsAndActivityForScaler
	/workspace/pkg/scaling/cache/scalers_cache.go:164
github.com/kedacore/keda/v2/pkg/scaling.(*scaleHandler).GetScaledObjectMetrics.func1
	/workspace/pkg/scaling/scale_handler.go:585
2026-03-04T18:49:52Z	ERROR	azure_servicebus_scaler	error getting service bus entity length	{"type": "ScaledObject", "namespace": "3pull", "name": "r-3pull-worker-sample-wait-blob", "error": "sources must contain at least one TokenCredential"}
github.com/kedacore/keda/v2/pkg/scalers.(*azureServiceBusScaler).GetMetricsAndActivity
	/workspace/pkg/scalers/azure_servicebus_scaler.go:221
github.com/kedacore/keda/v2/pkg/scaling/cache.(*ScalersCache).GetMetricsAndActivityForScaler
	/workspace/pkg/scaling/cache/scalers_cache.go:164
github.com/kedacore/keda/v2/pkg/scaling.(*scaleHandler).GetScaledObjectMetrics.func1
	/workspace/pkg/scaling/scale_handler.go:585
2026-03-04T18:49:52Z	ERROR	scale_handler	error getting metric for trigger	{"scaledObject.Namespace": "3pull", "scaledObject.Name": "r-3pull-worker-sample-wait-blob", "trigger": "azureServiceBusScaler", "error": "sources must contain at least one TokenCredential"}
github.com/kedacore/keda/v2/pkg/scaling.(*scaleHandler).processMetricsWithFallback
	/workspace/pkg/scaling/scale_handler.go:460
github.com/kedacore/keda/v2/pkg/scaling.(*scaleHandler).GetScaledObjectMetrics.func1
	/workspace/pkg/scaling/scale_handler.go:593
2026-03-04T18:49:52Z	ERROR	azure_servicebus_scaler	error starting azure workload-identity token provider	{"type": "ScaledObject", "namespace": "3pull", "name": "r-3pull-worker-auth-audit-export", "error": "no client ID specified. Check pod configuration or set ClientID in the options"}
github.com/kedacore/keda/v2/pkg/scalers/azure.NewChainedCredential
	/workspace/pkg/scalers/azure/azure_azidentity_chain.go:33
github.com/kedacore/keda/v2/pkg/scalers.(*azureServiceBusScaler).getServiceBusAdminClient
	/workspace/pkg/scalers/azure_servicebus_scaler.go:265
github.com/kedacore/keda/v2/pkg/scalers.(*azureServiceBusScaler).getAzureServiceBusLength
	/workspace/pkg/scalers/azure_servicebus_scaler.go:233
github.com/kedacore/keda/v2/pkg/scalers.(*azureServiceBusScaler).GetMetricsAndActivity
	/workspace/pkg/scalers/azure_servicebus_scaler.go:218
github.com/kedacore/keda/v2/pkg/scaling/cache.(*ScalersCache).GetMetricsAndActivityForScaler
	/workspace/pkg/scaling/cache/scalers_cache.go:154
github.com/kedacore/keda/v2/pkg/scaling.(*scaleHandler).GetScaledObjectMetrics.func1
	/workspace/pkg/scaling/scale_handler.go:585
2026-03-04T18:49:52Z	ERROR	azure_servicebus_scaler	error getting service bus entity length	{"type": "ScaledObject", "namespace": "3pull", "name": "r-3pull-worker-auth-audit-export", "error": "sources must contain at least one TokenCredential"}
github.com/kedacore/keda/v2/pkg/scalers.(*azureServiceBusScaler).GetMetricsAndActivity
	/workspace/pkg/scalers/azure_servicebus_scaler.go:221
github.com/kedacore/keda/v2/pkg/scaling/cache.(*ScalersCache).GetMetricsAndActivityForScaler
	/workspace/pkg/scaling/cache/scalers_cache.go:154
github.com/kedacore/keda/v2/pkg/scaling.(*scaleHandler).GetScaledObjectMetrics.func1
	/workspace/pkg/scaling/scale_handler.go:585
2026-03-04T18:49:52Z	ERROR	azure_servicebus_scaler	error starting azure workload-identity token provider	{"type": "ScaledObject", "namespace": "3pull", "name": "r-3pull-worker-auth-audit-export", "error": "no client ID specified. Check pod configuration or set ClientID in the options"}
github.com/kedacore/keda/v2/pkg/scalers/azure.NewChainedCredential
	/workspace/pkg/scalers/azure/azure_azidentity_chain.go:33
github.com/kedacore/keda/v2/pkg/scalers.(*azureServiceBusScaler).getServiceBusAdminClient
	/workspace/pkg/scalers/azure_servicebus_scaler.go:265
github.com/kedacore/keda/v2/pkg/scalers.(*azureServiceBusScaler).getAzureServiceBusLength
	/workspace/pkg/scalers/azure_servicebus_scaler.go:233
github.com/kedacore/keda/v2/pkg/scalers.(*azureServiceBusScaler).GetMetricsAndActivity
	/workspace/pkg/scalers/azure_servicebus_scaler.go:218
github.com/kedacore/keda/v2/pkg/scaling/cache.(*ScalersCache).GetMetricsAndActivityForScaler
	/workspace/pkg/scaling/cache/scalers_cache.go:164
github.com/kedacore/keda/v2/pkg/scaling.(*scaleHandler).GetScaledObjectMetrics.func1
	/workspace/pkg/scaling/scale_handler.go:585
2026-03-04T18:49:52Z	ERROR	azure_servicebus_scaler	error getting service bus entity length	{"type": "ScaledObject", "namespace": "3pull", "name": "r-3pull-worker-auth-audit-export", "error": "sources must contain at least one TokenCredential"}
github.com/kedacore/keda/v2/pkg/scalers.(*azureServiceBusScaler).GetMetricsAndActivity
	/workspace/pkg/scalers/azure_servicebus_scaler.go:221
github.com/kedacore/keda/v2/pkg/scaling/cache.(*ScalersCache).GetMetricsAndActivityForScaler
	/workspace/pkg/scaling/cache/scalers_cache.go:164
github.com/kedacore/keda/v2/pkg/scaling.(*scaleHandler).GetScaledObjectMetrics.func1
	/workspace/pkg/scaling/scale_handler.go:585
2026-03-04T18:49:52Z	ERROR	scale_handler	error getting metric for trigger	{"scaledObject.Namespace": "3pull", "scaledObject.Name": "r-3pull-worker-auth-audit-export", "trigger": "azureServiceBusScaler", "error": "sources must contain at least one TokenCredential"}
github.com/kedacore/keda/v2/pkg/scaling.(*scaleHandler).processMetricsWithFallback
	/workspace/pkg/scaling/scale_handler.go:460
github.com/kedacore/keda/v2/pkg/scaling.(*scaleHandler).GetScaledObjectMetrics.func1
	/workspace/pkg/scaling/scale_handler.go:593
2026-03-04T18:50:07Z	ERROR	azure_servicebus_scaler	error starting azure workload-identity token provider	{"type": "ScaledObject", "namespace": "3pull", "name": "r-3pull-worker-sample-wait-blob", "error": "no client ID specified. Check pod configuration or set ClientID in the options"}
github.com/kedacore/keda/v2/pkg/scalers/azure.NewChainedCredential
	/workspace/pkg/scalers/azure/azure_azidentity_chain.go:33
github.com/kedacore/keda/v2/pkg/scalers.(*azureServiceBusScaler).getServiceBusAdminClient
	/workspace/pkg/scalers/azure_servicebus_scaler.go:265
github.com/kedacore/keda/v2/pkg/scalers.(*azureServiceBusScaler).getAzureServiceBusLength
	/workspace/pkg/scalers/azure_servicebus_scaler.go:233
github.com/kedacore/keda/v2/pkg/scalers.(*azureServiceBusScaler).GetMetricsAndActivity
	/workspace/pkg/scalers/azure_servicebus_scaler.go:218
github.com/kedacore/keda/v2/pkg/scaling/cache.(*ScalersCache).GetMetricsAndActivityForScaler
	/workspace/pkg/scaling/cache/scalers_cache.go:154
github.com/kedacore/keda/v2/pkg/scaling.(*scaleHandler).GetScaledObjectMetrics.func1
	/workspace/pkg/scaling/scale_handler.go:585
2026-03-04T18:50:07Z	ERROR	azure_servicebus_scaler	error getting service bus entity length	{"type": "ScaledObject", "namespace": "3pull", "name": "r-3pull-worker-sample-wait-blob", "error": "sources must contain at least one TokenCredential"}
github.com/kedacore/keda/v2/pkg/scalers.(*azureServiceBusScaler).GetMetricsAndActivity
	/workspace/pkg/scalers/azure_servicebus_scaler.go:221
github.com/kedacore/keda/v2/pkg/scaling/cache.(*ScalersCache).GetMetricsAndActivityForScaler
	/workspace/pkg/scaling/cache/scalers_cache.go:154
github.com/kedacore/keda/v2/pkg/scaling.(*scaleHandler).GetScaledObjectMetrics.func1
	/workspace/pkg/scaling/scale_handler.go:585
2026-03-04T18:50:07Z	ERROR	azure_servicebus_scaler	error starting azure workload-identity token provider	{"type": "ScaledObject", "namespace": "3pull", "name": "r-3pull-worker-sample-wait-blob", "error": "no client ID specified. Check pod configuration or set ClientID in the options"}
github.com/kedacore/keda/v2/pkg/scalers/azure.NewChainedCredential
	/workspace/pkg/scalers/azure/azure_azidentity_chain.go:33
github.com/kedacore/keda/v2/pkg/scalers.(*azureServiceBusScaler).getServiceBusAdminClient
	/workspace/pkg/scalers/azure_servicebus_scaler.go:265
github.com/kedacore/keda/v2/pkg/scalers.(*azureServiceBusScaler).getAzureServiceBusLength
	/workspace/pkg/scalers/azure_servicebus_scaler.go:233
github.com/kedacore/keda/v2/pkg/scalers.(*azureServiceBusScaler).GetMetricsAndActivity
	/workspace/pkg/scalers/azure_servicebus_scaler.go:218
github.com/kedacore/keda/v2/pkg/scaling/cache.(*ScalersCache).GetMetricsAndActivityForScaler
	/workspace/pkg/scaling/cache/scalers_cache.go:164
github.com/kedacore/keda/v2/pkg/scaling.(*scaleHandler).GetScaledObjectMetrics.func1
	/workspace/pkg/scaling/scale_handler.go:585
2026-03-04T18:50:07Z	ERROR	azure_servicebus_scaler	error getting service bus entity length	{"type": "ScaledObject", "namespace": "3pull", "name": "r-3pull-worker-sample-wait-blob", "error": "sources must contain at least one TokenCredential"}
github.com/kedacore/keda/v2/pkg/scalers.(*azureServiceBusScaler).GetMetricsAndActivity
	/workspace/pkg/scalers/azure_servicebus_scaler.go:221
github.com/kedacore/keda/v2/pkg/scaling/cache.(*ScalersCache).GetMetricsAndActivityForScaler
	/workspace/pkg/scaling/cache/scalers_cache.go:164
github.com/kedacore/keda/v2/pkg/scaling.(*scaleHandler).GetScaledObjectMetrics.func1
	/workspace/pkg/scaling/scale_handler.go:585
2026-03-04T18:50:07Z	ERROR	scale_handler	error getting metric for trigger	{"scaledObject.Namespace": "3pull", "scaledObject.Name": "r-3pull-worker-sample-wait-blob", "trigger": "azureServiceBusScaler", "error": "sources must contain at least one TokenCredential"}
github.com/kedacore/keda/v2/pkg/scaling.(*scaleHandler).processMetricsWithFallback
	/workspace/pkg/scaling/scale_handler.go:460
github.com/kedacore/keda/v2/pkg/scaling.(*scaleHandler).GetScaledObjectMetrics.func1
	/workspace/pkg/scaling/scale_handler.go:593
2026-03-04T18:50:07Z	ERROR	azure_servicebus_scaler	error starting azure workload-identity token provider	{"type": "ScaledObject", "namespace": "3pull", "name": "r-3pull-worker-auth-audit-export", "error": "no client ID specified. Check pod configuration or set ClientID in the options"}
github.com/kedacore/keda/v2/pkg/scalers/azure.NewChainedCredential
	/workspace/pkg/scalers/azure/azure_azidentity_chain.go:33
github.com/kedacore/keda/v2/pkg/scalers.(*azureServiceBusScaler).getServiceBusAdminClient
	/workspace/pkg/scalers/azure_servicebus_scaler.go:265
github.com/kedacore/keda/v2/pkg/scalers.(*azureServiceBusScaler).getAzureServiceBusLength
	/workspace/pkg/scalers/azure_servicebus_scaler.go:233
github.com/kedacore/keda/v2/pkg/scalers.(*azureServiceBusScaler).GetMetricsAndActivity
	/workspace/pkg/scalers/azure_servicebus_scaler.go:218
github.com/kedacore/keda/v2/pkg/scaling/cache.(*ScalersCache).GetMetricsAndActivityForScaler
	/workspace/pkg/scaling/cache/scalers_cache.go:154
github.com/kedacore/keda/v2/pkg/scaling.(*scaleHandler).GetScaledObjectMetrics.func1
	/workspace/pkg/scaling/scale_handler.go:585
2026-03-04T18:50:07Z	ERROR	azure_servicebus_scaler	error getting service bus entity length	{"type": "ScaledObject", "namespace": "3pull", "name": "r-3pull-worker-auth-audit-export", "error": "sources must contain at least one TokenCredential"}
github.com/kedacore/keda/v2/pkg/scalers.(*azureServiceBusScaler).GetMetricsAndActivity
	/workspace/pkg/scalers/azure_servicebus_scaler.go:221
github.com/kedacore/keda/v2/pkg/scaling/cache.(*ScalersCache).GetMetricsAndActivityForScaler
	/workspace/pkg/scaling/cache/scalers_cache.go:154
github.com/kedacore/keda/v2/pkg/scaling.(*scaleHandler).GetScaledObjectMetrics.func1
	/workspace/pkg/scaling/scale_handler.go:585
2026-03-04T18:50:07Z	ERROR	azure_servicebus_scaler	error starting azure workload-identity token provider	{"type": "ScaledObject", "namespace": "3pull", "name": "r-3pull-worker-auth-audit-export", "error": "no client ID specified. Check pod configuration or set ClientID in the options"}
github.com/kedacore/keda/v2/pkg/scalers/azure.NewChainedCredential
	/workspace/pkg/scalers/azure/azure_azidentity_chain.go:33
github.com/kedacore/keda/v2/pkg/scalers.(*azureServiceBusScaler).getServiceBusAdminClient
	/workspace/pkg/scalers/azure_servicebus_scaler.go:265
github.com/kedacore/keda/v2/pkg/scalers.(*azureServiceBusScaler).getAzureServiceBusLength
	/workspace/pkg/scalers/azure_servicebus_scaler.go:233
github.com/kedacore/keda/v2/pkg/scalers.(*azureServiceBusScaler).GetMetricsAndActivity
	/workspace/pkg/scalers/azure_servicebus_scaler.go:218
github.com/kedacore/keda/v2/pkg/scaling/cache.(*ScalersCache).GetMetricsAndActivityForScaler
	/workspace/pkg/scaling/cache/scalers_cache.go:164
github.com/kedacore/keda/v2/pkg/scaling.(*scaleHandler).GetScaledObjectMetrics.func1
	/workspace/pkg/scaling/scale_handler.go:585
2026-03-04T18:50:07Z	ERROR	azure_servicebus_scaler	error getting service bus entity length	{"type": "ScaledObject", "namespace": "3pull", "name": "r-3pull-worker-auth-audit-export", "error": "sources must contain at least one TokenCredential"}
github.com/kedacore/keda/v2/pkg/scalers.(*azureServiceBusScaler).GetMetricsAndActivity
	/workspace/pkg/scalers/azure_servicebus_scaler.go:221
github.com/kedacore/keda/v2/pkg/scaling/cache.(*ScalersCache).GetMetricsAndActivityForScaler
	/workspace/pkg/scaling/cache/scalers_cache.go:164
github.com/kedacore/keda/v2/pkg/scaling.(*scaleHandler).GetScaledObjectMetrics.func1
	/workspace/pkg/scaling/scale_handler.go:585
2026-03-04T18:50:07Z	ERROR	scale_handler	error getting metric for trigger	{"scaledObject.Namespace": "3pull", "scaledObject.Name": "r-3pull-worker-auth-audit-export", "trigger": "azureServiceBusScaler", "error": "sources must contain at least one TokenCredential"}
github.com/kedacore/keda/v2/pkg/scaling.(*scaleHandler).processMetricsWithFallback
	/workspace/pkg/scaling/scale_handler.go:460
github.com/kedacore/keda/v2/pkg/scaling.(*scaleHandler).GetScaledObjectMetrics.func1
	/workspace/pkg/scaling/scale_handler.go:593
2026-03-04T18:50:21Z	ERROR	azure_servicebus_scaler	error starting azure workload-identity token provider	{"type": "ScaledObject", "namespace": "3pull", "name": "r-3pull-worker-auth-audit-export", "error": "no client ID specified. Check pod configuration or set ClientID in the options"}
github.com/kedacore/keda/v2/pkg/scalers/azure.NewChainedCredential
	/workspace/pkg/scalers/azure/azure_azidentity_chain.go:33
github.com/kedacore/keda/v2/pkg/scalers.(*azureServiceBusScaler).getServiceBusAdminClient
	/workspace/pkg/scalers/azure_servicebus_scaler.go:265
github.com/kedacore/keda/v2/pkg/scalers.(*azureServiceBusScaler).getAzureServiceBusLength
	/workspace/pkg/scalers/azure_servicebus_scaler.go:233
github.com/kedacore/keda/v2/pkg/scalers.(*azureServiceBusScaler).GetMetricsAndActivity
	/workspace/pkg/scalers/azure_servicebus_scaler.go:218
github.com/kedacore/keda/v2/pkg/scaling/cache.(*ScalersCache).GetMetricsAndActivityForScaler
	/workspace/pkg/scaling/cache/scalers_cache.go:154
github.com/kedacore/keda/v2/pkg/scaling.(*scaleHandler).getScalerState
	/workspace/pkg/scaling/scale_handler.go:837
github.com/kedacore/keda/v2/pkg/scaling.(*scaleHandler).getScaledObjectState.func1
	/workspace/pkg/scaling/scale_handler.go:714
2026-03-04T18:50:21Z	ERROR	azure_servicebus_scaler	error getting service bus entity length	{"type": "ScaledObject", "namespace": "3pull", "name": "r-3pull-worker-auth-audit-export", "error": "sources must contain at least one TokenCredential"}
github.com/kedacore/keda/v2/pkg/scalers.(*azureServiceBusScaler).GetMetricsAndActivity
	/workspace/pkg/scalers/azure_servicebus_scaler.go:221
github.com/kedacore/keda/v2/pkg/scaling/cache.(*ScalersCache).GetMetricsAndActivityForScaler
	/workspace/pkg/scaling/cache/scalers_cache.go:154
github.com/kedacore/keda/v2/pkg/scaling.(*scaleHandler).getScalerState
	/workspace/pkg/scaling/scale_handler.go:837
github.com/kedacore/keda/v2/pkg/scaling.(*scaleHandler).getScaledObjectState.func1
	/workspace/pkg/scaling/scale_handler.go:714
2026-03-04T18:50:21Z	ERROR	azure_servicebus_scaler	error starting azure workload-identity token provider	{"type": "ScaledObject", "namespace": "3pull", "name": "r-3pull-worker-auth-audit-export", "error": "no client ID specified. Check pod configuration or set ClientID in the options"}
github.com/kedacore/keda/v2/pkg/scalers/azure.NewChainedCredential
	/workspace/pkg/scalers/azure/azure_azidentity_chain.go:33
github.com/kedacore/keda/v2/pkg/scalers.(*azureServiceBusScaler).getServiceBusAdminClient
	/workspace/pkg/scalers/azure_servicebus_scaler.go:265
github.com/kedacore/keda/v2/pkg/scalers.(*azureServiceBusScaler).getAzureServiceBusLength
	/workspace/pkg/scalers/azure_servicebus_scaler.go:233
github.com/kedacore/keda/v2/pkg/scalers.(*azureServiceBusScaler).GetMetricsAndActivity
	/workspace/pkg/scalers/azure_servicebus_scaler.go:218
github.com/kedacore/keda/v2/pkg/scaling/cache.(*ScalersCache).GetMetricsAndActivityForScaler
	/workspace/pkg/scaling/cache/scalers_cache.go:164
github.com/kedacore/keda/v2/pkg/scaling.(*scaleHandler).getScalerState
	/workspace/pkg/scaling/scale_handler.go:837
github.com/kedacore/keda/v2/pkg/scaling.(*scaleHandler).getScaledObjectState.func1
	/workspace/pkg/scaling/scale_handler.go:714
2026-03-04T18:50:21Z	ERROR	azure_servicebus_scaler	error getting service bus entity length	{"type": "ScaledObject", "namespace": "3pull", "name": "r-3pull-worker-auth-audit-export", "error": "sources must contain at least one TokenCredential"}
github.com/kedacore/keda/v2/pkg/scalers.(*azureServiceBusScaler).GetMetricsAndActivity
	/workspace/pkg/scalers/azure_servicebus_scaler.go:221
github.com/kedacore/keda/v2/pkg/scaling/cache.(*ScalersCache).GetMetricsAndActivityForScaler
	/workspace/pkg/scaling/cache/scalers_cache.go:164
github.com/kedacore/keda/v2/pkg/scaling.(*scaleHandler).getScalerState
	/workspace/pkg/scaling/scale_handler.go:837
github.com/kedacore/keda/v2/pkg/scaling.(*scaleHandler).getScaledObjectState.func1
	/workspace/pkg/scaling/scale_handler.go:714
2026-03-04T18:50:21Z	ERROR	scale_handler	error getting metric for trigger	{"scaledObject.Namespace": "3pull", "scaledObject.Name": "r-3pull-worker-auth-audit-export", "trigger": "azureServiceBusScaler", "error": "sources must contain at least one TokenCredential"}
github.com/kedacore/keda/v2/pkg/scaling.(*scaleHandler).processMetricsWithFallback
	/workspace/pkg/scaling/scale_handler.go:460
github.com/kedacore/keda/v2/pkg/scaling.(*scaleHandler).getScalerState
	/workspace/pkg/scaling/scale_handler.go:845
github.com/kedacore/keda/v2/pkg/scaling.(*scaleHandler).getScaledObjectState.func1
	/workspace/pkg/scaling/scale_handler.go:714
2026-03-04T18:50:21Z	ERROR	scale_handler	error getting scale decision	{"scaledObject.Namespace": "3pull", "scaledObject.Name": "r-3pull-worker-auth-audit-export", "scaler": "azureServiceBusScaler", "error": "sources must contain at least one TokenCredential"}
github.com/kedacore/keda/v2/pkg/scaling.(*scaleHandler).getScalerState
	/workspace/pkg/scaling/scale_handler.go:872
github.com/kedacore/keda/v2/pkg/scaling.(*scaleHandler).getScaledObjectState.func1
	/workspace/pkg/scaling/scale_handler.go:714
2026-03-04T18:50:21Z	ERROR	azure_servicebus_scaler	error starting azure workload-identity token provider	{"type": "ScaledObject", "namespace": "3pull", "name": "r-3pull-worker-sample-wait-blob", "error": "no client ID specified. Check pod configuration or set ClientID in the options"}
github.com/kedacore/keda/v2/pkg/scalers/azure.NewChainedCredential
	/workspace/pkg/scalers/azure/azure_azidentity_chain.go:33
github.com/kedacore/keda/v2/pkg/scalers.(*azureServiceBusScaler).getServiceBusAdminClient
	/workspace/pkg/scalers/azure_servicebus_scaler.go:265
github.com/kedacore/keda/v2/pkg/scalers.(*azureServiceBusScaler).getAzureServiceBusLength
	/workspace/pkg/scalers/azure_servicebus_scaler.go:233
github.com/kedacore/keda/v2/pkg/scalers.(*azureServiceBusScaler).GetMetricsAndActivity
	/workspace/pkg/scalers/azure_servicebus_scaler.go:218
github.com/kedacore/keda/v2/pkg/scaling/cache.(*ScalersCache).GetMetricsAndActivityForScaler
	/workspace/pkg/scaling/cache/scalers_cache.go:154
github.com/kedacore/keda/v2/pkg/scaling.(*scaleHandler).getScalerState
	/workspace/pkg/scaling/scale_handler.go:837
github.com/kedacore/keda/v2/pkg/scaling.(*scaleHandler).getScaledObjectState.func1
	/workspace/pkg/scaling/scale_handler.go:714
2026-03-04T18:50:21Z	ERROR	azure_servicebus_scaler	error getting service bus entity length	{"type": "ScaledObject", "namespace": "3pull", "name": "r-3pull-worker-sample-wait-blob", "error": "sources must contain at least one TokenCredential"}
github.com/kedacore/keda/v2/pkg/scalers.(*azureServiceBusScaler).GetMetricsAndActivity
	/workspace/pkg/scalers/azure_servicebus_scaler.go:221
github.com/kedacore/keda/v2/pkg/scaling/cache.(*ScalersCache).GetMetricsAndActivityForScaler
	/workspace/pkg/scaling/cache/scalers_cache.go:154
github.com/kedacore/keda/v2/pkg/scaling.(*scaleHandler).getScalerState
	/workspace/pkg/scaling/scale_handler.go:837
github.com/kedacore/keda/v2/pkg/scaling.(*scaleHandler).getScaledObjectState.func1
	/workspace/pkg/scaling/scale_handler.go:714
2026-03-04T18:50:21Z	ERROR	azure_servicebus_scaler	error starting azure workload-identity token provider	{"type": "ScaledObject", "namespace": "3pull", "name": "r-3pull-worker-sample-wait-blob", "error": "no client ID specified. Check pod configuration or set ClientID in the options"}
github.com/kedacore/keda/v2/pkg/scalers/azure.NewChainedCredential
	/workspace/pkg/scalers/azure/azure_azidentity_chain.go:33
github.com/kedacore/keda/v2/pkg/scalers.(*azureServiceBusScaler).getServiceBusAdminClient
	/workspace/pkg/scalers/azure_servicebus_scaler.go:265
github.com/kedacore/keda/v2/pkg/scalers.(*azureServiceBusScaler).getAzureServiceBusLength
	/workspace/pkg/scalers/azure_servicebus_scaler.go:233
github.com/kedacore/keda/v2/pkg/scalers.(*azureServiceBusScaler).GetMetricsAndActivity
	/workspace/pkg/scalers/azure_servicebus_scaler.go:218
github.com/kedacore/keda/v2/pkg/scaling/cache.(*ScalersCache).GetMetricsAndActivityForScaler
	/workspace/pkg/scaling/cache/scalers_cache.go:164
github.com/kedacore/keda/v2/pkg/scaling.(*scaleHandler).getScalerState
	/workspace/pkg/scaling/scale_handler.go:837
github.com/kedacore/keda/v2/pkg/scaling.(*scaleHandler).getScaledObjectState.func1
	/workspace/pkg/scaling/scale_handler.go:714
2026-03-04T18:50:21Z	ERROR	azure_servicebus_scaler	error getting service bus entity length	{"type": "ScaledObject", "namespace": "3pull", "name": "r-3pull-worker-sample-wait-blob", "error": "sources must contain at least one TokenCredential"}
github.com/kedacore/keda/v2/pkg/scalers.(*azureServiceBusScaler).GetMetricsAndActivity
	/workspace/pkg/scalers/azure_servicebus_scaler.go:221
github.com/kedacore/keda/v2/pkg/scaling/cache.(*ScalersCache).GetMetricsAndActivityForScaler
	/workspace/pkg/scaling/cache/scalers_cache.go:164
github.com/kedacore/keda/v2/pkg/scaling.(*scaleHandler).getScalerState
	/workspace/pkg/scaling/scale_handler.go:837
github.com/kedacore/keda/v2/pkg/scaling.(*scaleHandler).getScaledObjectState.func1
	/workspace/pkg/scaling/scale_handler.go:714
2026-03-04T18:50:21Z	ERROR	scale_handler	error getting metric for trigger	{"scaledObject.Namespace": "3pull", "scaledObject.Name": "r-3pull-worker-sample-wait-blob", "trigger": "azureServiceBusScaler", "error": "sources must contain at least one TokenCredential"}
github.com/kedacore/keda/v2/pkg/scaling.(*scaleHandler).processMetricsWithFallback
	/workspace/pkg/scaling/scale_handler.go:460
github.com/kedacore/keda/v2/pkg/scaling.(*scaleHandler).getScalerState
	/workspace/pkg/scaling/scale_handler.go:845
github.com/kedacore/keda/v2/pkg/scaling.(*scaleHandler).getScaledObjectState.func1
	/workspace/pkg/scaling/scale_handler.go:714
2026-03-04T18:50:21Z	ERROR	scale_handler	error getting scale decision	{"scaledObject.Namespace": "3pull", "scaledObject.Name": "r-3pull-worker-sample-wait-blob", "scaler": "azureServiceBusScaler", "error": "sources must contain at least one TokenCredential"}
github.com/kedacore/keda/v2/pkg/scaling.(*scaleHandler).getScalerState
	/workspace/pkg/scaling/scale_handler.go:872
github.com/kedacore/keda/v2/pkg/scaling.(*scaleHandler).getScaledObjectState.func1
	/workspace/pkg/scaling/scale_handler.go:714
2026-03-04T18:50:22Z	ERROR	azure_servicebus_scaler	error starting azure workload-identity token provider	{"type": "ScaledObject", "namespace": "3pull", "name": "r-3pull-worker-sample-wait-blob", "error": "no client ID specified. Check pod configuration or set ClientID in the options"}
github.com/kedacore/keda/v2/pkg/scalers/azure.NewChainedCredential
	/workspace/pkg/scalers/azure/azure_azidentity_chain.go:33
github.com/kedacore/keda/v2/pkg/scalers.(*azureServiceBusScaler).getServiceBusAdminClient
	/workspace/pkg/scalers/azure_servicebus_scaler.go:265
github.com/kedacore/keda/v2/pkg/scalers.(*azureServiceBusScaler).getAzureServiceBusLength
	/workspace/pkg/scalers/azure_servicebus_scaler.go:233
github.com/kedacore/keda/v2/pkg/scalers.(*azureServiceBusScaler).GetMetricsAndActivity
	/workspace/pkg/scalers/azure_servicebus_scaler.go:218
github.com/kedacore/keda/v2/pkg/scaling/cache.(*ScalersCache).GetMetricsAndActivityForScaler
	/workspace/pkg/scaling/cache/scalers_cache.go:154
github.com/kedacore/keda/v2/pkg/scaling.(*scaleHandler).GetScaledObjectMetrics.func1
	/workspace/pkg/scaling/scale_handler.go:585
2026-03-04T18:50:22Z	ERROR	azure_servicebus_scaler	error getting service bus entity length	{"type": "ScaledObject", "namespace": "3pull", "name": "r-3pull-worker-sample-wait-blob", "error": "sources must contain at least one TokenCredential"}
github.com/kedacore/keda/v2/pkg/scalers.(*azureServiceBusScaler).GetMetricsAndActivity
	/workspace/pkg/scalers/azure_servicebus_scaler.go:221
github.com/kedacore/keda/v2/pkg/scaling/cache.(*ScalersCache).GetMetricsAndActivityForScaler
	/workspace/pkg/scaling/cache/scalers_cache.go:154
github.com/kedacore/keda/v2/pkg/scaling.(*scaleHandler).GetScaledObjectMetrics.func1
	/workspace/pkg/scaling/scale_handler.go:585
2026-03-04T18:50:22Z	ERROR	azure_servicebus_scaler	error starting azure workload-identity token provider	{"type": "ScaledObject", "namespace": "3pull", "name": "r-3pull-worker-sample-wait-blob", "error": "no client ID specified. Check pod configuration or set ClientID in the options"}
github.com/kedacore/keda/v2/pkg/scalers/azure.NewChainedCredential
	/workspace/pkg/scalers/azure/azure_azidentity_chain.go:33
github.com/kedacore/keda/v2/pkg/scalers.(*azureServiceBusScaler).getServiceBusAdminClient
	/workspace/pkg/scalers/azure_servicebus_scaler.go:265
github.com/kedacore/keda/v2/pkg/scalers.(*azureServiceBusScaler).getAzureServiceBusLength
	/workspace/pkg/scalers/azure_servicebus_scaler.go:233
github.com/kedacore/keda/v2/pkg/scalers.(*azureServiceBusScaler).GetMetricsAndActivity
	/workspace/pkg/scalers/azure_servicebus_scaler.go:218
github.com/kedacore/keda/v2/pkg/scaling/cache.(*ScalersCache).GetMetricsAndActivityForScaler
	/workspace/pkg/scaling/cache/scalers_cache.go:164
github.com/kedacore/keda/v2/pkg/scaling.(*scaleHandler).GetScaledObjectMetrics.func1
	/workspace/pkg/scaling/scale_handler.go:585
2026-03-04T18:50:22Z	ERROR	azure_servicebus_scaler	error getting service bus entity length	{"type": "ScaledObject", "namespace": "3pull", "name": "r-3pull-worker-sample-wait-blob", "error": "sources must contain at least one TokenCredential"}
github.com/kedacore/keda/v2/pkg/scalers.(*azureServiceBusScaler).GetMetricsAndActivity
	/workspace/pkg/scalers/azure_servicebus_scaler.go:221
github.com/kedacore/keda/v2/pkg/scaling/cache.(*ScalersCache).GetMetricsAndActivityForScaler
	/workspace/pkg/scaling/cache/scalers_cache.go:164
github.com/kedacore/keda/v2/pkg/scaling.(*scaleHandler).GetScaledObjectMetrics.func1
	/workspace/pkg/scaling/scale_handler.go:585
2026-03-04T18:50:22Z	ERROR	scale_handler	error getting metric for trigger	{"scaledObject.Namespace": "3pull", "scaledObject.Name": "r-3pull-worker-sample-wait-blob", "trigger": "azureServiceBusScaler", "error": "sources must contain at least one TokenCredential"}
github.com/kedacore/keda/v2/pkg/scaling.(*scaleHandler).processMetricsWithFallback
	/workspace/pkg/scaling/scale_handler.go:460
github.com/kedacore/keda/v2/pkg/scaling.(*scaleHandler).GetScaledObjectMetrics.func1
	/workspace/pkg/scaling/scale_handler.go:593
2026-03-04T18:50:22Z	ERROR	azure_servicebus_scaler	error starting azure workload-identity token provider	{"type": "ScaledObject", "namespace": "3pull", "name": "r-3pull-worker-auth-audit-export", "error": "no client ID specified. Check pod configuration or set ClientID in the options"}
github.com/kedacore/keda/v2/pkg/scalers/azure.NewChainedCredential
	/workspace/pkg/scalers/azure/azure_azidentity_chain.go:33
github.com/kedacore/keda/v2/pkg/scalers.(*azureServiceBusScaler).getServiceBusAdminClient
	/workspace/pkg/scalers/azure_servicebus_scaler.go:265
github.com/kedacore/keda/v2/pkg/scalers.(*azureServiceBusScaler).getAzureServiceBusLength
	/workspace/pkg/scalers/azure_servicebus_scaler.go:233
github.com/kedacore/keda/v2/pkg/scalers.(*azureServiceBusScaler).GetMetricsAndActivity
	/workspace/pkg/scalers/azure_servicebus_scaler.go:218
github.com/kedacore/keda/v2/pkg/scaling/cache.(*ScalersCache).GetMetricsAndActivityForScaler
	/workspace/pkg/scaling/cache/scalers_cache.go:154
github.com/kedacore/keda/v2/pkg/scaling.(*scaleHandler).GetScaledObjectMetrics.func1
	/workspace/pkg/scaling/scale_handler.go:585
2026-03-04T18:50:22Z	ERROR	azure_servicebus_scaler	error getting service bus entity length	{"type": "ScaledObject", "namespace": "3pull", "name": "r-3pull-worker-auth-audit-export", "error": "sources must contain at least one TokenCredential"}
github.com/kedacore/keda/v2/pkg/scalers.(*azureServiceBusScaler).GetMetricsAndActivity
	/workspace/pkg/scalers/azure_servicebus_scaler.go:221
github.com/kedacore/keda/v2/pkg/scaling/cache.(*ScalersCache).GetMetricsAndActivityForScaler
	/workspace/pkg/scaling/cache/scalers_cache.go:154
github.com/kedacore/keda/v2/pkg/scaling.(*scaleHandler).GetScaledObjectMetrics.func1
	/workspace/pkg/scaling/scale_handler.go:585
2026-03-04T18:50:22Z	ERROR	azure_servicebus_scaler	error starting azure workload-identity token provider	{"type": "ScaledObject", "namespace": "3pull", "name": "r-3pull-worker-auth-audit-export", "error": "no client ID specified. Check pod configuration or set ClientID in the options"}
github.com/kedacore/keda/v2/pkg/scalers/azure.NewChainedCredential
	/workspace/pkg/scalers/azure/azure_azidentity_chain.go:33
github.com/kedacore/keda/v2/pkg/scalers.(*azureServiceBusScaler).getServiceBusAdminClient
	/workspace/pkg/scalers/azure_servicebus_scaler.go:265
github.com/kedacore/keda/v2/pkg/scalers.(*azureServiceBusScaler).getAzureServiceBusLength
	/workspace/pkg/scalers/azure_servicebus_scaler.go:233
github.com/kedacore/keda/v2/pkg/scalers.(*azureServiceBusScaler).GetMetricsAndActivity
	/workspace/pkg/scalers/azure_servicebus_scaler.go:218
github.com/kedacore/keda/v2/pkg/scaling/cache.(*ScalersCache).GetMetricsAndActivityForScaler
	/workspace/pkg/scaling/cache/scalers_cache.go:164
github.com/kedacore/keda/v2/pkg/scaling.(*scaleHandler).GetScaledObjectMetrics.func1
	/workspace/pkg/scaling/scale_handler.go:585
2026-03-04T18:50:22Z	ERROR	azure_servicebus_scaler	error getting service bus entity length	{"type": "ScaledObject", "namespace": "3pull", "name": "r-3pull-worker-auth-audit-export", "error": "sources must contain at least one TokenCredential"}
github.com/kedacore/keda/v2/pkg/scalers.(*azureServiceBusScaler).GetMetricsAndActivity
	/workspace/pkg/scalers/azure_servicebus_scaler.go:221
github.com/kedacore/keda/v2/pkg/scaling/cache.(*ScalersCache).GetMetricsAndActivityForScaler
	/workspace/pkg/scaling/cache/scalers_cache.go:164
github.com/kedacore/keda/v2/pkg/scaling.(*scaleHandler).GetScaledObjectMetrics.func1
	/workspace/pkg/scaling/scale_handler.go:585
2026-03-04T18:50:22Z	ERROR	scale_handler	error getting metric for trigger	{"scaledObject.Namespace": "3pull", "scaledObject.Name": "r-3pull-worker-auth-audit-export", "trigger": "azureServiceBusScaler", "error": "sources must contain at least one TokenCredential"}
github.com/kedacore/keda/v2/pkg/scaling.(*scaleHandler).processMetricsWithFallback
	/workspace/pkg/scaling/scale_handler.go:460
github.com/kedacore/keda/v2/pkg/scaling.(*scaleHandler).GetScaledObjectMetrics.func1
	/workspace/pkg/scaling/scale_handler.go:593
2026-03-04T18:50:37Z	ERROR	azure_servicebus_scaler	error starting azure workload-identity token provider	{"type": "ScaledObject", "namespace": "3pull", "name": "r-3pull-worker-auth-audit-export", "error": "no client ID specified. Check pod configuration or set ClientID in the options"}
github.com/kedacore/keda/v2/pkg/scalers/azure.NewChainedCredential
	/workspace/pkg/scalers/azure/azure_azidentity_chain.go:33
github.com/kedacore/keda/v2/pkg/scalers.(*azureServiceBusScaler).getServiceBusAdminClient
	/workspace/pkg/scalers/azure_servicebus_scaler.go:265
github.com/kedacore/keda/v2/pkg/scalers.(*azureServiceBusScaler).getAzureServiceBusLength
	/workspace/pkg/scalers/azure_servicebus_scaler.go:233
github.com/kedacore/keda/v2/pkg/scalers.(*azureServiceBusScaler).GetMetricsAndActivity
	/workspace/pkg/scalers/azure_servicebus_scaler.go:218
github.com/kedacore/keda/v2/pkg/scaling/cache.(*ScalersCache).GetMetricsAndActivityForScaler
	/workspace/pkg/scaling/cache/scalers_cache.go:154
github.com/kedacore/keda/v2/pkg/scaling.(*scaleHandler).GetScaledObjectMetrics.func1
	/workspace/pkg/scaling/scale_handler.go:585
2026-03-04T18:50:37Z	ERROR	azure_servicebus_scaler	error getting service bus entity length	{"type": "ScaledObject", "namespace": "3pull", "name": "r-3pull-worker-auth-audit-export", "error": "sources must contain at least one TokenCredential"}
github.com/kedacore/keda/v2/pkg/scalers.(*azureServiceBusScaler).GetMetricsAndActivity
	/workspace/pkg/scalers/azure_servicebus_scaler.go:221
github.com/kedacore/keda/v2/pkg/scaling/cache.(*ScalersCache).GetMetricsAndActivityForScaler
	/workspace/pkg/scaling/cache/scalers_cache.go:154
github.com/kedacore/keda/v2/pkg/scaling.(*scaleHandler).GetScaledObjectMetrics.func1
	/workspace/pkg/scaling/scale_handler.go:585
2026-03-04T18:50:37Z	ERROR	azure_servicebus_scaler	error starting azure workload-identity token provider	{"type": "ScaledObject", "namespace": "3pull", "name": "r-3pull-worker-auth-audit-export", "error": "no client ID specified. Check pod configuration or set ClientID in the options"}
github.com/kedacore/keda/v2/pkg/scalers/azure.NewChainedCredential
	/workspace/pkg/scalers/azure/azure_azidentity_chain.go:33
github.com/kedacore/keda/v2/pkg/scalers.(*azureServiceBusScaler).getServiceBusAdminClient
	/workspace/pkg/scalers/azure_servicebus_scaler.go:265
github.com/kedacore/keda/v2/pkg/scalers.(*azureServiceBusScaler).getAzureServiceBusLength
	/workspace/pkg/scalers/azure_servicebus_scaler.go:233
github.com/kedacore/keda/v2/pkg/scalers.(*azureServiceBusScaler).GetMetricsAndActivity
	/workspace/pkg/scalers/azure_servicebus_scaler.go:218
github.com/kedacore/keda/v2/pkg/scaling/cache.(*ScalersCache).GetMetricsAndActivityForScaler
	/workspace/pkg/scaling/cache/scalers_cache.go:164
github.com/kedacore/keda/v2/pkg/scaling.(*scaleHandler).GetScaledObjectMetrics.func1
	/workspace/pkg/scaling/scale_handler.go:585
2026-03-04T18:50:37Z	ERROR	azure_servicebus_scaler	error getting service bus entity length	{"type": "ScaledObject", "namespace": "3pull", "name": "r-3pull-worker-auth-audit-export", "error": "sources must contain at least one TokenCredential"}
github.com/kedacore/keda/v2/pkg/scalers.(*azureServiceBusScaler).GetMetricsAndActivity
	/workspace/pkg/scalers/azure_servicebus_scaler.go:221
github.com/kedacore/keda/v2/pkg/scaling/cache.(*ScalersCache).GetMetricsAndActivityForScaler
	/workspace/pkg/scaling/cache/scalers_cache.go:164
github.com/kedacore/keda/v2/pkg/scaling.(*scaleHandler).GetScaledObjectMetrics.func1
	/workspace/pkg/scaling/scale_handler.go:585
2026-03-04T18:50:37Z	ERROR	scale_handler	error getting metric for trigger	{"scaledObject.Namespace": "3pull", "scaledObject.Name": "r-3pull-worker-auth-audit-export", "trigger": "azureServiceBusScaler", "error": "sources must contain at least one TokenCredential"}
github.com/kedacore/keda/v2/pkg/scaling.(*scaleHandler).processMetricsWithFallback
	/workspace/pkg/scaling/scale_handler.go:460
github.com/kedacore/keda/v2/pkg/scaling.(*scaleHandler).GetScaledObjectMetrics.func1
	/workspace/pkg/scaling/scale_handler.go:593
2026-03-04T18:50:37Z	ERROR	azure_servicebus_scaler	error starting azure workload-identity token provider	{"type": "ScaledObject", "namespace": "3pull", "name": "r-3pull-worker-sample-wait-blob", "error": "no client ID specified. Check pod configuration or set ClientID in the options"}
github.com/kedacore/keda/v2/pkg/scalers/azure.NewChainedCredential
	/workspace/pkg/scalers/azure/azure_azidentity_chain.go:33
github.com/kedacore/keda/v2/pkg/scalers.(*azureServiceBusScaler).getServiceBusAdminClient
	/workspace/pkg/scalers/azure_servicebus_scaler.go:265
github.com/kedacore/keda/v2/pkg/scalers.(*azureServiceBusScaler).getAzureServiceBusLength
	/workspace/pkg/scalers/azure_servicebus_scaler.go:233
github.com/kedacore/keda/v2/pkg/scalers.(*azureServiceBusScaler).GetMetricsAndActivity
	/workspace/pkg/scalers/azure_servicebus_scaler.go:218
github.com/kedacore/keda/v2/pkg/scaling/cache.(*ScalersCache).GetMetricsAndActivityForScaler
	/workspace/pkg/scaling/cache/scalers_cache.go:154
github.com/kedacore/keda/v2/pkg/scaling.(*scaleHandler).GetScaledObjectMetrics.func1
	/workspace/pkg/scaling/scale_handler.go:585
2026-03-04T18:50:37Z	ERROR	azure_servicebus_scaler	error getting service bus entity length	{"type": "ScaledObject", "namespace": "3pull", "name": "r-3pull-worker-sample-wait-blob", "error": "sources must contain at least one TokenCredential"}
github.com/kedacore/keda/v2/pkg/scalers.(*azureServiceBusScaler).GetMetricsAndActivity
	/workspace/pkg/scalers/azure_servicebus_scaler.go:221
github.com/kedacore/keda/v2/pkg/scaling/cache.(*ScalersCache).GetMetricsAndActivityForScaler
	/workspace/pkg/scaling/cache/scalers_cache.go:154
github.com/kedacore/keda/v2/pkg/scaling.(*scaleHandler).GetScaledObjectMetrics.func1
	/workspace/pkg/scaling/scale_handler.go:585
2026-03-04T18:50:37Z	ERROR	azure_servicebus_scaler	error starting azure workload-identity token provider	{"type": "ScaledObject", "namespace": "3pull", "name": "r-3pull-worker-sample-wait-blob", "error": "no client ID specified. Check pod configuration or set ClientID in the options"}
github.com/kedacore/keda/v2/pkg/scalers/azure.NewChainedCredential
	/workspace/pkg/scalers/azure/azure_azidentity_chain.go:33
github.com/kedacore/keda/v2/pkg/scalers.(*azureServiceBusScaler).getServiceBusAdminClient
	/workspace/pkg/scalers/azure_servicebus_scaler.go:265
github.com/kedacore/keda/v2/pkg/scalers.(*azureServiceBusScaler).getAzureServiceBusLength
	/workspace/pkg/scalers/azure_servicebus_scaler.go:233
github.com/kedacore/keda/v2/pkg/scalers.(*azureServiceBusScaler).GetMetricsAndActivity
	/workspace/pkg/scalers/azure_servicebus_scaler.go:218
github.com/kedacore/keda/v2/pkg/scaling/cache.(*ScalersCache).GetMetricsAndActivityForScaler
	/workspace/pkg/scaling/cache/scalers_cache.go:164
github.com/kedacore/keda/v2/pkg/scaling.(*scaleHandler).GetScaledObjectMetrics.func1
	/workspace/pkg/scaling/scale_handler.go:585
2026-03-04T18:50:37Z	ERROR	azure_servicebus_scaler	error getting service bus entity length	{"type": "ScaledObject", "namespace": "3pull", "name": "r-3pull-worker-sample-wait-blob", "error": "sources must contain at least one TokenCredential"}
github.com/kedacore/keda/v2/pkg/scalers.(*azureServiceBusScaler).GetMetricsAndActivity
	/workspace/pkg/scalers/azure_servicebus_scaler.go:221
github.com/kedacore/keda/v2/pkg/scaling/cache.(*ScalersCache).GetMetricsAndActivityForScaler
	/workspace/pkg/scaling/cache/scalers_cache.go:164
github.com/kedacore/keda/v2/pkg/scaling.(*scaleHandler).GetScaledObjectMetrics.func1
	/workspace/pkg/scaling/scale_handler.go:585
2026-03-04T18:50:37Z	ERROR	scale_handler	error getting metric for trigger	{"scaledObject.Namespace": "3pull", "scaledObject.Name": "r-3pull-worker-sample-wait-blob", "trigger": "azureServiceBusScaler", "error": "sources must contain at least one TokenCredential"}
github.com/kedacore/keda/v2/pkg/scaling.(*scaleHandler).processMetricsWithFallback
	/workspace/pkg/scaling/scale_handler.go:460
github.com/kedacore/keda/v2/pkg/scaling.(*scaleHandler).GetScaledObjectMetrics.func1
	/workspace/pkg/scaling/scale_handler.go:593
2026-03-04T18:50:51Z	ERROR	azure_servicebus_scaler	error starting azure workload-identity token provider	{"type": "ScaledObject", "namespace": "3pull", "name": "r-3pull-worker-auth-audit-export", "error": "no client ID specified. Check pod configuration or set ClientID in the options"}
github.com/kedacore/keda/v2/pkg/scalers/azure.NewChainedCredential
	/workspace/pkg/scalers/azure/azure_azidentity_chain.go:33
github.com/kedacore/keda/v2/pkg/scalers.(*azureServiceBusScaler).getServiceBusAdminClient
	/workspace/pkg/scalers/azure_servicebus_scaler.go:265
github.com/kedacore/keda/v2/pkg/scalers.(*azureServiceBusScaler).getAzureServiceBusLength
	/workspace/pkg/scalers/azure_servicebus_scaler.go:233
github.com/kedacore/keda/v2/pkg/scalers.(*azureServiceBusScaler).GetMetricsAndActivity
	/workspace/pkg/scalers/azure_servicebus_scaler.go:218
github.com/kedacore/keda/v2/pkg/scaling/cache.(*ScalersCache).GetMetricsAndActivityForScaler
	/workspace/pkg/scaling/cache/scalers_cache.go:154
github.com/kedacore/keda/v2/pkg/scaling.(*scaleHandler).getScalerState
	/workspace/pkg/scaling/scale_handler.go:837
github.com/kedacore/keda/v2/pkg/scaling.(*scaleHandler).getScaledObjectState.func1
	/workspace/pkg/scaling/scale_handler.go:714
2026-03-04T18:50:51Z	ERROR	azure_servicebus_scaler	error getting service bus entity length	{"type": "ScaledObject", "namespace": "3pull", "name": "r-3pull-worker-auth-audit-export", "error": "sources must contain at least one TokenCredential"}
github.com/kedacore/keda/v2/pkg/scalers.(*azureServiceBusScaler).GetMetricsAndActivity
	/workspace/pkg/scalers/azure_servicebus_scaler.go:221
github.com/kedacore/keda/v2/pkg/scaling/cache.(*ScalersCache).GetMetricsAndActivityForScaler
	/workspace/pkg/scaling/cache/scalers_cache.go:154
github.com/kedacore/keda/v2/pkg/scaling.(*scaleHandler).getScalerState
	/workspace/pkg/scaling/scale_handler.go:837
github.com/kedacore/keda/v2/pkg/scaling.(*scaleHandler).getScaledObjectState.func1
	/workspace/pkg/scaling/scale_handler.go:714
2026-03-04T18:50:51Z	ERROR	azure_servicebus_scaler	error starting azure workload-identity token provider	{"type": "ScaledObject", "namespace": "3pull", "name": "r-3pull-worker-auth-audit-export", "error": "no client ID specified. Check pod configuration or set ClientID in the options"}
github.com/kedacore/keda/v2/pkg/scalers/azure.NewChainedCredential
	/workspace/pkg/scalers/azure/azure_azidentity_chain.go:33
github.com/kedacore/keda/v2/pkg/scalers.(*azureServiceBusScaler).getServiceBusAdminClient
	/workspace/pkg/scalers/azure_servicebus_scaler.go:265
github.com/kedacore/keda/v2/pkg/scalers.(*azureServiceBusScaler).getAzureServiceBusLength
	/workspace/pkg/scalers/azure_servicebus_scaler.go:233
github.com/kedacore/keda/v2/pkg/scalers.(*azureServiceBusScaler).GetMetricsAndActivity
	/workspace/pkg/scalers/azure_servicebus_scaler.go:218
github.com/kedacore/keda/v2/pkg/scaling/cache.(*ScalersCache).GetMetricsAndActivityForScaler
	/workspace/pkg/scaling/cache/scalers_cache.go:164
github.com/kedacore/keda/v2/pkg/scaling.(*scaleHandler).getScalerState
	/workspace/pkg/scaling/scale_handler.go:837
github.com/kedacore/keda/v2/pkg/scaling.(*scaleHandler).getScaledObjectState.func1
	/workspace/pkg/scaling/scale_handler.go:714
2026-03-04T18:50:51Z	ERROR	azure_servicebus_scaler	error getting service bus entity length	{"type": "ScaledObject", "namespace": "3pull", "name": "r-3pull-worker-auth-audit-export", "error": "sources must contain at least one TokenCredential"}
github.com/kedacore/keda/v2/pkg/scalers.(*azureServiceBusScaler).GetMetricsAndActivity
	/workspace/pkg/scalers/azure_servicebus_scaler.go:221
github.com/kedacore/keda/v2/pkg/scaling/cache.(*ScalersCache).GetMetricsAndActivityForScaler
	/workspace/pkg/scaling/cache/scalers_cache.go:164
github.com/kedacore/keda/v2/pkg/scaling.(*scaleHandler).getScalerState
	/workspace/pkg/scaling/scale_handler.go:837
github.com/kedacore/keda/v2/pkg/scaling.(*scaleHandler).getScaledObjectState.func1
	/workspace/pkg/scaling/scale_handler.go:714
2026-03-04T18:50:51Z	ERROR	scale_handler	error getting metric for trigger	{"scaledObject.Namespace": "3pull", "scaledObject.Name": "r-3pull-worker-auth-audit-export", "trigger": "azureServiceBusScaler", "error": "sources must contain at least one TokenCredential"}
github.com/kedacore/keda/v2/pkg/scaling.(*scaleHandler).processMetricsWithFallback
	/workspace/pkg/scaling/scale_handler.go:460
github.com/kedacore/keda/v2/pkg/scaling.(*scaleHandler).getScalerState
	/workspace/pkg/scaling/scale_handler.go:845
github.com/kedacore/keda/v2/pkg/scaling.(*scaleHandler).getScaledObjectState.func1
	/workspace/pkg/scaling/scale_handler.go:714
2026-03-04T18:50:51Z	ERROR	scale_handler	error getting scale decision	{"scaledObject.Namespace": "3pull", "scaledObject.Name": "r-3pull-worker-auth-audit-export", "scaler": "azureServiceBusScaler", "error": "sources must contain at least one TokenCredential"}
github.com/kedacore/keda/v2/pkg/scaling.(*scaleHandler).getScalerState
	/workspace/pkg/scaling/scale_handler.go:872
github.com/kedacore/keda/v2/pkg/scaling.(*scaleHandler).getScaledObjectState.func1
	/workspace/pkg/scaling/scale_handler.go:714
2026-03-04T18:50:51Z	ERROR	azure_servicebus_scaler	error starting azure workload-identity token provider	{"type": "ScaledObject", "namespace": "3pull", "name": "r-3pull-worker-sample-wait-blob", "error": "no client ID specified. Check pod configuration or set ClientID in the options"}
github.com/kedacore/keda/v2/pkg/scalers/azure.NewChainedCredential
	/workspace/pkg/scalers/azure/azure_azidentity_chain.go:33
github.com/kedacore/keda/v2/pkg/scalers.(*azureServiceBusScaler).getServiceBusAdminClient
	/workspace/pkg/scalers/azure_servicebus_scaler.go:265
github.com/kedacore/keda/v2/pkg/scalers.(*azureServiceBusScaler).getAzureServiceBusLength
	/workspace/pkg/scalers/azure_servicebus_scaler.go:233
github.com/kedacore/keda/v2/pkg/scalers.(*azureServiceBusScaler).GetMetricsAndActivity
	/workspace/pkg/scalers/azure_servicebus_scaler.go:218
github.com/kedacore/keda/v2/pkg/scaling/cache.(*ScalersCache).GetMetricsAndActivityForScaler
	/workspace/pkg/scaling/cache/scalers_cache.go:154
github.com/kedacore/keda/v2/pkg/scaling.(*scaleHandler).getScalerState
	/workspace/pkg/scaling/scale_handler.go:837
github.com/kedacore/keda/v2/pkg/scaling.(*scaleHandler).getScaledObjectState.func1
	/workspace/pkg/scaling/scale_handler.go:714
2026-03-04T18:50:51Z	ERROR	azure_servicebus_scaler	error getting service bus entity length	{"type": "ScaledObject", "namespace": "3pull", "name": "r-3pull-worker-sample-wait-blob", "error": "sources must contain at least one TokenCredential"}
github.com/kedacore/keda/v2/pkg/scalers.(*azureServiceBusScaler).GetMetricsAndActivity
	/workspace/pkg/scalers/azure_servicebus_scaler.go:221
github.com/kedacore/keda/v2/pkg/scaling/cache.(*ScalersCache).GetMetricsAndActivityForScaler
	/workspace/pkg/scaling/cache/scalers_cache.go:154
github.com/kedacore/keda/v2/pkg/scaling.(*scaleHandler).getScalerState
	/workspace/pkg/scaling/scale_handler.go:837
github.com/kedacore/keda/v2/pkg/scaling.(*scaleHandler).getScaledObjectState.func1
	/workspace/pkg/scaling/scale_handler.go:714
2026-03-04T18:50:51Z	ERROR	azure_servicebus_scaler	error starting azure workload-identity token provider	{"type": "ScaledObject", "namespace": "3pull", "name": "r-3pull-worker-sample-wait-blob", "error": "no client ID specified. Check pod configuration or set ClientID in the options"}
github.com/kedacore/keda/v2/pkg/scalers/azure.NewChainedCredential
	/workspace/pkg/scalers/azure/azure_azidentity_chain.go:33
github.com/kedacore/keda/v2/pkg/scalers.(*azureServiceBusScaler).getServiceBusAdminClient
	/workspace/pkg/scalers/azure_servicebus_scaler.go:265
github.com/kedacore/keda/v2/pkg/scalers.(*azureServiceBusScaler).getAzureServiceBusLength
	/workspace/pkg/scalers/azure_servicebus_scaler.go:233
github.com/kedacore/keda/v2/pkg/scalers.(*azureServiceBusScaler).GetMetricsAndActivity
	/workspace/pkg/scalers/azure_servicebus_scaler.go:218
github.com/kedacore/keda/v2/pkg/scaling/cache.(*ScalersCache).GetMetricsAndActivityForScaler
	/workspace/pkg/scaling/cache/scalers_cache.go:164
github.com/kedacore/keda/v2/pkg/scaling.(*scaleHandler).getScalerState
	/workspace/pkg/scaling/scale_handler.go:837
github.com/kedacore/keda/v2/pkg/scaling.(*scaleHandler).getScaledObjectState.func1
	/workspace/pkg/scaling/scale_handler.go:714
2026-03-04T18:50:51Z	ERROR	azure_servicebus_scaler	error getting service bus entity length	{"type": "ScaledObject", "namespace": "3pull", "name": "r-3pull-worker-sample-wait-blob", "error": "sources must contain at least one TokenCredential"}
github.com/kedacore/keda/v2/pkg/scalers.(*azureServiceBusScaler).GetMetricsAndActivity
	/workspace/pkg/scalers/azure_servicebus_scaler.go:221
github.com/kedacore/keda/v2/pkg/scaling/cache.(*ScalersCache).GetMetricsAndActivityForScaler
	/workspace/pkg/scaling/cache/scalers_cache.go:164
github.com/kedacore/keda/v2/pkg/scaling.(*scaleHandler).getScalerState
	/workspace/pkg/scaling/scale_handler.go:837
github.com/kedacore/keda/v2/pkg/scaling.(*scaleHandler).getScaledObjectState.func1
	/workspace/pkg/scaling/scale_handler.go:714
2026-03-04T18:50:51Z	ERROR	scale_handler	error getting metric for trigger	{"scaledObject.Namespace": "3pull", "scaledObject.Name": "r-3pull-worker-sample-wait-blob", "trigger": "azureServiceBusScaler", "error": "sources must contain at least one TokenCredential"}
github.com/kedacore/keda/v2/pkg/scaling.(*scaleHandler).processMetricsWithFallback
	/workspace/pkg/scaling/scale_handler.go:460
github.com/kedacore/keda/v2/pkg/scaling.(*scaleHandler).getScalerState
	/workspace/pkg/scaling/scale_handler.go:845
github.com/kedacore/keda/v2/pkg/scaling.(*scaleHandler).getScaledObjectState.func1
	/workspace/pkg/scaling/scale_handler.go:714
2026-03-04T18:50:51Z	ERROR	scale_handler	error getting scale decision	{"scaledObject.Namespace": "3pull", "scaledObject.Name": "r-3pull-worker-sample-wait-blob", "scaler": "azureServiceBusScaler", "error": "sources must contain at least one TokenCredential"}
github.com/kedacore/keda/v2/pkg/scaling.(*scaleHandler).getScalerState
	/workspace/pkg/scaling/scale_handler.go:872
github.com/kedacore/keda/v2/pkg/scaling.(*scaleHandler).getScaledObjectState.func1
	/workspace/pkg/scaling/scale_handler.go:714
2026-03-04T18:50:52Z	ERROR	azure_servicebus_scaler	error starting azure workload-identity token provider	{"type": "ScaledObject", "namespace": "3pull", "name": "r-3pull-worker-sample-wait-blob", "error": "no client ID specified. Check pod configuration or set ClientID in the options"}
github.com/kedacore/keda/v2/pkg/scalers/azure.NewChainedCredential
	/workspace/pkg/scalers/azure/azure_azidentity_chain.go:33
github.com/kedacore/keda/v2/pkg/scalers.(*azureServiceBusScaler).getServiceBusAdminClient
	/workspace/pkg/scalers/azure_servicebus_scaler.go:265
github.com/kedacore/keda/v2/pkg/scalers.(*azureServiceBusScaler).getAzureServiceBusLength
	/workspace/pkg/scalers/azure_servicebus_scaler.go:233
github.com/kedacore/keda/v2/pkg/scalers.(*azureServiceBusScaler).GetMetricsAndActivity
	/workspace/pkg/scalers/azure_servicebus_scaler.go:218
github.com/kedacore/keda/v2/pkg/scaling/cache.(*ScalersCache).GetMetricsAndActivityForScaler
	/workspace/pkg/scaling/cache/scalers_cache.go:154
github.com/kedacore/keda/v2/pkg/scaling.(*scaleHandler).GetScaledObjectMetrics.func1
	/workspace/pkg/scaling/scale_handler.go:585
2026-03-04T18:50:52Z	ERROR	azure_servicebus_scaler	error getting service bus entity length	{"type": "ScaledObject", "namespace": "3pull", "name": "r-3pull-worker-sample-wait-blob", "error": "sources must contain at least one TokenCredential"}
github.com/kedacore/keda/v2/pkg/scalers.(*azureServiceBusScaler).GetMetricsAndActivity
	/workspace/pkg/scalers/azure_servicebus_scaler.go:221
github.com/kedacore/keda/v2/pkg/scaling/cache.(*ScalersCache).GetMetricsAndActivityForScaler
	/workspace/pkg/scaling/cache/scalers_cache.go:154
github.com/kedacore/keda/v2/pkg/scaling.(*scaleHandler).GetScaledObjectMetrics.func1
	/workspace/pkg/scaling/scale_handler.go:585
2026-03-04T18:50:52Z	ERROR	azure_servicebus_scaler	error starting azure workload-identity token provider	{"type": "ScaledObject", "namespace": "3pull", "name": "r-3pull-worker-sample-wait-blob", "error": "no client ID specified. Check pod configuration or set ClientID in the options"}
github.com/kedacore/keda/v2/pkg/scalers/azure.NewChainedCredential
	/workspace/pkg/scalers/azure/azure_azidentity_chain.go:33
github.com/kedacore/keda/v2/pkg/scalers.(*azureServiceBusScaler).getServiceBusAdminClient
	/workspace/pkg/scalers/azure_servicebus_scaler.go:265
github.com/kedacore/keda/v2/pkg/scalers.(*azureServiceBusScaler).getAzureServiceBusLength
	/workspace/pkg/scalers/azure_servicebus_scaler.go:233
github.com/kedacore/keda/v2/pkg/scalers.(*azureServiceBusScaler).GetMetricsAndActivity
	/workspace/pkg/scalers/azure_servicebus_scaler.go:218
github.com/kedacore/keda/v2/pkg/scaling/cache.(*ScalersCache).GetMetricsAndActivityForScaler
	/workspace/pkg/scaling/cache/scalers_cache.go:164
github.com/kedacore/keda/v2/pkg/scaling.(*scaleHandler).GetScaledObjectMetrics.func1
	/workspace/pkg/scaling/scale_handler.go:585
2026-03-04T18:50:52Z	ERROR	azure_servicebus_scaler	error getting service bus entity length	{"type": "ScaledObject", "namespace": "3pull", "name": "r-3pull-worker-sample-wait-blob", "error": "sources must contain at least one TokenCredential"}
github.com/kedacore/keda/v2/pkg/scalers.(*azureServiceBusScaler).GetMetricsAndActivity
	/workspace/pkg/scalers/azure_servicebus_scaler.go:221
github.com/kedacore/keda/v2/pkg/scaling/cache.(*ScalersCache).GetMetricsAndActivityForScaler
	/workspace/pkg/scaling/cache/scalers_cache.go:164
github.com/kedacore/keda/v2/pkg/scaling.(*scaleHandler).GetScaledObjectMetrics.func1
	/workspace/pkg/scaling/scale_handler.go:585
2026-03-04T18:50:52Z	ERROR	scale_handler	error getting metric for trigger	{"scaledObject.Namespace": "3pull", "scaledObject.Name": "r-3pull-worker-sample-wait-blob", "trigger": "azureServiceBusScaler", "error": "sources must contain at least one TokenCredential"}
github.com/kedacore/keda/v2/pkg/scaling.(*scaleHandler).processMetricsWithFallback
	/workspace/pkg/scaling/scale_handler.go:460
github.com/kedacore/keda/v2/pkg/scaling.(*scaleHandler).GetScaledObjectMetrics.func1
	/workspace/pkg/scaling/scale_handler.go:593
2026-03-04T18:50:52Z	ERROR	azure_servicebus_scaler	error starting azure workload-identity token provider	{"type": "ScaledObject", "namespace": "3pull", "name": "r-3pull-worker-auth-audit-export", "error": "no client ID specified. Check pod configuration or set ClientID in the options"}
github.com/kedacore/keda/v2/pkg/scalers/azure.NewChainedCredential
	/workspace/pkg/scalers/azure/azure_azidentity_chain.go:33
github.com/kedacore/keda/v2/pkg/scalers.(*azureServiceBusScaler).getServiceBusAdminClient
	/workspace/pkg/scalers/azure_servicebus_scaler.go:265
github.com/kedacore/keda/v2/pkg/scalers.(*azureServiceBusScaler).getAzureServiceBusLength
	/workspace/pkg/scalers/azure_servicebus_scaler.go:233
github.com/kedacore/keda/v2/pkg/scalers.(*azureServiceBusScaler).GetMetricsAndActivity
	/workspace/pkg/scalers/azure_servicebus_scaler.go:218
github.com/kedacore/keda/v2/pkg/scaling/cache.(*ScalersCache).GetMetricsAndActivityForScaler
	/workspace/pkg/scaling/cache/scalers_cache.go:154
github.com/kedacore/keda/v2/pkg/scaling.(*scaleHandler).GetScaledObjectMetrics.func1
	/workspace/pkg/scaling/scale_handler.go:585
2026-03-04T18:50:52Z	ERROR	azure_servicebus_scaler	error getting service bus entity length	{"type": "ScaledObject", "namespace": "3pull", "name": "r-3pull-worker-auth-audit-export", "error": "sources must contain at least one TokenCredential"}
github.com/kedacore/keda/v2/pkg/scalers.(*azureServiceBusScaler).GetMetricsAndActivity
	/workspace/pkg/scalers/azure_servicebus_scaler.go:221
github.com/kedacore/keda/v2/pkg/scaling/cache.(*ScalersCache).GetMetricsAndActivityForScaler
	/workspace/pkg/scaling/cache/scalers_cache.go:154
github.com/kedacore/keda/v2/pkg/scaling.(*scaleHandler).GetScaledObjectMetrics.func1
	/workspace/pkg/scaling/scale_handler.go:585
2026-03-04T18:50:52Z	ERROR	azure_servicebus_scaler	error starting azure workload-identity token provider	{"type": "ScaledObject", "namespace": "3pull", "name": "r-3pull-worker-auth-audit-export", "error": "no client ID specified. Check pod configuration or set ClientID in the options"}
github.com/kedacore/keda/v2/pkg/scalers/azure.NewChainedCredential
	/workspace/pkg/scalers/azure/azure_azidentity_chain.go:33
github.com/kedacore/keda/v2/pkg/scalers.(*azureServiceBusScaler).getServiceBusAdminClient
	/workspace/pkg/scalers/azure_servicebus_scaler.go:265
github.com/kedacore/keda/v2/pkg/scalers.(*azureServiceBusScaler).getAzureServiceBusLength
	/workspace/pkg/scalers/azure_servicebus_scaler.go:233
github.com/kedacore/keda/v2/pkg/scalers.(*azureServiceBusScaler).GetMetricsAndActivity
	/workspace/pkg/scalers/azure_servicebus_scaler.go:218
github.com/kedacore/keda/v2/pkg/scaling/cache.(*ScalersCache).GetMetricsAndActivityForScaler
	/workspace/pkg/scaling/cache/scalers_cache.go:164
github.com/kedacore/keda/v2/pkg/scaling.(*scaleHandler).GetScaledObjectMetrics.func1
	/workspace/pkg/scaling/scale_handler.go:585
2026-03-04T18:50:52Z	ERROR	azure_servicebus_scaler	error getting service bus entity length	{"type": "ScaledObject", "namespace": "3pull", "name": "r-3pull-worker-auth-audit-export", "error": "sources must contain at least one TokenCredential"}
github.com/kedacore/keda/v2/pkg/scalers.(*azureServiceBusScaler).GetMetricsAndActivity
	/workspace/pkg/scalers/azure_servicebus_scaler.go:221
github.com/kedacore/keda/v2/pkg/scaling/cache.(*ScalersCache).GetMetricsAndActivityForScaler
	/workspace/pkg/scaling/cache/scalers_cache.go:164
github.com/kedacore/keda/v2/pkg/scaling.(*scaleHandler).GetScaledObjectMetrics.func1
	/workspace/pkg/scaling/scale_handler.go:585
2026-03-04T18:50:52Z	ERROR	scale_handler	error getting metric for trigger	{"scaledObject.Namespace": "3pull", "scaledObject.Name": "r-3pull-worker-auth-audit-export", "trigger": "azureServiceBusScaler", "error": "sources must contain at least one TokenCredential"}
github.com/kedacore/keda/v2/pkg/scaling.(*scaleHandler).processMetricsWithFallback
	/workspace/pkg/scaling/scale_handler.go:460
github.com/kedacore/keda/v2/pkg/scaling.(*scaleHandler).GetScaledObjectMetrics.func1
	/workspace/pkg/scaling/scale_handler.go:593
2026-03-04T18:51:07Z	ERROR	azure_servicebus_scaler	error starting azure workload-identity token provider	{"type": "ScaledObject", "namespace": "3pull", "name": "r-3pull-worker-sample-wait-blob", "error": "no client ID specified. Check pod configuration or set ClientID in the options"}
github.com/kedacore/keda/v2/pkg/scalers/azure.NewChainedCredential
	/workspace/pkg/scalers/azure/azure_azidentity_chain.go:33
github.com/kedacore/keda/v2/pkg/scalers.(*azureServiceBusScaler).getServiceBusAdminClient
	/workspace/pkg/scalers/azure_servicebus_scaler.go:265
github.com/kedacore/keda/v2/pkg/scalers.(*azureServiceBusScaler).getAzureServiceBusLength
	/workspace/pkg/scalers/azure_servicebus_scaler.go:233
github.com/kedacore/keda/v2/pkg/scalers.(*azureServiceBusScaler).GetMetricsAndActivity
	/workspace/pkg/scalers/azure_servicebus_scaler.go:218
github.com/kedacore/keda/v2/pkg/scaling/cache.(*ScalersCache).GetMetricsAndActivityForScaler
	/workspace/pkg/scaling/cache/scalers_cache.go:154
github.com/kedacore/keda/v2/pkg/scaling.(*scaleHandler).GetScaledObjectMetrics.func1
	/workspace/pkg/scaling/scale_handler.go:585
2026-03-04T18:51:07Z	ERROR	azure_servicebus_scaler	error getting service bus entity length	{"type": "ScaledObject", "namespace": "3pull", "name": "r-3pull-worker-sample-wait-blob", "error": "sources must contain at least one TokenCredential"}
github.com/kedacore/keda/v2/pkg/scalers.(*azureServiceBusScaler).GetMetricsAndActivity
	/workspace/pkg/scalers/azure_servicebus_scaler.go:221
github.com/kedacore/keda/v2/pkg/scaling/cache.(*ScalersCache).GetMetricsAndActivityForScaler
	/workspace/pkg/scaling/cache/scalers_cache.go:154
github.com/kedacore/keda/v2/pkg/scaling.(*scaleHandler).GetScaledObjectMetrics.func1
	/workspace/pkg/scaling/scale_handler.go:585
2026-03-04T18:51:07Z	ERROR	azure_servicebus_scaler	error starting azure workload-identity token provider	{"type": "ScaledObject", "namespace": "3pull", "name": "r-3pull-worker-sample-wait-blob", "error": "no client ID specified. Check pod configuration or set ClientID in the options"}
github.com/kedacore/keda/v2/pkg/scalers/azure.NewChainedCredential
	/workspace/pkg/scalers/azure/azure_azidentity_chain.go:33
github.com/kedacore/keda/v2/pkg/scalers.(*azureServiceBusScaler).getServiceBusAdminClient
	/workspace/pkg/scalers/azure_servicebus_scaler.go:265
github.com/kedacore/keda/v2/pkg/scalers.(*azureServiceBusScaler).getAzureServiceBusLength
	/workspace/pkg/scalers/azure_servicebus_scaler.go:233
github.com/kedacore/keda/v2/pkg/scalers.(*azureServiceBusScaler).GetMetricsAndActivity
	/workspace/pkg/scalers/azure_servicebus_scaler.go:218
github.com/kedacore/keda/v2/pkg/scaling/cache.(*ScalersCache).GetMetricsAndActivityForScaler
	/workspace/pkg/scaling/cache/scalers_cache.go:164
github.com/kedacore/keda/v2/pkg/scaling.(*scaleHandler).GetScaledObjectMetrics.func1
	/workspace/pkg/scaling/scale_handler.go:585
2026-03-04T18:51:07Z	ERROR	azure_servicebus_scaler	error getting service bus entity length	{"type": "ScaledObject", "namespace": "3pull", "name": "r-3pull-worker-sample-wait-blob", "error": "sources must contain at least one TokenCredential"}
github.com/kedacore/keda/v2/pkg/scalers.(*azureServiceBusScaler).GetMetricsAndActivity
	/workspace/pkg/scalers/azure_servicebus_scaler.go:221
github.com/kedacore/keda/v2/pkg/scaling/cache.(*ScalersCache).GetMetricsAndActivityForScaler
	/workspace/pkg/scaling/cache/scalers_cache.go:164
github.com/kedacore/keda/v2/pkg/scaling.(*scaleHandler).GetScaledObjectMetrics.func1
	/workspace/pkg/scaling/scale_handler.go:585
2026-03-04T18:51:07Z	ERROR	scale_handler	error getting metric for trigger	{"scaledObject.Namespace": "3pull", "scaledObject.Name": "r-3pull-worker-sample-wait-blob", "trigger": "azureServiceBusScaler", "error": "sources must contain at least one TokenCredential"}
github.com/kedacore/keda/v2/pkg/scaling.(*scaleHandler).processMetricsWithFallback
	/workspace/pkg/scaling/scale_handler.go:460
github.com/kedacore/keda/v2/pkg/scaling.(*scaleHandler).GetScaledObjectMetrics.func1
	/workspace/pkg/scaling/scale_handler.go:593
2026-03-04T18:51:07Z	ERROR	azure_servicebus_scaler	error starting azure workload-identity token provider	{"type": "ScaledObject", "namespace": "3pull", "name": "r-3pull-worker-auth-audit-export", "error": "no client ID specified. Check pod configuration or set ClientID in the options"}
github.com/kedacore/keda/v2/pkg/scalers/azure.NewChainedCredential
	/workspace/pkg/scalers/azure/azure_azidentity_chain.go:33
github.com/kedacore/keda/v2/pkg/scalers.(*azureServiceBusScaler).getServiceBusAdminClient
	/workspace/pkg/scalers/azure_servicebus_scaler.go:265
github.com/kedacore/keda/v2/pkg/scalers.(*azureServiceBusScaler).getAzureServiceBusLength
	/workspace/pkg/scalers/azure_servicebus_scaler.go:233
github.com/kedacore/keda/v2/pkg/scalers.(*azureServiceBusScaler).GetMetricsAndActivity
	/workspace/pkg/scalers/azure_servicebus_scaler.go:218
github.com/kedacore/keda/v2/pkg/scaling/cache.(*ScalersCache).GetMetricsAndActivityForScaler
	/workspace/pkg/scaling/cache/scalers_cache.go:154
github.com/kedacore/keda/v2/pkg/scaling.(*scaleHandler).GetScaledObjectMetrics.func1
	/workspace/pkg/scaling/scale_handler.go:585
2026-03-04T18:51:07Z	ERROR	azure_servicebus_scaler	error getting service bus entity length	{"type": "ScaledObject", "namespace": "3pull", "name": "r-3pull-worker-auth-audit-export", "error": "sources must contain at least one TokenCredential"}
github.com/kedacore/keda/v2/pkg/scalers.(*azureServiceBusScaler).GetMetricsAndActivity
	/workspace/pkg/scalers/azure_servicebus_scaler.go:221
github.com/kedacore/keda/v2/pkg/scaling/cache.(*ScalersCache).GetMetricsAndActivityForScaler
	/workspace/pkg/scaling/cache/scalers_cache.go:154
github.com/kedacore/keda/v2/pkg/scaling.(*scaleHandler).GetScaledObjectMetrics.func1
	/workspace/pkg/scaling/scale_handler.go:585
2026-03-04T18:51:07Z	ERROR	azure_servicebus_scaler	error starting azure workload-identity token provider	{"type": "ScaledObject", "namespace": "3pull", "name": "r-3pull-worker-auth-audit-export", "error": "no client ID specified. Check pod configuration or set ClientID in the options"}
github.com/kedacore/keda/v2/pkg/scalers/azure.NewChainedCredential
	/workspace/pkg/scalers/azure/azure_azidentity_chain.go:33
github.com/kedacore/keda/v2/pkg/scalers.(*azureServiceBusScaler).getServiceBusAdminClient
	/workspace/pkg/scalers/azure_servicebus_scaler.go:265
github.com/kedacore/keda/v2/pkg/scalers.(*azureServiceBusScaler).getAzureServiceBusLength
	/workspace/pkg/scalers/azure_servicebus_scaler.go:233
github.com/kedacore/keda/v2/pkg/scalers.(*azureServiceBusScaler).GetMetricsAndActivity
	/workspace/pkg/scalers/azure_servicebus_scaler.go:218
github.com/kedacore/keda/v2/pkg/scaling/cache.(*ScalersCache).GetMetricsAndActivityForScaler
	/workspace/pkg/scaling/cache/scalers_cache.go:164
github.com/kedacore/keda/v2/pkg/scaling.(*scaleHandler).GetScaledObjectMetrics.func1
	/workspace/pkg/scaling/scale_handler.go:585
2026-03-04T18:51:07Z	ERROR	azure_servicebus_scaler	error getting service bus entity length	{"type": "ScaledObject", "namespace": "3pull", "name": "r-3pull-worker-auth-audit-export", "error": "sources must contain at least one TokenCredential"}
github.com/kedacore/keda/v2/pkg/scalers.(*azureServiceBusScaler).GetMetricsAndActivity
	/workspace/pkg/scalers/azure_servicebus_scaler.go:221
github.com/kedacore/keda/v2/pkg/scaling/cache.(*ScalersCache).GetMetricsAndActivityForScaler
	/workspace/pkg/scaling/cache/scalers_cache.go:164
github.com/kedacore/keda/v2/pkg/scaling.(*scaleHandler).GetScaledObjectMetrics.func1
	/workspace/pkg/scaling/scale_handler.go:585
2026-03-04T18:51:07Z	ERROR	scale_handler	error getting metric for trigger	{"scaledObject.Namespace": "3pull", "scaledObject.Name": "r-3pull-worker-auth-audit-export", "trigger": "azureServiceBusScaler", "error": "sources must contain at least one TokenCredential"}
github.com/kedacore/keda/v2/pkg/scaling.(*scaleHandler).processMetricsWithFallback
	/workspace/pkg/scaling/scale_handler.go:460
github.com/kedacore/keda/v2/pkg/scaling.(*scaleHandler).GetScaledObjectMetrics.func1
	/workspace/pkg/scaling/scale_handler.go:593
2026-03-04T18:51:21Z	ERROR	azure_servicebus_scaler	error starting azure workload-identity token provider	{"type": "ScaledObject", "namespace": "3pull", "name": "r-3pull-worker-auth-audit-export", "error": "no client ID specified. Check pod configuration or set ClientID in the options"}
github.com/kedacore/keda/v2/pkg/scalers/azure.NewChainedCredential
	/workspace/pkg/scalers/azure/azure_azidentity_chain.go:33
github.com/kedacore/keda/v2/pkg/scalers.(*azureServiceBusScaler).getServiceBusAdminClient
	/workspace/pkg/scalers/azure_servicebus_scaler.go:265
github.com/kedacore/keda/v2/pkg/scalers.(*azureServiceBusScaler).getAzureServiceBusLength
	/workspace/pkg/scalers/azure_servicebus_scaler.go:233
github.com/kedacore/keda/v2/pkg/scalers.(*azureServiceBusScaler).GetMetricsAndActivity
	/workspace/pkg/scalers/azure_servicebus_scaler.go:218
github.com/kedacore/keda/v2/pkg/scaling/cache.(*ScalersCache).GetMetricsAndActivityForScaler
	/workspace/pkg/scaling/cache/scalers_cache.go:154
github.com/kedacore/keda/v2/pkg/scaling.(*scaleHandler).getScalerState
	/workspace/pkg/scaling/scale_handler.go:837
github.com/kedacore/keda/v2/pkg/scaling.(*scaleHandler).getScaledObjectState.func1
	/workspace/pkg/scaling/scale_handler.go:714
2026-03-04T18:51:21Z	ERROR	azure_servicebus_scaler	error getting service bus entity length	{"type": "ScaledObject", "namespace": "3pull", "name": "r-3pull-worker-auth-audit-export", "error": "sources must contain at least one TokenCredential"}
github.com/kedacore/keda/v2/pkg/scalers.(*azureServiceBusScaler).GetMetricsAndActivity
	/workspace/pkg/scalers/azure_servicebus_scaler.go:221
github.com/kedacore/keda/v2/pkg/scaling/cache.(*ScalersCache).GetMetricsAndActivityForScaler
	/workspace/pkg/scaling/cache/scalers_cache.go:154
github.com/kedacore/keda/v2/pkg/scaling.(*scaleHandler).getScalerState
	/workspace/pkg/scaling/scale_handler.go:837
github.com/kedacore/keda/v2/pkg/scaling.(*scaleHandler).getScaledObjectState.func1
	/workspace/pkg/scaling/scale_handler.go:714
2026-03-04T18:51:21Z	ERROR	azure_servicebus_scaler	error starting azure workload-identity token provider	{"type": "ScaledObject", "namespace": "3pull", "name": "r-3pull-worker-auth-audit-export", "error": "no client ID specified. Check pod configuration or set ClientID in the options"}
github.com/kedacore/keda/v2/pkg/scalers/azure.NewChainedCredential
	/workspace/pkg/scalers/azure/azure_azidentity_chain.go:33
github.com/kedacore/keda/v2/pkg/scalers.(*azureServiceBusScaler).getServiceBusAdminClient
	/workspace/pkg/scalers/azure_servicebus_scaler.go:265
github.com/kedacore/keda/v2/pkg/scalers.(*azureServiceBusScaler).getAzureServiceBusLength
	/workspace/pkg/scalers/azure_servicebus_scaler.go:233
github.com/kedacore/keda/v2/pkg/scalers.(*azureServiceBusScaler).GetMetricsAndActivity
	/workspace/pkg/scalers/azure_servicebus_scaler.go:218
github.com/kedacore/keda/v2/pkg/scaling/cache.(*ScalersCache).GetMetricsAndActivityForScaler
	/workspace/pkg/scaling/cache/scalers_cache.go:164
github.com/kedacore/keda/v2/pkg/scaling.(*scaleHandler).getScalerState
	/workspace/pkg/scaling/scale_handler.go:837
github.com/kedacore/keda/v2/pkg/scaling.(*scaleHandler).getScaledObjectState.func1
	/workspace/pkg/scaling/scale_handler.go:714
2026-03-04T18:51:21Z	ERROR	azure_servicebus_scaler	error getting service bus entity length	{"type": "ScaledObject", "namespace": "3pull", "name": "r-3pull-worker-auth-audit-export", "error": "sources must contain at least one TokenCredential"}
github.com/kedacore/keda/v2/pkg/scalers.(*azureServiceBusScaler).GetMetricsAndActivity
	/workspace/pkg/scalers/azure_servicebus_scaler.go:221
github.com/kedacore/keda/v2/pkg/scaling/cache.(*ScalersCache).GetMetricsAndActivityForScaler
	/workspace/pkg/scaling/cache/scalers_cache.go:164
github.com/kedacore/keda/v2/pkg/scaling.(*scaleHandler).getScalerState
	/workspace/pkg/scaling/scale_handler.go:837
github.com/kedacore/keda/v2/pkg/scaling.(*scaleHandler).getScaledObjectState.func1
	/workspace/pkg/scaling/scale_handler.go:714
2026-03-04T18:51:21Z	ERROR	scale_handler	error getting metric for trigger	{"scaledObject.Namespace": "3pull", "scaledObject.Name": "r-3pull-worker-auth-audit-export", "trigger": "azureServiceBusScaler", "error": "sources must contain at least one TokenCredential"}
github.com/kedacore/keda/v2/pkg/scaling.(*scaleHandler).processMetricsWithFallback
	/workspace/pkg/scaling/scale_handler.go:460
github.com/kedacore/keda/v2/pkg/scaling.(*scaleHandler).getScalerState
	/workspace/pkg/scaling/scale_handler.go:845
github.com/kedacore/keda/v2/pkg/scaling.(*scaleHandler).getScaledObjectState.func1
	/workspace/pkg/scaling/scale_handler.go:714
2026-03-04T18:51:21Z	ERROR	scale_handler	error getting scale decision	{"scaledObject.Namespace": "3pull", "scaledObject.Name": "r-3pull-worker-auth-audit-export", "scaler": "azureServiceBusScaler", "error": "sources must contain at least one TokenCredential"}
github.com/kedacore/keda/v2/pkg/scaling.(*scaleHandler).getScalerState
	/workspace/pkg/scaling/scale_handler.go:872
github.com/kedacore/keda/v2/pkg/scaling.(*scaleHandler).getScaledObjectState.func1
	/workspace/pkg/scaling/scale_handler.go:714
2026-03-04T18:51:21Z	ERROR	azure_servicebus_scaler	error starting azure workload-identity token provider	{"type": "ScaledObject", "namespace": "3pull", "name": "r-3pull-worker-sample-wait-blob", "error": "no client ID specified. Check pod configuration or set ClientID in the options"}
github.com/kedacore/keda/v2/pkg/scalers/azure.NewChainedCredential
	/workspace/pkg/scalers/azure/azure_azidentity_chain.go:33
github.com/kedacore/keda/v2/pkg/scalers.(*azureServiceBusScaler).getServiceBusAdminClient
	/workspace/pkg/scalers/azure_servicebus_scaler.go:265
github.com/kedacore/keda/v2/pkg/scalers.(*azureServiceBusScaler).getAzureServiceBusLength
	/workspace/pkg/scalers/azure_servicebus_scaler.go:233
github.com/kedacore/keda/v2/pkg/scalers.(*azureServiceBusScaler).GetMetricsAndActivity
	/workspace/pkg/scalers/azure_servicebus_scaler.go:218
github.com/kedacore/keda/v2/pkg/scaling/cache.(*ScalersCache).GetMetricsAndActivityForScaler
	/workspace/pkg/scaling/cache/scalers_cache.go:154
github.com/kedacore/keda/v2/pkg/scaling.(*scaleHandler).getScalerState
	/workspace/pkg/scaling/scale_handler.go:837
github.com/kedacore/keda/v2/pkg/scaling.(*scaleHandler).getScaledObjectState.func1
	/workspace/pkg/scaling/scale_handler.go:714
2026-03-04T18:51:21Z	ERROR	azure_servicebus_scaler	error getting service bus entity length	{"type": "ScaledObject", "namespace": "3pull", "name": "r-3pull-worker-sample-wait-blob", "error": "sources must contain at least one TokenCredential"}
github.com/kedacore/keda/v2/pkg/scalers.(*azureServiceBusScaler).GetMetricsAndActivity
	/workspace/pkg/scalers/azure_servicebus_scaler.go:221
github.com/kedacore/keda/v2/pkg/scaling/cache.(*ScalersCache).GetMetricsAndActivityForScaler
	/workspace/pkg/scaling/cache/scalers_cache.go:154
github.com/kedacore/keda/v2/pkg/scaling.(*scaleHandler).getScalerState
	/workspace/pkg/scaling/scale_handler.go:837
github.com/kedacore/keda/v2/pkg/scaling.(*scaleHandler).getScaledObjectState.func1
	/workspace/pkg/scaling/scale_handler.go:714
2026-03-04T18:51:21Z	ERROR	azure_servicebus_scaler	error starting azure workload-identity token provider	{"type": "ScaledObject", "namespace": "3pull", "name": "r-3pull-worker-sample-wait-blob", "error": "no client ID specified. Check pod configuration or set ClientID in the options"}
github.com/kedacore/keda/v2/pkg/scalers/azure.NewChainedCredential
	/workspace/pkg/scalers/azure/azure_azidentity_chain.go:33
github.com/kedacore/keda/v2/pkg/scalers.(*azureServiceBusScaler).getServiceBusAdminClient
	/workspace/pkg/scalers/azure_servicebus_scaler.go:265
github.com/kedacore/keda/v2/pkg/scalers.(*azureServiceBusScaler).getAzureServiceBusLength
	/workspace/pkg/scalers/azure_servicebus_scaler.go:233
github.com/kedacore/keda/v2/pkg/scalers.(*azureServiceBusScaler).GetMetricsAndActivity
	/workspace/pkg/scalers/azure_servicebus_scaler.go:218
github.com/kedacore/keda/v2/pkg/scaling/cache.(*ScalersCache).GetMetricsAndActivityForScaler
	/workspace/pkg/scaling/cache/scalers_cache.go:164
github.com/kedacore/keda/v2/pkg/scaling.(*scaleHandler).getScalerState
	/workspace/pkg/scaling/scale_handler.go:837
github.com/kedacore/keda/v2/pkg/scaling.(*scaleHandler).getScaledObjectState.func1
	/workspace/pkg/scaling/scale_handler.go:714
2026-03-04T18:51:21Z	ERROR	azure_servicebus_scaler	error getting service bus entity length	{"type": "ScaledObject", "namespace": "3pull", "name": "r-3pull-worker-sample-wait-blob", "error": "sources must contain at least one TokenCredential"}
github.com/kedacore/keda/v2/pkg/scalers.(*azureServiceBusScaler).GetMetricsAndActivity
	/workspace/pkg/scalers/azure_servicebus_scaler.go:221
github.com/kedacore/keda/v2/pkg/scaling/cache.(*ScalersCache).GetMetricsAndActivityForScaler
	/workspace/pkg/scaling/cache/scalers_cache.go:164
github.com/kedacore/keda/v2/pkg/scaling.(*scaleHandler).getScalerState
	/workspace/pkg/scaling/scale_handler.go:837
github.com/kedacore/keda/v2/pkg/scaling.(*scaleHandler).getScaledObjectState.func1
	/workspace/pkg/scaling/scale_handler.go:714
2026-03-04T18:51:21Z	ERROR	scale_handler	error getting metric for trigger	{"scaledObject.Namespace": "3pull", "scaledObject.Name": "r-3pull-worker-sample-wait-blob", "trigger": "azureServiceBusScaler", "error": "sources must contain at least one TokenCredential"}
github.com/kedacore/keda/v2/pkg/scaling.(*scaleHandler).processMetricsWithFallback
	/workspace/pkg/scaling/scale_handler.go:460
github.com/kedacore/keda/v2/pkg/scaling.(*scaleHandler).getScalerState
	/workspace/pkg/scaling/scale_handler.go:845
github.com/kedacore/keda/v2/pkg/scaling.(*scaleHandler).getScaledObjectState.func1
	/workspace/pkg/scaling/scale_handler.go:714
2026-03-04T18:51:21Z	ERROR	scale_handler	error getting scale decision	{"scaledObject.Namespace": "3pull", "scaledObject.Name": "r-3pull-worker-sample-wait-blob", "scaler": "azureServiceBusScaler", "error": "sources must contain at least one TokenCredential"}
github.com/kedacore/keda/v2/pkg/scaling.(*scaleHandler).getScalerState
	/workspace/pkg/scaling/scale_handler.go:872
github.com/kedacore/keda/v2/pkg/scaling.(*scaleHandler).getScaledObjectState.func1
	/workspace/pkg/scaling/scale_handler.go:714
2026-03-04T18:51:22Z	ERROR	azure_servicebus_scaler	error starting azure workload-identity token provider	{"type": "ScaledObject", "namespace": "3pull", "name": "r-3pull-worker-sample-wait-blob", "error": "no client ID specified. Check pod configuration or set ClientID in the options"}
github.com/kedacore/keda/v2/pkg/scalers/azure.NewChainedCredential
	/workspace/pkg/scalers/azure/azure_azidentity_chain.go:33
github.com/kedacore/keda/v2/pkg/scalers.(*azureServiceBusScaler).getServiceBusAdminClient
	/workspace/pkg/scalers/azure_servicebus_scaler.go:265
github.com/kedacore/keda/v2/pkg/scalers.(*azureServiceBusScaler).getAzureServiceBusLength
	/workspace/pkg/scalers/azure_servicebus_scaler.go:233
github.com/kedacore/keda/v2/pkg/scalers.(*azureServiceBusScaler).GetMetricsAndActivity
	/workspace/pkg/scalers/azure_servicebus_scaler.go:218
github.com/kedacore/keda/v2/pkg/scaling/cache.(*ScalersCache).GetMetricsAndActivityForScaler
	/workspace/pkg/scaling/cache/scalers_cache.go:154
github.com/kedacore/keda/v2/pkg/scaling.(*scaleHandler).GetScaledObjectMetrics.func1
	/workspace/pkg/scaling/scale_handler.go:585
2026-03-04T18:51:22Z	ERROR	azure_servicebus_scaler	error getting service bus entity length	{"type": "ScaledObject", "namespace": "3pull", "name": "r-3pull-worker-sample-wait-blob", "error": "sources must contain at least one TokenCredential"}
github.com/kedacore/keda/v2/pkg/scalers.(*azureServiceBusScaler).GetMetricsAndActivity
	/workspace/pkg/scalers/azure_servicebus_scaler.go:221
github.com/kedacore/keda/v2/pkg/scaling/cache.(*ScalersCache).GetMetricsAndActivityForScaler
	/workspace/pkg/scaling/cache/scalers_cache.go:154
github.com/kedacore/keda/v2/pkg/scaling.(*scaleHandler).GetScaledObjectMetrics.func1
	/workspace/pkg/scaling/scale_handler.go:585
2026-03-04T18:51:22Z	ERROR	azure_servicebus_scaler	error starting azure workload-identity token provider	{"type": "ScaledObject", "namespace": "3pull", "name": "r-3pull-worker-sample-wait-blob", "error": "no client ID specified. Check pod configuration or set ClientID in the options"}
github.com/kedacore/keda/v2/pkg/scalers/azure.NewChainedCredential
	/workspace/pkg/scalers/azure/azure_azidentity_chain.go:33
github.com/kedacore/keda/v2/pkg/scalers.(*azureServiceBusScaler).getServiceBusAdminClient
	/workspace/pkg/scalers/azure_servicebus_scaler.go:265
github.com/kedacore/keda/v2/pkg/scalers.(*azureServiceBusScaler).getAzureServiceBusLength
	/workspace/pkg/scalers/azure_servicebus_scaler.go:233
github.com/kedacore/keda/v2/pkg/scalers.(*azureServiceBusScaler).GetMetricsAndActivity
	/workspace/pkg/scalers/azure_servicebus_scaler.go:218
github.com/kedacore/keda/v2/pkg/scaling/cache.(*ScalersCache).GetMetricsAndActivityForScaler
	/workspace/pkg/scaling/cache/scalers_cache.go:164
github.com/kedacore/keda/v2/pkg/scaling.(*scaleHandler).GetScaledObjectMetrics.func1
	/workspace/pkg/scaling/scale_handler.go:585
2026-03-04T18:51:22Z	ERROR	azure_servicebus_scaler	error getting service bus entity length	{"type": "ScaledObject", "namespace": "3pull", "name": "r-3pull-worker-sample-wait-blob", "error": "sources must contain at least one TokenCredential"}
github.com/kedacore/keda/v2/pkg/scalers.(*azureServiceBusScaler).GetMetricsAndActivity
	/workspace/pkg/scalers/azure_servicebus_scaler.go:221
github.com/kedacore/keda/v2/pkg/scaling/cache.(*ScalersCache).GetMetricsAndActivityForScaler
	/workspace/pkg/scaling/cache/scalers_cache.go:164
github.com/kedacore/keda/v2/pkg/scaling.(*scaleHandler).GetScaledObjectMetrics.func1
	/workspace/pkg/scaling/scale_handler.go:585
2026-03-04T18:51:22Z	ERROR	scale_handler	error getting metric for trigger	{"scaledObject.Namespace": "3pull", "scaledObject.Name": "r-3pull-worker-sample-wait-blob", "trigger": "azureServiceBusScaler", "error": "sources must contain at least one TokenCredential"}
github.com/kedacore/keda/v2/pkg/scaling.(*scaleHandler).processMetricsWithFallback
	/workspace/pkg/scaling/scale_handler.go:460
github.com/kedacore/keda/v2/pkg/scaling.(*scaleHandler).GetScaledObjectMetrics.func1
	/workspace/pkg/scaling/scale_handler.go:593
2026-03-04T18:51:22Z	ERROR	azure_servicebus_scaler	error starting azure workload-identity token provider	{"type": "ScaledObject", "namespace": "3pull", "name": "r-3pull-worker-auth-audit-export", "error": "no client ID specified. Check pod configuration or set ClientID in the options"}
github.com/kedacore/keda/v2/pkg/scalers/azure.NewChainedCredential
	/workspace/pkg/scalers/azure/azure_azidentity_chain.go:33
github.com/kedacore/keda/v2/pkg/scalers.(*azureServiceBusScaler).getServiceBusAdminClient
	/workspace/pkg/scalers/azure_servicebus_scaler.go:265
github.com/kedacore/keda/v2/pkg/scalers.(*azureServiceBusScaler).getAzureServiceBusLength
	/workspace/pkg/scalers/azure_servicebus_scaler.go:233
github.com/kedacore/keda/v2/pkg/scalers.(*azureServiceBusScaler).GetMetricsAndActivity
	/workspace/pkg/scalers/azure_servicebus_scaler.go:218
github.com/kedacore/keda/v2/pkg/scaling/cache.(*ScalersCache).GetMetricsAndActivityForScaler
	/workspace/pkg/scaling/cache/scalers_cache.go:154
github.com/kedacore/keda/v2/pkg/scaling.(*scaleHandler).GetScaledObjectMetrics.func1
	/workspace/pkg/scaling/scale_handler.go:585
2026-03-04T18:51:22Z	ERROR	azure_servicebus_scaler	error getting service bus entity length	{"type": "ScaledObject", "namespace": "3pull", "name": "r-3pull-worker-auth-audit-export", "error": "sources must contain at least one TokenCredential"}
github.com/kedacore/keda/v2/pkg/scalers.(*azureServiceBusScaler).GetMetricsAndActivity
	/workspace/pkg/scalers/azure_servicebus_scaler.go:221
github.com/kedacore/keda/v2/pkg/scaling/cache.(*ScalersCache).GetMetricsAndActivityForScaler
	/workspace/pkg/scaling/cache/scalers_cache.go:154
github.com/kedacore/keda/v2/pkg/scaling.(*scaleHandler).GetScaledObjectMetrics.func1
	/workspace/pkg/scaling/scale_handler.go:585
2026-03-04T18:51:22Z	ERROR	azure_servicebus_scaler	error starting azure workload-identity token provider	{"type": "ScaledObject", "namespace": "3pull", "name": "r-3pull-worker-auth-audit-export", "error": "no client ID specified. Check pod configuration or set ClientID in the options"}
github.com/kedacore/keda/v2/pkg/scalers/azure.NewChainedCredential
	/workspace/pkg/scalers/azure/azure_azidentity_chain.go:33
github.com/kedacore/keda/v2/pkg/scalers.(*azureServiceBusScaler).getServiceBusAdminClient
	/workspace/pkg/scalers/azure_servicebus_scaler.go:265
github.com/kedacore/keda/v2/pkg/scalers.(*azureServiceBusScaler).getAzureServiceBusLength
	/workspace/pkg/scalers/azure_servicebus_scaler.go:233
github.com/kedacore/keda/v2/pkg/scalers.(*azureServiceBusScaler).GetMetricsAndActivity
	/workspace/pkg/scalers/azure_servicebus_scaler.go:218
github.com/kedacore/keda/v2/pkg/scaling/cache.(*ScalersCache).GetMetricsAndActivityForScaler
	/workspace/pkg/scaling/cache/scalers_cache.go:164
github.com/kedacore/keda/v2/pkg/scaling.(*scaleHandler).GetScaledObjectMetrics.func1
	/workspace/pkg/scaling/scale_handler.go:585
2026-03-04T18:51:22Z	ERROR	azure_servicebus_scaler	error getting service bus entity length	{"type": "ScaledObject", "namespace": "3pull", "name": "r-3pull-worker-auth-audit-export", "error": "sources must contain at least one TokenCredential"}
github.com/kedacore/keda/v2/pkg/scalers.(*azureServiceBusScaler).GetMetricsAndActivity
	/workspace/pkg/scalers/azure_servicebus_scaler.go:221
github.com/kedacore/keda/v2/pkg/scaling/cache.(*ScalersCache).GetMetricsAndActivityForScaler
	/workspace/pkg/scaling/cache/scalers_cache.go:164
github.com/kedacore/keda/v2/pkg/scaling.(*scaleHandler).GetScaledObjectMetrics.func1
	/workspace/pkg/scaling/scale_handler.go:585
2026-03-04T18:51:22Z	ERROR	scale_handler	error getting metric for trigger	{"scaledObject.Namespace": "3pull", "scaledObject.Name": "r-3pull-worker-auth-audit-export", "trigger": "azureServiceBusScaler", "error": "sources must contain at least one TokenCredential"}
github.com/kedacore/keda/v2/pkg/scaling.(*scaleHandler).processMetricsWithFallback
	/workspace/pkg/scaling/scale_handler.go:460
github.com/kedacore/keda/v2/pkg/scaling.(*scaleHandler).GetScaledObjectMetrics.func1
	/workspace/pkg/scaling/scale_handler.go:593
2026-03-04T18:51:37Z	ERROR	azure_servicebus_scaler	error starting azure workload-identity token provider	{"type": "ScaledObject", "namespace": "3pull", "name": "r-3pull-worker-auth-audit-export", "error": "no client ID specified. Check pod configuration or set ClientID in the options"}
github.com/kedacore/keda/v2/pkg/scalers/azure.NewChainedCredential
	/workspace/pkg/scalers/azure/azure_azidentity_chain.go:33
github.com/kedacore/keda/v2/pkg/scalers.(*azureServiceBusScaler).getServiceBusAdminClient
	/workspace/pkg/scalers/azure_servicebus_scaler.go:265
github.com/kedacore/keda/v2/pkg/scalers.(*azureServiceBusScaler).getAzureServiceBusLength
	/workspace/pkg/scalers/azure_servicebus_scaler.go:233
github.com/kedacore/keda/v2/pkg/scalers.(*azureServiceBusScaler).GetMetricsAndActivity
	/workspace/pkg/scalers/azure_servicebus_scaler.go:218
github.com/kedacore/keda/v2/pkg/scaling/cache.(*ScalersCache).GetMetricsAndActivityForScaler
	/workspace/pkg/scaling/cache/scalers_cache.go:154
github.com/kedacore/keda/v2/pkg/scaling.(*scaleHandler).GetScaledObjectMetrics.func1
	/workspace/pkg/scaling/scale_handler.go:585
2026-03-04T18:51:37Z	ERROR	azure_servicebus_scaler	error getting service bus entity length	{"type": "ScaledObject", "namespace": "3pull", "name": "r-3pull-worker-auth-audit-export", "error": "sources must contain at least one TokenCredential"}
github.com/kedacore/keda/v2/pkg/scalers.(*azureServiceBusScaler).GetMetricsAndActivity
	/workspace/pkg/scalers/azure_servicebus_scaler.go:221
github.com/kedacore/keda/v2/pkg/scaling/cache.(*ScalersCache).GetMetricsAndActivityForScaler
	/workspace/pkg/scaling/cache/scalers_cache.go:154
github.com/kedacore/keda/v2/pkg/scaling.(*scaleHandler).GetScaledObjectMetrics.func1
	/workspace/pkg/scaling/scale_handler.go:585
2026-03-04T18:51:37Z	ERROR	azure_servicebus_scaler	error starting azure workload-identity token provider	{"type": "ScaledObject", "namespace": "3pull", "name": "r-3pull-worker-auth-audit-export", "error": "no client ID specified. Check pod configuration or set ClientID in the options"}
github.com/kedacore/keda/v2/pkg/scalers/azure.NewChainedCredential
	/workspace/pkg/scalers/azure/azure_azidentity_chain.go:33
github.com/kedacore/keda/v2/pkg/scalers.(*azureServiceBusScaler).getServiceBusAdminClient
	/workspace/pkg/scalers/azure_servicebus_scaler.go:265
github.com/kedacore/keda/v2/pkg/scalers.(*azureServiceBusScaler).getAzureServiceBusLength
	/workspace/pkg/scalers/azure_servicebus_scaler.go:233
github.com/kedacore/keda/v2/pkg/scalers.(*azureServiceBusScaler).GetMetricsAndActivity
	/workspace/pkg/scalers/azure_servicebus_scaler.go:218
github.com/kedacore/keda/v2/pkg/scaling/cache.(*ScalersCache).GetMetricsAndActivityForScaler
	/workspace/pkg/scaling/cache/scalers_cache.go:164
github.com/kedacore/keda/v2/pkg/scaling.(*scaleHandler).GetScaledObjectMetrics.func1
	/workspace/pkg/scaling/scale_handler.go:585
2026-03-04T18:51:37Z	ERROR	azure_servicebus_scaler	error getting service bus entity length	{"type": "ScaledObject", "namespace": "3pull", "name": "r-3pull-worker-auth-audit-export", "error": "sources must contain at least one TokenCredential"}
github.com/kedacore/keda/v2/pkg/scalers.(*azureServiceBusScaler).GetMetricsAndActivity
	/workspace/pkg/scalers/azure_servicebus_scaler.go:221
github.com/kedacore/keda/v2/pkg/scaling/cache.(*ScalersCache).GetMetricsAndActivityForScaler
	/workspace/pkg/scaling/cache/scalers_cache.go:164
github.com/kedacore/keda/v2/pkg/scaling.(*scaleHandler).GetScaledObjectMetrics.func1
	/workspace/pkg/scaling/scale_handler.go:585
2026-03-04T18:51:37Z	ERROR	scale_handler	error getting metric for trigger	{"scaledObject.Namespace": "3pull", "scaledObject.Name": "r-3pull-worker-auth-audit-export", "trigger": "azureServiceBusScaler", "error": "sources must contain at least one TokenCredential"}
github.com/kedacore/keda/v2/pkg/scaling.(*scaleHandler).processMetricsWithFallback
	/workspace/pkg/scaling/scale_handler.go:460
github.com/kedacore/keda/v2/pkg/scaling.(*scaleHandler).GetScaledObjectMetrics.func1
	/workspace/pkg/scaling/scale_handler.go:593
2026-03-04T18:51:37Z	ERROR	azure_servicebus_scaler	error starting azure workload-identity token provider	{"type": "ScaledObject", "namespace": "3pull", "name": "r-3pull-worker-sample-wait-blob", "error": "no client ID specified. Check pod configuration or set ClientID in the options"}
github.com/kedacore/keda/v2/pkg/scalers/azure.NewChainedCredential
	/workspace/pkg/scalers/azure/azure_azidentity_chain.go:33
github.com/kedacore/keda/v2/pkg/scalers.(*azureServiceBusScaler).getServiceBusAdminClient
	/workspace/pkg/scalers/azure_servicebus_scaler.go:265
github.com/kedacore/keda/v2/pkg/scalers.(*azureServiceBusScaler).getAzureServiceBusLength
	/workspace/pkg/scalers/azure_servicebus_scaler.go:233
github.com/kedacore/keda/v2/pkg/scalers.(*azureServiceBusScaler).GetMetricsAndActivity
	/workspace/pkg/scalers/azure_servicebus_scaler.go:218
github.com/kedacore/keda/v2/pkg/scaling/cache.(*ScalersCache).GetMetricsAndActivityForScaler
	/workspace/pkg/scaling/cache/scalers_cache.go:154
github.com/kedacore/keda/v2/pkg/scaling.(*scaleHandler).GetScaledObjectMetrics.func1
	/workspace/pkg/scaling/scale_handler.go:585
2026-03-04T18:51:37Z	ERROR	azure_servicebus_scaler	error getting service bus entity length	{"type": "ScaledObject", "namespace": "3pull", "name": "r-3pull-worker-sample-wait-blob", "error": "sources must contain at least one TokenCredential"}
github.com/kedacore/keda/v2/pkg/scalers.(*azureServiceBusScaler).GetMetricsAndActivity
	/workspace/pkg/scalers/azure_servicebus_scaler.go:221
github.com/kedacore/keda/v2/pkg/scaling/cache.(*ScalersCache).GetMetricsAndActivityForScaler
	/workspace/pkg/scaling/cache/scalers_cache.go:154
github.com/kedacore/keda/v2/pkg/scaling.(*scaleHandler).GetScaledObjectMetrics.func1
	/workspace/pkg/scaling/scale_handler.go:585
2026-03-04T18:51:37Z	ERROR	azure_servicebus_scaler	error starting azure workload-identity token provider	{"type": "ScaledObject", "namespace": "3pull", "name": "r-3pull-worker-sample-wait-blob", "error": "no client ID specified. Check pod configuration or set ClientID in the options"}
github.com/kedacore/keda/v2/pkg/scalers/azure.NewChainedCredential
	/workspace/pkg/scalers/azure/azure_azidentity_chain.go:33
github.com/kedacore/keda/v2/pkg/scalers.(*azureServiceBusScaler).getServiceBusAdminClient
	/workspace/pkg/scalers/azure_servicebus_scaler.go:265
github.com/kedacore/keda/v2/pkg/scalers.(*azureServiceBusScaler).getAzureServiceBusLength
	/workspace/pkg/scalers/azure_servicebus_scaler.go:233
github.com/kedacore/keda/v2/pkg/scalers.(*azureServiceBusScaler).GetMetricsAndActivity
	/workspace/pkg/scalers/azure_servicebus_scaler.go:218
github.com/kedacore/keda/v2/pkg/scaling/cache.(*ScalersCache).GetMetricsAndActivityForScaler
	/workspace/pkg/scaling/cache/scalers_cache.go:164
github.com/kedacore/keda/v2/pkg/scaling.(*scaleHandler).GetScaledObjectMetrics.func1
	/workspace/pkg/scaling/scale_handler.go:585
2026-03-04T18:51:37Z	ERROR	azure_servicebus_scaler	error getting service bus entity length	{"type": "ScaledObject", "namespace": "3pull", "name": "r-3pull-worker-sample-wait-blob", "error": "sources must contain at least one TokenCredential"}
github.com/kedacore/keda/v2/pkg/scalers.(*azureServiceBusScaler).GetMetricsAndActivity
	/workspace/pkg/scalers/azure_servicebus_scaler.go:221
github.com/kedacore/keda/v2/pkg/scaling/cache.(*ScalersCache).GetMetricsAndActivityForScaler
	/workspace/pkg/scaling/cache/scalers_cache.go:164
github.com/kedacore/keda/v2/pkg/scaling.(*scaleHandler).GetScaledObjectMetrics.func1
	/workspace/pkg/scaling/scale_handler.go:585
2026-03-04T18:51:37Z	ERROR	scale_handler	error getting metric for trigger	{"scaledObject.Namespace": "3pull", "scaledObject.Name": "r-3pull-worker-sample-wait-blob", "trigger": "azureServiceBusScaler", "error": "sources must contain at least one TokenCredential"}
github.com/kedacore/keda/v2/pkg/scaling.(*scaleHandler).processMetricsWithFallback
	/workspace/pkg/scaling/scale_handler.go:460
github.com/kedacore/keda/v2/pkg/scaling.(*scaleHandler).GetScaledObjectMetrics.func1
	/workspace/pkg/scaling/scale_handler.go:593
2026-03-04T18:51:51Z	ERROR	azure_servicebus_scaler	error starting azure workload-identity token provider	{"type": "ScaledObject", "namespace": "3pull", "name": "r-3pull-worker-auth-audit-export", "error": "no client ID specified. Check pod configuration or set ClientID in the options"}
github.com/kedacore/keda/v2/pkg/scalers/azure.NewChainedCredential
	/workspace/pkg/scalers/azure/azure_azidentity_chain.go:33
github.com/kedacore/keda/v2/pkg/scalers.(*azureServiceBusScaler).getServiceBusAdminClient
	/workspace/pkg/scalers/azure_servicebus_scaler.go:265
github.com/kedacore/keda/v2/pkg/scalers.(*azureServiceBusScaler).getAzureServiceBusLength
	/workspace/pkg/scalers/azure_servicebus_scaler.go:233
github.com/kedacore/keda/v2/pkg/scalers.(*azureServiceBusScaler).GetMetricsAndActivity
	/workspace/pkg/scalers/azure_servicebus_scaler.go:218
github.com/kedacore/keda/v2/pkg/scaling/cache.(*ScalersCache).GetMetricsAndActivityForScaler
	/workspace/pkg/scaling/cache/scalers_cache.go:154
github.com/kedacore/keda/v2/pkg/scaling.(*scaleHandler).getScalerState
	/workspace/pkg/scaling/scale_handler.go:837
github.com/kedacore/keda/v2/pkg/scaling.(*scaleHandler).getScaledObjectState.func1
	/workspace/pkg/scaling/scale_handler.go:714
2026-03-04T18:51:51Z	ERROR	azure_servicebus_scaler	error getting service bus entity length	{"type": "ScaledObject", "namespace": "3pull", "name": "r-3pull-worker-auth-audit-export", "error": "sources must contain at least one TokenCredential"}
github.com/kedacore/keda/v2/pkg/scalers.(*azureServiceBusScaler).GetMetricsAndActivity
	/workspace/pkg/scalers/azure_servicebus_scaler.go:221
github.com/kedacore/keda/v2/pkg/scaling/cache.(*ScalersCache).GetMetricsAndActivityForScaler
	/workspace/pkg/scaling/cache/scalers_cache.go:154
github.com/kedacore/keda/v2/pkg/scaling.(*scaleHandler).getScalerState
	/workspace/pkg/scaling/scale_handler.go:837
github.com/kedacore/keda/v2/pkg/scaling.(*scaleHandler).getScaledObjectState.func1
	/workspace/pkg/scaling/scale_handler.go:714
2026-03-04T18:51:51Z	ERROR	azure_servicebus_scaler	error starting azure workload-identity token provider	{"type": "ScaledObject", "namespace": "3pull", "name": "r-3pull-worker-auth-audit-export", "error": "no client ID specified. Check pod configuration or set ClientID in the options"}
github.com/kedacore/keda/v2/pkg/scalers/azure.NewChainedCredential
	/workspace/pkg/scalers/azure/azure_azidentity_chain.go:33
github.com/kedacore/keda/v2/pkg/scalers.(*azureServiceBusScaler).getServiceBusAdminClient
	/workspace/pkg/scalers/azure_servicebus_scaler.go:265
github.com/kedacore/keda/v2/pkg/scalers.(*azureServiceBusScaler).getAzureServiceBusLength
	/workspace/pkg/scalers/azure_servicebus_scaler.go:233
github.com/kedacore/keda/v2/pkg/scalers.(*azureServiceBusScaler).GetMetricsAndActivity
	/workspace/pkg/scalers/azure_servicebus_scaler.go:218
github.com/kedacore/keda/v2/pkg/scaling/cache.(*ScalersCache).GetMetricsAndActivityForScaler
	/workspace/pkg/scaling/cache/scalers_cache.go:164
github.com/kedacore/keda/v2/pkg/scaling.(*scaleHandler).getScalerState
	/workspace/pkg/scaling/scale_handler.go:837
github.com/kedacore/keda/v2/pkg/scaling.(*scaleHandler).getScaledObjectState.func1
	/workspace/pkg/scaling/scale_handler.go:714
2026-03-04T18:51:51Z	ERROR	azure_servicebus_scaler	error getting service bus entity length	{"type": "ScaledObject", "namespace": "3pull", "name": "r-3pull-worker-auth-audit-export", "error": "sources must contain at least one TokenCredential"}
github.com/kedacore/keda/v2/pkg/scalers.(*azureServiceBusScaler).GetMetricsAndActivity
	/workspace/pkg/scalers/azure_servicebus_scaler.go:221
github.com/kedacore/keda/v2/pkg/scaling/cache.(*ScalersCache).GetMetricsAndActivityForScaler
	/workspace/pkg/scaling/cache/scalers_cache.go:164
github.com/kedacore/keda/v2/pkg/scaling.(*scaleHandler).getScalerState
	/workspace/pkg/scaling/scale_handler.go:837
github.com/kedacore/keda/v2/pkg/scaling.(*scaleHandler).getScaledObjectState.func1
	/workspace/pkg/scaling/scale_handler.go:714
2026-03-04T18:51:51Z	ERROR	scale_handler	error getting metric for trigger	{"scaledObject.Namespace": "3pull", "scaledObject.Name": "r-3pull-worker-auth-audit-export", "trigger": "azureServiceBusScaler", "error": "sources must contain at least one TokenCredential"}
github.com/kedacore/keda/v2/pkg/scaling.(*scaleHandler).processMetricsWithFallback
	/workspace/pkg/scaling/scale_handler.go:460
github.com/kedacore/keda/v2/pkg/scaling.(*scaleHandler).getScalerState
	/workspace/pkg/scaling/scale_handler.go:845
github.com/kedacore/keda/v2/pkg/scaling.(*scaleHandler).getScaledObjectState.func1
	/workspace/pkg/scaling/scale_handler.go:714
2026-03-04T18:51:51Z	ERROR	scale_handler	error getting scale decision	{"scaledObject.Namespace": "3pull", "scaledObject.Name": "r-3pull-worker-auth-audit-export", "scaler": "azureServiceBusScaler", "error": "sources must contain at least one TokenCredential"}
github.com/kedacore/keda/v2/pkg/scaling.(*scaleHandler).getScalerState
	/workspace/pkg/scaling/scale_handler.go:872
github.com/kedacore/keda/v2/pkg/scaling.(*scaleHandler).getScaledObjectState.func1
	/workspace/pkg/scaling/scale_handler.go:714
2026-03-04T18:51:51Z	ERROR	azure_servicebus_scaler	error starting azure workload-identity token provider	{"type": "ScaledObject", "namespace": "3pull", "name": "r-3pull-worker-sample-wait-blob", "error": "no client ID specified. Check pod configuration or set ClientID in the options"}
github.com/kedacore/keda/v2/pkg/scalers/azure.NewChainedCredential
	/workspace/pkg/scalers/azure/azure_azidentity_chain.go:33
github.com/kedacore/keda/v2/pkg/scalers.(*azureServiceBusScaler).getServiceBusAdminClient
	/workspace/pkg/scalers/azure_servicebus_scaler.go:265
github.com/kedacore/keda/v2/pkg/scalers.(*azureServiceBusScaler).getAzureServiceBusLength
	/workspace/pkg/scalers/azure_servicebus_scaler.go:233
github.com/kedacore/keda/v2/pkg/scalers.(*azureServiceBusScaler).GetMetricsAndActivity
	/workspace/pkg/scalers/azure_servicebus_scaler.go:218
github.com/kedacore/keda/v2/pkg/scaling/cache.(*ScalersCache).GetMetricsAndActivityForScaler
	/workspace/pkg/scaling/cache/scalers_cache.go:154
github.com/kedacore/keda/v2/pkg/scaling.(*scaleHandler).getScalerState
	/workspace/pkg/scaling/scale_handler.go:837
github.com/kedacore/keda/v2/pkg/scaling.(*scaleHandler).getScaledObjectState.func1
	/workspace/pkg/scaling/scale_handler.go:714
2026-03-04T18:51:51Z	ERROR	azure_servicebus_scaler	error getting service bus entity length	{"type": "ScaledObject", "namespace": "3pull", "name": "r-3pull-worker-sample-wait-blob", "error": "sources must contain at least one TokenCredential"}
github.com/kedacore/keda/v2/pkg/scalers.(*azureServiceBusScaler).GetMetricsAndActivity
	/workspace/pkg/scalers/azure_servicebus_scaler.go:221
github.com/kedacore/keda/v2/pkg/scaling/cache.(*ScalersCache).GetMetricsAndActivityForScaler
	/workspace/pkg/scaling/cache/scalers_cache.go:154
github.com/kedacore/keda/v2/pkg/scaling.(*scaleHandler).getScalerState
	/workspace/pkg/scaling/scale_handler.go:837
github.com/kedacore/keda/v2/pkg/scaling.(*scaleHandler).getScaledObjectState.func1
	/workspace/pkg/scaling/scale_handler.go:714
2026-03-04T18:51:51Z	ERROR	azure_servicebus_scaler	error starting azure workload-identity token provider	{"type": "ScaledObject", "namespace": "3pull", "name": "r-3pull-worker-sample-wait-blob", "error": "no client ID specified. Check pod configuration or set ClientID in the options"}
github.com/kedacore/keda/v2/pkg/scalers/azure.NewChainedCredential
	/workspace/pkg/scalers/azure/azure_azidentity_chain.go:33
github.com/kedacore/keda/v2/pkg/scalers.(*azureServiceBusScaler).getServiceBusAdminClient
	/workspace/pkg/scalers/azure_servicebus_scaler.go:265
github.com/kedacore/keda/v2/pkg/scalers.(*azureServiceBusScaler).getAzureServiceBusLength
	/workspace/pkg/scalers/azure_servicebus_scaler.go:233
github.com/kedacore/keda/v2/pkg/scalers.(*azureServiceBusScaler).GetMetricsAndActivity
	/workspace/pkg/scalers/azure_servicebus_scaler.go:218
github.com/kedacore/keda/v2/pkg/scaling/cache.(*ScalersCache).GetMetricsAndActivityForScaler
	/workspace/pkg/scaling/cache/scalers_cache.go:164
github.com/kedacore/keda/v2/pkg/scaling.(*scaleHandler).getScalerState
	/workspace/pkg/scaling/scale_handler.go:837
github.com/kedacore/keda/v2/pkg/scaling.(*scaleHandler).getScaledObjectState.func1
	/workspace/pkg/scaling/scale_handler.go:714
2026-03-04T18:51:51Z	ERROR	azure_servicebus_scaler	error getting service bus entity length	{"type": "ScaledObject", "namespace": "3pull", "name": "r-3pull-worker-sample-wait-blob", "error": "sources must contain at least one TokenCredential"}
github.com/kedacore/keda/v2/pkg/scalers.(*azureServiceBusScaler).GetMetricsAndActivity
	/workspace/pkg/scalers/azure_servicebus_scaler.go:221
github.com/kedacore/keda/v2/pkg/scaling/cache.(*ScalersCache).GetMetricsAndActivityForScaler
	/workspace/pkg/scaling/cache/scalers_cache.go:164
github.com/kedacore/keda/v2/pkg/scaling.(*scaleHandler).getScalerState
	/workspace/pkg/scaling/scale_handler.go:837
github.com/kedacore/keda/v2/pkg/scaling.(*scaleHandler).getScaledObjectState.func1
	/workspace/pkg/scaling/scale_handler.go:714
2026-03-04T18:51:51Z	ERROR	scale_handler	error getting metric for trigger	{"scaledObject.Namespace": "3pull", "scaledObject.Name": "r-3pull-worker-sample-wait-blob", "trigger": "azureServiceBusScaler", "error": "sources must contain at least one TokenCredential"}
github.com/kedacore/keda/v2/pkg/scaling.(*scaleHandler).processMetricsWithFallback
	/workspace/pkg/scaling/scale_handler.go:460
github.com/kedacore/keda/v2/pkg/scaling.(*scaleHandler).getScalerState
	/workspace/pkg/scaling/scale_handler.go:845
github.com/kedacore/keda/v2/pkg/scaling.(*scaleHandler).getScaledObjectState.func1
	/workspace/pkg/scaling/scale_handler.go:714
2026-03-04T18:51:51Z	ERROR	scale_handler	error getting scale decision	{"scaledObject.Namespace": "3pull", "scaledObject.Name": "r-3pull-worker-sample-wait-blob", "scaler": "azureServiceBusScaler", "error": "sources must contain at least one TokenCredential"}
github.com/kedacore/keda/v2/pkg/scaling.(*scaleHandler).getScalerState
	/workspace/pkg/scaling/scale_handler.go:872
github.com/kedacore/keda/v2/pkg/scaling.(*scaleHandler).getScaledObjectState.func1
	/workspace/pkg/scaling/scale_handler.go:714
2026-03-04T18:51:52Z	ERROR	azure_servicebus_scaler	error starting azure workload-identity token provider	{"type": "ScaledObject", "namespace": "3pull", "name": "r-3pull-worker-auth-audit-export", "error": "no client ID specified. Check pod configuration or set ClientID in the options"}
github.com/kedacore/keda/v2/pkg/scalers/azure.NewChainedCredential
	/workspace/pkg/scalers/azure/azure_azidentity_chain.go:33
github.com/kedacore/keda/v2/pkg/scalers.(*azureServiceBusScaler).getServiceBusAdminClient
	/workspace/pkg/scalers/azure_servicebus_scaler.go:265
github.com/kedacore/keda/v2/pkg/scalers.(*azureServiceBusScaler).getAzureServiceBusLength
	/workspace/pkg/scalers/azure_servicebus_scaler.go:233
github.com/kedacore/keda/v2/pkg/scalers.(*azureServiceBusScaler).GetMetricsAndActivity
	/workspace/pkg/scalers/azure_servicebus_scaler.go:218
github.com/kedacore/keda/v2/pkg/scaling/cache.(*ScalersCache).GetMetricsAndActivityForScaler
	/workspace/pkg/scaling/cache/scalers_cache.go:154
github.com/kedacore/keda/v2/pkg/scaling.(*scaleHandler).GetScaledObjectMetrics.func1
	/workspace/pkg/scaling/scale_handler.go:585
2026-03-04T18:51:52Z	ERROR	azure_servicebus_scaler	error getting service bus entity length	{"type": "ScaledObject", "namespace": "3pull", "name": "r-3pull-worker-auth-audit-export", "error": "sources must contain at least one TokenCredential"}
github.com/kedacore/keda/v2/pkg/scalers.(*azureServiceBusScaler).GetMetricsAndActivity
	/workspace/pkg/scalers/azure_servicebus_scaler.go:221
github.com/kedacore/keda/v2/pkg/scaling/cache.(*ScalersCache).GetMetricsAndActivityForScaler
	/workspace/pkg/scaling/cache/scalers_cache.go:154
github.com/kedacore/keda/v2/pkg/scaling.(*scaleHandler).GetScaledObjectMetrics.func1
	/workspace/pkg/scaling/scale_handler.go:585
2026-03-04T18:51:52Z	ERROR	azure_servicebus_scaler	error starting azure workload-identity token provider	{"type": "ScaledObject", "namespace": "3pull", "name": "r-3pull-worker-auth-audit-export", "error": "no client ID specified. Check pod configuration or set ClientID in the options"}
github.com/kedacore/keda/v2/pkg/scalers/azure.NewChainedCredential
	/workspace/pkg/scalers/azure/azure_azidentity_chain.go:33
github.com/kedacore/keda/v2/pkg/scalers.(*azureServiceBusScaler).getServiceBusAdminClient
	/workspace/pkg/scalers/azure_servicebus_scaler.go:265
github.com/kedacore/keda/v2/pkg/scalers.(*azureServiceBusScaler).getAzureServiceBusLength
	/workspace/pkg/scalers/azure_servicebus_scaler.go:233
github.com/kedacore/keda/v2/pkg/scalers.(*azureServiceBusScaler).GetMetricsAndActivity
	/workspace/pkg/scalers/azure_servicebus_scaler.go:218
github.com/kedacore/keda/v2/pkg/scaling/cache.(*ScalersCache).GetMetricsAndActivityForScaler
	/workspace/pkg/scaling/cache/scalers_cache.go:164
github.com/kedacore/keda/v2/pkg/scaling.(*scaleHandler).GetScaledObjectMetrics.func1
	/workspace/pkg/scaling/scale_handler.go:585
2026-03-04T18:51:52Z	ERROR	azure_servicebus_scaler	error getting service bus entity length	{"type": "ScaledObject", "namespace": "3pull", "name": "r-3pull-worker-auth-audit-export", "error": "sources must contain at least one TokenCredential"}
github.com/kedacore/keda/v2/pkg/scalers.(*azureServiceBusScaler).GetMetricsAndActivity
	/workspace/pkg/scalers/azure_servicebus_scaler.go:221
github.com/kedacore/keda/v2/pkg/scaling/cache.(*ScalersCache).GetMetricsAndActivityForScaler
	/workspace/pkg/scaling/cache/scalers_cache.go:164
github.com/kedacore/keda/v2/pkg/scaling.(*scaleHandler).GetScaledObjectMetrics.func1
	/workspace/pkg/scaling/scale_handler.go:585
2026-03-04T18:51:52Z	ERROR	scale_handler	error getting metric for trigger	{"scaledObject.Namespace": "3pull", "scaledObject.Name": "r-3pull-worker-auth-audit-export", "trigger": "azureServiceBusScaler", "error": "sources must contain at least one TokenCredential"}
github.com/kedacore/keda/v2/pkg/scaling.(*scaleHandler).processMetricsWithFallback
	/workspace/pkg/scaling/scale_handler.go:460
github.com/kedacore/keda/v2/pkg/scaling.(*scaleHandler).GetScaledObjectMetrics.func1
	/workspace/pkg/scaling/scale_handler.go:593
2026-03-04T18:51:52Z	ERROR	azure_servicebus_scaler	error starting azure workload-identity token provider	{"type": "ScaledObject", "namespace": "3pull", "name": "r-3pull-worker-sample-wait-blob", "error": "no client ID specified. Check pod configuration or set ClientID in the options"}
github.com/kedacore/keda/v2/pkg/scalers/azure.NewChainedCredential
	/workspace/pkg/scalers/azure/azure_azidentity_chain.go:33
github.com/kedacore/keda/v2/pkg/scalers.(*azureServiceBusScaler).getServiceBusAdminClient
	/workspace/pkg/scalers/azure_servicebus_scaler.go:265
github.com/kedacore/keda/v2/pkg/scalers.(*azureServiceBusScaler).getAzureServiceBusLength
	/workspace/pkg/scalers/azure_servicebus_scaler.go:233
github.com/kedacore/keda/v2/pkg/scalers.(*azureServiceBusScaler).GetMetricsAndActivity
	/workspace/pkg/scalers/azure_servicebus_scaler.go:218
github.com/kedacore/keda/v2/pkg/scaling/cache.(*ScalersCache).GetMetricsAndActivityForScaler
	/workspace/pkg/scaling/cache/scalers_cache.go:154
github.com/kedacore/keda/v2/pkg/scaling.(*scaleHandler).GetScaledObjectMetrics.func1
	/workspace/pkg/scaling/scale_handler.go:585
2026-03-04T18:51:52Z	ERROR	azure_servicebus_scaler	error getting service bus entity length	{"type": "ScaledObject", "namespace": "3pull", "name": "r-3pull-worker-sample-wait-blob", "error": "sources must contain at least one TokenCredential"}
github.com/kedacore/keda/v2/pkg/scalers.(*azureServiceBusScaler).GetMetricsAndActivity
	/workspace/pkg/scalers/azure_servicebus_scaler.go:221
github.com/kedacore/keda/v2/pkg/scaling/cache.(*ScalersCache).GetMetricsAndActivityForScaler
	/workspace/pkg/scaling/cache/scalers_cache.go:154
github.com/kedacore/keda/v2/pkg/scaling.(*scaleHandler).GetScaledObjectMetrics.func1
	/workspace/pkg/scaling/scale_handler.go:585
2026-03-04T18:51:52Z	ERROR	azure_servicebus_scaler	error starting azure workload-identity token provider	{"type": "ScaledObject", "namespace": "3pull", "name": "r-3pull-worker-sample-wait-blob", "error": "no client ID specified. Check pod configuration or set ClientID in the options"}
github.com/kedacore/keda/v2/pkg/scalers/azure.NewChainedCredential
	/workspace/pkg/scalers/azure/azure_azidentity_chain.go:33
github.com/kedacore/keda/v2/pkg/scalers.(*azureServiceBusScaler).getServiceBusAdminClient
	/workspace/pkg/scalers/azure_servicebus_scaler.go:265
github.com/kedacore/keda/v2/pkg/scalers.(*azureServiceBusScaler).getAzureServiceBusLength
	/workspace/pkg/scalers/azure_servicebus_scaler.go:233
github.com/kedacore/keda/v2/pkg/scalers.(*azureServiceBusScaler).GetMetricsAndActivity
	/workspace/pkg/scalers/azure_servicebus_scaler.go:218
github.com/kedacore/keda/v2/pkg/scaling/cache.(*ScalersCache).GetMetricsAndActivityForScaler
	/workspace/pkg/scaling/cache/scalers_cache.go:164
github.com/kedacore/keda/v2/pkg/scaling.(*scaleHandler).GetScaledObjectMetrics.func1
	/workspace/pkg/scaling/scale_handler.go:585
2026-03-04T18:51:52Z	ERROR	azure_servicebus_scaler	error getting service bus entity length	{"type": "ScaledObject", "namespace": "3pull", "name": "r-3pull-worker-sample-wait-blob", "error": "sources must contain at least one TokenCredential"}
github.com/kedacore/keda/v2/pkg/scalers.(*azureServiceBusScaler).GetMetricsAndActivity
	/workspace/pkg/scalers/azure_servicebus_scaler.go:221
github.com/kedacore/keda/v2/pkg/scaling/cache.(*ScalersCache).GetMetricsAndActivityForScaler
	/workspace/pkg/scaling/cache/scalers_cache.go:164
github.com/kedacore/keda/v2/pkg/scaling.(*scaleHandler).GetScaledObjectMetrics.func1
	/workspace/pkg/scaling/scale_handler.go:585
2026-03-04T18:51:52Z	ERROR	scale_handler	error getting metric for trigger	{"scaledObject.Namespace": "3pull", "scaledObject.Name": "r-3pull-worker-sample-wait-blob", "trigger": "azureServiceBusScaler", "error": "sources must contain at least one TokenCredential"}
github.com/kedacore/keda/v2/pkg/scaling.(*scaleHandler).processMetricsWithFallback
	/workspace/pkg/scaling/scale_handler.go:460
github.com/kedacore/keda/v2/pkg/scaling.(*scaleHandler).GetScaledObjectMetrics.func1
	/workspace/pkg/scaling/scale_handler.go:593
2026-03-04T18:52:07Z	ERROR	azure_servicebus_scaler	error starting azure workload-identity token provider	{"type": "ScaledObject", "namespace": "3pull", "name": "r-3pull-worker-auth-audit-export", "error": "no client ID specified. Check pod configuration or set ClientID in the options"}
github.com/kedacore/keda/v2/pkg/scalers/azure.NewChainedCredential
	/workspace/pkg/scalers/azure/azure_azidentity_chain.go:33
github.com/kedacore/keda/v2/pkg/scalers.(*azureServiceBusScaler).getServiceBusAdminClient
	/workspace/pkg/scalers/azure_servicebus_scaler.go:265
github.com/kedacore/keda/v2/pkg/scalers.(*azureServiceBusScaler).getAzureServiceBusLength
	/workspace/pkg/scalers/azure_servicebus_scaler.go:233
github.com/kedacore/keda/v2/pkg/scalers.(*azureServiceBusScaler).GetMetricsAndActivity
	/workspace/pkg/scalers/azure_servicebus_scaler.go:218
github.com/kedacore/keda/v2/pkg/scaling/cache.(*ScalersCache).GetMetricsAndActivityForScaler
	/workspace/pkg/scaling/cache/scalers_cache.go:154
github.com/kedacore/keda/v2/pkg/scaling.(*scaleHandler).GetScaledObjectMetrics.func1
	/workspace/pkg/scaling/scale_handler.go:585
2026-03-04T18:52:07Z	ERROR	azure_servicebus_scaler	error getting service bus entity length	{"type": "ScaledObject", "namespace": "3pull", "name": "r-3pull-worker-auth-audit-export", "error": "sources must contain at least one TokenCredential"}
github.com/kedacore/keda/v2/pkg/scalers.(*azureServiceBusScaler).GetMetricsAndActivity
	/workspace/pkg/scalers/azure_servicebus_scaler.go:221
github.com/kedacore/keda/v2/pkg/scaling/cache.(*ScalersCache).GetMetricsAndActivityForScaler
	/workspace/pkg/scaling/cache/scalers_cache.go:154
github.com/kedacore/keda/v2/pkg/scaling.(*scaleHandler).GetScaledObjectMetrics.func1
	/workspace/pkg/scaling/scale_handler.go:585
2026-03-04T18:52:07Z	ERROR	azure_servicebus_scaler	error starting azure workload-identity token provider	{"type": "ScaledObject", "namespace": "3pull", "name": "r-3pull-worker-auth-audit-export", "error": "no client ID specified. Check pod configuration or set ClientID in the options"}
github.com/kedacore/keda/v2/pkg/scalers/azure.NewChainedCredential
	/workspace/pkg/scalers/azure/azure_azidentity_chain.go:33
github.com/kedacore/keda/v2/pkg/scalers.(*azureServiceBusScaler).getServiceBusAdminClient
	/workspace/pkg/scalers/azure_servicebus_scaler.go:265
github.com/kedacore/keda/v2/pkg/scalers.(*azureServiceBusScaler).getAzureServiceBusLength
	/workspace/pkg/scalers/azure_servicebus_scaler.go:233
github.com/kedacore/keda/v2/pkg/scalers.(*azureServiceBusScaler).GetMetricsAndActivity
	/workspace/pkg/scalers/azure_servicebus_scaler.go:218
github.com/kedacore/keda/v2/pkg/scaling/cache.(*ScalersCache).GetMetricsAndActivityForScaler
	/workspace/pkg/scaling/cache/scalers_cache.go:164
github.com/kedacore/keda/v2/pkg/scaling.(*scaleHandler).GetScaledObjectMetrics.func1
	/workspace/pkg/scaling/scale_handler.go:585
2026-03-04T18:52:07Z	ERROR	azure_servicebus_scaler	error getting service bus entity length	{"type": "ScaledObject", "namespace": "3pull", "name": "r-3pull-worker-auth-audit-export", "error": "sources must contain at least one TokenCredential"}
github.com/kedacore/keda/v2/pkg/scalers.(*azureServiceBusScaler).GetMetricsAndActivity
	/workspace/pkg/scalers/azure_servicebus_scaler.go:221
github.com/kedacore/keda/v2/pkg/scaling/cache.(*ScalersCache).GetMetricsAndActivityForScaler
	/workspace/pkg/scaling/cache/scalers_cache.go:164
github.com/kedacore/keda/v2/pkg/scaling.(*scaleHandler).GetScaledObjectMetrics.func1
	/workspace/pkg/scaling/scale_handler.go:585
2026-03-04T18:52:07Z	ERROR	scale_handler	error getting metric for trigger	{"scaledObject.Namespace": "3pull", "scaledObject.Name": "r-3pull-worker-auth-audit-export", "trigger": "azureServiceBusScaler", "error": "sources must contain at least one TokenCredential"}
github.com/kedacore/keda/v2/pkg/scaling.(*scaleHandler).processMetricsWithFallback
	/workspace/pkg/scaling/scale_handler.go:460
github.com/kedacore/keda/v2/pkg/scaling.(*scaleHandler).GetScaledObjectMetrics.func1
	/workspace/pkg/scaling/scale_handler.go:593
2026-03-04T18:52:07Z	ERROR	azure_servicebus_scaler	error starting azure workload-identity token provider	{"type": "ScaledObject", "namespace": "3pull", "name": "r-3pull-worker-sample-wait-blob", "error": "no client ID specified. Check pod configuration or set ClientID in the options"}
github.com/kedacore/keda/v2/pkg/scalers/azure.NewChainedCredential
	/workspace/pkg/scalers/azure/azure_azidentity_chain.go:33
github.com/kedacore/keda/v2/pkg/scalers.(*azureServiceBusScaler).getServiceBusAdminClient
	/workspace/pkg/scalers/azure_servicebus_scaler.go:265
github.com/kedacore/keda/v2/pkg/scalers.(*azureServiceBusScaler).getAzureServiceBusLength
	/workspace/pkg/scalers/azure_servicebus_scaler.go:233
github.com/kedacore/keda/v2/pkg/scalers.(*azureServiceBusScaler).GetMetricsAndActivity
	/workspace/pkg/scalers/azure_servicebus_scaler.go:218
github.com/kedacore/keda/v2/pkg/scaling/cache.(*ScalersCache).GetMetricsAndActivityForScaler
	/workspace/pkg/scaling/cache/scalers_cache.go:154
github.com/kedacore/keda/v2/pkg/scaling.(*scaleHandler).GetScaledObjectMetrics.func1
	/workspace/pkg/scaling/scale_handler.go:585
2026-03-04T18:52:07Z	ERROR	azure_servicebus_scaler	error getting service bus entity length	{"type": "ScaledObject", "namespace": "3pull", "name": "r-3pull-worker-sample-wait-blob", "error": "sources must contain at least one TokenCredential"}
github.com/kedacore/keda/v2/pkg/scalers.(*azureServiceBusScaler).GetMetricsAndActivity
	/workspace/pkg/scalers/azure_servicebus_scaler.go:221
github.com/kedacore/keda/v2/pkg/scaling/cache.(*ScalersCache).GetMetricsAndActivityForScaler
	/workspace/pkg/scaling/cache/scalers_cache.go:154
github.com/kedacore/keda/v2/pkg/scaling.(*scaleHandler).GetScaledObjectMetrics.func1
	/workspace/pkg/scaling/scale_handler.go:585
2026-03-04T18:52:07Z	ERROR	azure_servicebus_scaler	error starting azure workload-identity token provider	{"type": "ScaledObject", "namespace": "3pull", "name": "r-3pull-worker-sample-wait-blob", "error": "no client ID specified. Check pod configuration or set ClientID in the options"}
github.com/kedacore/keda/v2/pkg/scalers/azure.NewChainedCredential
	/workspace/pkg/scalers/azure/azure_azidentity_chain.go:33
github.com/kedacore/keda/v2/pkg/scalers.(*azureServiceBusScaler).getServiceBusAdminClient
	/workspace/pkg/scalers/azure_servicebus_scaler.go:265
github.com/kedacore/keda/v2/pkg/scalers.(*azureServiceBusScaler).getAzureServiceBusLength
	/workspace/pkg/scalers/azure_servicebus_scaler.go:233
github.com/kedacore/keda/v2/pkg/scalers.(*azureServiceBusScaler).GetMetricsAndActivity
	/workspace/pkg/scalers/azure_servicebus_scaler.go:218
github.com/kedacore/keda/v2/pkg/scaling/cache.(*ScalersCache).GetMetricsAndActivityForScaler
	/workspace/pkg/scaling/cache/scalers_cache.go:164
github.com/kedacore/keda/v2/pkg/scaling.(*scaleHandler).GetScaledObjectMetrics.func1
	/workspace/pkg/scaling/scale_handler.go:585
2026-03-04T18:52:07Z	ERROR	azure_servicebus_scaler	error getting service bus entity length	{"type": "ScaledObject", "namespace": "3pull", "name": "r-3pull-worker-sample-wait-blob", "error": "sources must contain at least one TokenCredential"}
github.com/kedacore/keda/v2/pkg/scalers.(*azureServiceBusScaler).GetMetricsAndActivity
	/workspace/pkg/scalers/azure_servicebus_scaler.go:221
github.com/kedacore/keda/v2/pkg/scaling/cache.(*ScalersCache).GetMetricsAndActivityForScaler
	/workspace/pkg/scaling/cache/scalers_cache.go:164
github.com/kedacore/keda/v2/pkg/scaling.(*scaleHandler).GetScaledObjectMetrics.func1
	/workspace/pkg/scaling/scale_handler.go:585
2026-03-04T18:52:07Z	ERROR	scale_handler	error getting metric for trigger	{"scaledObject.Namespace": "3pull", "scaledObject.Name": "r-3pull-worker-sample-wait-blob", "trigger": "azureServiceBusScaler", "error": "sources must contain at least one TokenCredential"}
github.com/kedacore/keda/v2/pkg/scaling.(*scaleHandler).processMetricsWithFallback
	/workspace/pkg/scaling/scale_handler.go:460
github.com/kedacore/keda/v2/pkg/scaling.(*scaleHandler).GetScaledObjectMetrics.func1
	/workspace/pkg/scaling/scale_handler.go:593
2026-03-04T18:52:21Z	ERROR	azure_servicebus_scaler	error starting azure workload-identity token provider	{"type": "ScaledObject", "namespace": "3pull", "name": "r-3pull-worker-auth-audit-export", "error": "no client ID specified. Check pod configuration or set ClientID in the options"}
github.com/kedacore/keda/v2/pkg/scalers/azure.NewChainedCredential
	/workspace/pkg/scalers/azure/azure_azidentity_chain.go:33
github.com/kedacore/keda/v2/pkg/scalers.(*azureServiceBusScaler).getServiceBusAdminClient
	/workspace/pkg/scalers/azure_servicebus_scaler.go:265
github.com/kedacore/keda/v2/pkg/scalers.(*azureServiceBusScaler).getAzureServiceBusLength
	/workspace/pkg/scalers/azure_servicebus_scaler.go:233
github.com/kedacore/keda/v2/pkg/scalers.(*azureServiceBusScaler).GetMetricsAndActivity
	/workspace/pkg/scalers/azure_servicebus_scaler.go:218
github.com/kedacore/keda/v2/pkg/scaling/cache.(*ScalersCache).GetMetricsAndActivityForScaler
	/workspace/pkg/scaling/cache/scalers_cache.go:154
github.com/kedacore/keda/v2/pkg/scaling.(*scaleHandler).getScalerState
	/workspace/pkg/scaling/scale_handler.go:837
github.com/kedacore/keda/v2/pkg/scaling.(*scaleHandler).getScaledObjectState.func1
	/workspace/pkg/scaling/scale_handler.go:714
2026-03-04T18:52:21Z	ERROR	azure_servicebus_scaler	error getting service bus entity length	{"type": "ScaledObject", "namespace": "3pull", "name": "r-3pull-worker-auth-audit-export", "error": "sources must contain at least one TokenCredential"}
github.com/kedacore/keda/v2/pkg/scalers.(*azureServiceBusScaler).GetMetricsAndActivity
	/workspace/pkg/scalers/azure_servicebus_scaler.go:221
github.com/kedacore/keda/v2/pkg/scaling/cache.(*ScalersCache).GetMetricsAndActivityForScaler
	/workspace/pkg/scaling/cache/scalers_cache.go:154
github.com/kedacore/keda/v2/pkg/scaling.(*scaleHandler).getScalerState
	/workspace/pkg/scaling/scale_handler.go:837
github.com/kedacore/keda/v2/pkg/scaling.(*scaleHandler).getScaledObjectState.func1
	/workspace/pkg/scaling/scale_handler.go:714
2026-03-04T18:52:21Z	ERROR	azure_servicebus_scaler	error starting azure workload-identity token provider	{"type": "ScaledObject", "namespace": "3pull", "name": "r-3pull-worker-auth-audit-export", "error": "no client ID specified. Check pod configuration or set ClientID in the options"}
github.com/kedacore/keda/v2/pkg/scalers/azure.NewChainedCredential
	/workspace/pkg/scalers/azure/azure_azidentity_chain.go:33
github.com/kedacore/keda/v2/pkg/scalers.(*azureServiceBusScaler).getServiceBusAdminClient
	/workspace/pkg/scalers/azure_servicebus_scaler.go:265
github.com/kedacore/keda/v2/pkg/scalers.(*azureServiceBusScaler).getAzureServiceBusLength
	/workspace/pkg/scalers/azure_servicebus_scaler.go:233
github.com/kedacore/keda/v2/pkg/scalers.(*azureServiceBusScaler).GetMetricsAndActivity
	/workspace/pkg/scalers/azure_servicebus_scaler.go:218
github.com/kedacore/keda/v2/pkg/scaling/cache.(*ScalersCache).GetMetricsAndActivityForScaler
	/workspace/pkg/scaling/cache/scalers_cache.go:164
github.com/kedacore/keda/v2/pkg/scaling.(*scaleHandler).getScalerState
	/workspace/pkg/scaling/scale_handler.go:837
github.com/kedacore/keda/v2/pkg/scaling.(*scaleHandler).getScaledObjectState.func1
	/workspace/pkg/scaling/scale_handler.go:714
2026-03-04T18:52:21Z	ERROR	azure_servicebus_scaler	error getting service bus entity length	{"type": "ScaledObject", "namespace": "3pull", "name": "r-3pull-worker-auth-audit-export", "error": "sources must contain at least one TokenCredential"}
github.com/kedacore/keda/v2/pkg/scalers.(*azureServiceBusScaler).GetMetricsAndActivity
	/workspace/pkg/scalers/azure_servicebus_scaler.go:221
github.com/kedacore/keda/v2/pkg/scaling/cache.(*ScalersCache).GetMetricsAndActivityForScaler
	/workspace/pkg/scaling/cache/scalers_cache.go:164
github.com/kedacore/keda/v2/pkg/scaling.(*scaleHandler).getScalerState
	/workspace/pkg/scaling/scale_handler.go:837
github.com/kedacore/keda/v2/pkg/scaling.(*scaleHandler).getScaledObjectState.func1
	/workspace/pkg/scaling/scale_handler.go:714
2026-03-04T18:52:21Z	ERROR	scale_handler	error getting metric for trigger	{"scaledObject.Namespace": "3pull", "scaledObject.Name": "r-3pull-worker-auth-audit-export", "trigger": "azureServiceBusScaler", "error": "sources must contain at least one TokenCredential"}
github.com/kedacore/keda/v2/pkg/scaling.(*scaleHandler).processMetricsWithFallback
	/workspace/pkg/scaling/scale_handler.go:460
github.com/kedacore/keda/v2/pkg/scaling.(*scaleHandler).getScalerState
	/workspace/pkg/scaling/scale_handler.go:845
github.com/kedacore/keda/v2/pkg/scaling.(*scaleHandler).getScaledObjectState.func1
	/workspace/pkg/scaling/scale_handler.go:714
2026-03-04T18:52:21Z	ERROR	scale_handler	error getting scale decision	{"scaledObject.Namespace": "3pull", "scaledObject.Name": "r-3pull-worker-auth-audit-export", "scaler": "azureServiceBusScaler", "error": "sources must contain at least one TokenCredential"}
github.com/kedacore/keda/v2/pkg/scaling.(*scaleHandler).getScalerState
	/workspace/pkg/scaling/scale_handler.go:872
github.com/kedacore/keda/v2/pkg/scaling.(*scaleHandler).getScaledObjectState.func1
	/workspace/pkg/scaling/scale_handler.go:714
2026-03-04T18:52:21Z	ERROR	azure_servicebus_scaler	error starting azure workload-identity token provider	{"type": "ScaledObject", "namespace": "3pull", "name": "r-3pull-worker-sample-wait-blob", "error": "no client ID specified. Check pod configuration or set ClientID in the options"}
github.com/kedacore/keda/v2/pkg/scalers/azure.NewChainedCredential
	/workspace/pkg/scalers/azure/azure_azidentity_chain.go:33
github.com/kedacore/keda/v2/pkg/scalers.(*azureServiceBusScaler).getServiceBusAdminClient
	/workspace/pkg/scalers/azure_servicebus_scaler.go:265
github.com/kedacore/keda/v2/pkg/scalers.(*azureServiceBusScaler).getAzureServiceBusLength
	/workspace/pkg/scalers/azure_servicebus_scaler.go:233
github.com/kedacore/keda/v2/pkg/scalers.(*azureServiceBusScaler).GetMetricsAndActivity
	/workspace/pkg/scalers/azure_servicebus_scaler.go:218
github.com/kedacore/keda/v2/pkg/scaling/cache.(*ScalersCache).GetMetricsAndActivityForScaler
	/workspace/pkg/scaling/cache/scalers_cache.go:154
github.com/kedacore/keda/v2/pkg/scaling.(*scaleHandler).getScalerState
	/workspace/pkg/scaling/scale_handler.go:837
github.com/kedacore/keda/v2/pkg/scaling.(*scaleHandler).getScaledObjectState.func1
	/workspace/pkg/scaling/scale_handler.go:714
2026-03-04T18:52:21Z	ERROR	azure_servicebus_scaler	error getting service bus entity length	{"type": "ScaledObject", "namespace": "3pull", "name": "r-3pull-worker-sample-wait-blob", "error": "sources must contain at least one TokenCredential"}
github.com/kedacore/keda/v2/pkg/scalers.(*azureServiceBusScaler).GetMetricsAndActivity
	/workspace/pkg/scalers/azure_servicebus_scaler.go:221
github.com/kedacore/keda/v2/pkg/scaling/cache.(*ScalersCache).GetMetricsAndActivityForScaler
	/workspace/pkg/scaling/cache/scalers_cache.go:154
github.com/kedacore/keda/v2/pkg/scaling.(*scaleHandler).getScalerState
	/workspace/pkg/scaling/scale_handler.go:837
github.com/kedacore/keda/v2/pkg/scaling.(*scaleHandler).getScaledObjectState.func1
	/workspace/pkg/scaling/scale_handler.go:714
2026-03-04T18:52:21Z	ERROR	azure_servicebus_scaler	error starting azure workload-identity token provider	{"type": "ScaledObject", "namespace": "3pull", "name": "r-3pull-worker-sample-wait-blob", "error": "no client ID specified. Check pod configuration or set ClientID in the options"}
github.com/kedacore/keda/v2/pkg/scalers/azure.NewChainedCredential
	/workspace/pkg/scalers/azure/azure_azidentity_chain.go:33
github.com/kedacore/keda/v2/pkg/scalers.(*azureServiceBusScaler).getServiceBusAdminClient
	/workspace/pkg/scalers/azure_servicebus_scaler.go:265
github.com/kedacore/keda/v2/pkg/scalers.(*azureServiceBusScaler).getAzureServiceBusLength
	/workspace/pkg/scalers/azure_servicebus_scaler.go:233
github.com/kedacore/keda/v2/pkg/scalers.(*azureServiceBusScaler).GetMetricsAndActivity
	/workspace/pkg/scalers/azure_servicebus_scaler.go:218
github.com/kedacore/keda/v2/pkg/scaling/cache.(*ScalersCache).GetMetricsAndActivityForScaler
	/workspace/pkg/scaling/cache/scalers_cache.go:164
github.com/kedacore/keda/v2/pkg/scaling.(*scaleHandler).getScalerState
	/workspace/pkg/scaling/scale_handler.go:837
github.com/kedacore/keda/v2/pkg/scaling.(*scaleHandler).getScaledObjectState.func1
	/workspace/pkg/scaling/scale_handler.go:714
2026-03-04T18:52:21Z	ERROR	azure_servicebus_scaler	error getting service bus entity length	{"type": "ScaledObject", "namespace": "3pull", "name": "r-3pull-worker-sample-wait-blob", "error": "sources must contain at least one TokenCredential"}
github.com/kedacore/keda/v2/pkg/scalers.(*azureServiceBusScaler).GetMetricsAndActivity
	/workspace/pkg/scalers/azure_servicebus_scaler.go:221
github.com/kedacore/keda/v2/pkg/scaling/cache.(*ScalersCache).GetMetricsAndActivityForScaler
	/workspace/pkg/scaling/cache/scalers_cache.go:164
github.com/kedacore/keda/v2/pkg/scaling.(*scaleHandler).getScalerState
	/workspace/pkg/scaling/scale_handler.go:837
github.com/kedacore/keda/v2/pkg/scaling.(*scaleHandler).getScaledObjectState.func1
	/workspace/pkg/scaling/scale_handler.go:714
2026-03-04T18:52:21Z	ERROR	scale_handler	error getting metric for trigger	{"scaledObject.Namespace": "3pull", "scaledObject.Name": "r-3pull-worker-sample-wait-blob", "trigger": "azureServiceBusScaler", "error": "sources must contain at least one TokenCredential"}
github.com/kedacore/keda/v2/pkg/scaling.(*scaleHandler).processMetricsWithFallback
	/workspace/pkg/scaling/scale_handler.go:460
github.com/kedacore/keda/v2/pkg/scaling.(*scaleHandler).getScalerState
	/workspace/pkg/scaling/scale_handler.go:845
github.com/kedacore/keda/v2/pkg/scaling.(*scaleHandler).getScaledObjectState.func1
	/workspace/pkg/scaling/scale_handler.go:714
2026-03-04T18:52:21Z	ERROR	scale_handler	error getting scale decision	{"scaledObject.Namespace": "3pull", "scaledObject.Name": "r-3pull-worker-sample-wait-blob", "scaler": "azureServiceBusScaler", "error": "sources must contain at least one TokenCredential"}
github.com/kedacore/keda/v2/pkg/scaling.(*scaleHandler).getScalerState
	/workspace/pkg/scaling/scale_handler.go:872
github.com/kedacore/keda/v2/pkg/scaling.(*scaleHandler).getScaledObjectState.func1
	/workspace/pkg/scaling/scale_handler.go:714
2026-03-04T18:52:23Z	ERROR	azure_servicebus_scaler	error starting azure workload-identity token provider	{"type": "ScaledObject", "namespace": "3pull", "name": "r-3pull-worker-auth-audit-export", "error": "no client ID specified. Check pod configuration or set ClientID in the options"}
github.com/kedacore/keda/v2/pkg/scalers/azure.NewChainedCredential
	/workspace/pkg/scalers/azure/azure_azidentity_chain.go:33
github.com/kedacore/keda/v2/pkg/scalers.(*azureServiceBusScaler).getServiceBusAdminClient
	/workspace/pkg/scalers/azure_servicebus_scaler.go:265
github.com/kedacore/keda/v2/pkg/scalers.(*azureServiceBusScaler).getAzureServiceBusLength
	/workspace/pkg/scalers/azure_servicebus_scaler.go:233
github.com/kedacore/keda/v2/pkg/scalers.(*azureServiceBusScaler).GetMetricsAndActivity
	/workspace/pkg/scalers/azure_servicebus_scaler.go:218
github.com/kedacore/keda/v2/pkg/scaling/cache.(*ScalersCache).GetMetricsAndActivityForScaler
	/workspace/pkg/scaling/cache/scalers_cache.go:154
github.com/kedacore/keda/v2/pkg/scaling.(*scaleHandler).GetScaledObjectMetrics.func1
	/workspace/pkg/scaling/scale_handler.go:585
2026-03-04T18:52:23Z	ERROR	azure_servicebus_scaler	error getting service bus entity length	{"type": "ScaledObject", "namespace": "3pull", "name": "r-3pull-worker-auth-audit-export", "error": "sources must contain at least one TokenCredential"}
github.com/kedacore/keda/v2/pkg/scalers.(*azureServiceBusScaler).GetMetricsAndActivity
	/workspace/pkg/scalers/azure_servicebus_scaler.go:221
github.com/kedacore/keda/v2/pkg/scaling/cache.(*ScalersCache).GetMetricsAndActivityForScaler
	/workspace/pkg/scaling/cache/scalers_cache.go:154
github.com/kedacore/keda/v2/pkg/scaling.(*scaleHandler).GetScaledObjectMetrics.func1
	/workspace/pkg/scaling/scale_handler.go:585
2026-03-04T18:52:23Z	ERROR	azure_servicebus_scaler	error starting azure workload-identity token provider	{"type": "ScaledObject", "namespace": "3pull", "name": "r-3pull-worker-auth-audit-export", "error": "no client ID specified. Check pod configuration or set ClientID in the options"}
github.com/kedacore/keda/v2/pkg/scalers/azure.NewChainedCredential
	/workspace/pkg/scalers/azure/azure_azidentity_chain.go:33
github.com/kedacore/keda/v2/pkg/scalers.(*azureServiceBusScaler).getServiceBusAdminClient
	/workspace/pkg/scalers/azure_servicebus_scaler.go:265
github.com/kedacore/keda/v2/pkg/scalers.(*azureServiceBusScaler).getAzureServiceBusLength
	/workspace/pkg/scalers/azure_servicebus_scaler.go:233
github.com/kedacore/keda/v2/pkg/scalers.(*azureServiceBusScaler).GetMetricsAndActivity
	/workspace/pkg/scalers/azure_servicebus_scaler.go:218
github.com/kedacore/keda/v2/pkg/scaling/cache.(*ScalersCache).GetMetricsAndActivityForScaler
	/workspace/pkg/scaling/cache/scalers_cache.go:164
github.com/kedacore/keda/v2/pkg/scaling.(*scaleHandler).GetScaledObjectMetrics.func1
	/workspace/pkg/scaling/scale_handler.go:585
2026-03-04T18:52:23Z	ERROR	azure_servicebus_scaler	error getting service bus entity length	{"type": "ScaledObject", "namespace": "3pull", "name": "r-3pull-worker-auth-audit-export", "error": "sources must contain at least one TokenCredential"}
github.com/kedacore/keda/v2/pkg/scalers.(*azureServiceBusScaler).GetMetricsAndActivity
	/workspace/pkg/scalers/azure_servicebus_scaler.go:221
github.com/kedacore/keda/v2/pkg/scaling/cache.(*ScalersCache).GetMetricsAndActivityForScaler
	/workspace/pkg/scaling/cache/scalers_cache.go:164
github.com/kedacore/keda/v2/pkg/scaling.(*scaleHandler).GetScaledObjectMetrics.func1
	/workspace/pkg/scaling/scale_handler.go:585
2026-03-04T18:52:23Z	ERROR	scale_handler	error getting metric for trigger	{"scaledObject.Namespace": "3pull", "scaledObject.Name": "r-3pull-worker-auth-audit-export", "trigger": "azureServiceBusScaler", "error": "sources must contain at least one TokenCredential"}
github.com/kedacore/keda/v2/pkg/scaling.(*scaleHandler).processMetricsWithFallback
	/workspace/pkg/scaling/scale_handler.go:460
github.com/kedacore/keda/v2/pkg/scaling.(*scaleHandler).GetScaledObjectMetrics.func1
	/workspace/pkg/scaling/scale_handler.go:593
2026-03-04T18:52:23Z	ERROR	azure_servicebus_scaler	error starting azure workload-identity token provider	{"type": "ScaledObject", "namespace": "3pull", "name": "r-3pull-worker-sample-wait-blob", "error": "no client ID specified. Check pod configuration or set ClientID in the options"}
github.com/kedacore/keda/v2/pkg/scalers/azure.NewChainedCredential
	/workspace/pkg/scalers/azure/azure_azidentity_chain.go:33
github.com/kedacore/keda/v2/pkg/scalers.(*azureServiceBusScaler).getServiceBusAdminClient
	/workspace/pkg/scalers/azure_servicebus_scaler.go:265
github.com/kedacore/keda/v2/pkg/scalers.(*azureServiceBusScaler).getAzureServiceBusLength
	/workspace/pkg/scalers/azure_servicebus_scaler.go:233
github.com/kedacore/keda/v2/pkg/scalers.(*azureServiceBusScaler).GetMetricsAndActivity
	/workspace/pkg/scalers/azure_servicebus_scaler.go:218
github.com/kedacore/keda/v2/pkg/scaling/cache.(*ScalersCache).GetMetricsAndActivityForScaler
	/workspace/pkg/scaling/cache/scalers_cache.go:154
github.com/kedacore/keda/v2/pkg/scaling.(*scaleHandler).GetScaledObjectMetrics.func1
	/workspace/pkg/scaling/scale_handler.go:585
2026-03-04T18:52:23Z	ERROR	azure_servicebus_scaler	error getting service bus entity length	{"type": "ScaledObject", "namespace": "3pull", "name": "r-3pull-worker-sample-wait-blob", "error": "sources must contain at least one TokenCredential"}
github.com/kedacore/keda/v2/pkg/scalers.(*azureServiceBusScaler).GetMetricsAndActivity
	/workspace/pkg/scalers/azure_servicebus_scaler.go:221
github.com/kedacore/keda/v2/pkg/scaling/cache.(*ScalersCache).GetMetricsAndActivityForScaler
	/workspace/pkg/scaling/cache/scalers_cache.go:154
github.com/kedacore/keda/v2/pkg/scaling.(*scaleHandler).GetScaledObjectMetrics.func1
	/workspace/pkg/scaling/scale_handler.go:585
2026-03-04T18:52:23Z	ERROR	azure_servicebus_scaler	error starting azure workload-identity token provider	{"type": "ScaledObject", "namespace": "3pull", "name": "r-3pull-worker-sample-wait-blob", "error": "no client ID specified. Check pod configuration or set ClientID in the options"}
github.com/kedacore/keda/v2/pkg/scalers/azure.NewChainedCredential
	/workspace/pkg/scalers/azure/azure_azidentity_chain.go:33
github.com/kedacore/keda/v2/pkg/scalers.(*azureServiceBusScaler).getServiceBusAdminClient
	/workspace/pkg/scalers/azure_servicebus_scaler.go:265
github.com/kedacore/keda/v2/pkg/scalers.(*azureServiceBusScaler).getAzureServiceBusLength
	/workspace/pkg/scalers/azure_servicebus_scaler.go:233
github.com/kedacore/keda/v2/pkg/scalers.(*azureServiceBusScaler).GetMetricsAndActivity
	/workspace/pkg/scalers/azure_servicebus_scaler.go:218
github.com/kedacore/keda/v2/pkg/scaling/cache.(*ScalersCache).GetMetricsAndActivityForScaler
	/workspace/pkg/scaling/cache/scalers_cache.go:164
github.com/kedacore/keda/v2/pkg/scaling.(*scaleHandler).GetScaledObjectMetrics.func1
	/workspace/pkg/scaling/scale_handler.go:585
2026-03-04T18:52:23Z	ERROR	azure_servicebus_scaler	error getting service bus entity length	{"type": "ScaledObject", "namespace": "3pull", "name": "r-3pull-worker-sample-wait-blob", "error": "sources must contain at least one TokenCredential"}
github.com/kedacore/keda/v2/pkg/scalers.(*azureServiceBusScaler).GetMetricsAndActivity
	/workspace/pkg/scalers/azure_servicebus_scaler.go:221
github.com/kedacore/keda/v2/pkg/scaling/cache.(*ScalersCache).GetMetricsAndActivityForScaler
	/workspace/pkg/scaling/cache/scalers_cache.go:164
github.com/kedacore/keda/v2/pkg/scaling.(*scaleHandler).GetScaledObjectMetrics.func1
	/workspace/pkg/scaling/scale_handler.go:585
2026-03-04T18:52:23Z	ERROR	scale_handler	error getting metric for trigger	{"scaledObject.Namespace": "3pull", "scaledObject.Name": "r-3pull-worker-sample-wait-blob", "trigger": "azureServiceBusScaler", "error": "sources must contain at least one TokenCredential"}
github.com/kedacore/keda/v2/pkg/scaling.(*scaleHandler).processMetricsWithFallback
	/workspace/pkg/scaling/scale_handler.go:460
github.com/kedacore/keda/v2/pkg/scaling.(*scaleHandler).GetScaledObjectMetrics.func1
	/workspace/pkg/scaling/scale_handler.go:593
2026-03-04T18:52:38Z	ERROR	azure_servicebus_scaler	error starting azure workload-identity token provider	{"type": "ScaledObject", "namespace": "3pull", "name": "r-3pull-worker-auth-audit-export", "error": "no client ID specified. Check pod configuration or set ClientID in the options"}
github.com/kedacore/keda/v2/pkg/scalers/azure.NewChainedCredential
	/workspace/pkg/scalers/azure/azure_azidentity_chain.go:33
github.com/kedacore/keda/v2/pkg/scalers.(*azureServiceBusScaler).getServiceBusAdminClient
	/workspace/pkg/scalers/azure_servicebus_scaler.go:265
github.com/kedacore/keda/v2/pkg/scalers.(*azureServiceBusScaler).getAzureServiceBusLength
	/workspace/pkg/scalers/azure_servicebus_scaler.go:233
github.com/kedacore/keda/v2/pkg/scalers.(*azureServiceBusScaler).GetMetricsAndActivity
	/workspace/pkg/scalers/azure_servicebus_scaler.go:218
github.com/kedacore/keda/v2/pkg/scaling/cache.(*ScalersCache).GetMetricsAndActivityForScaler
	/workspace/pkg/scaling/cache/scalers_cache.go:154
github.com/kedacore/keda/v2/pkg/scaling.(*scaleHandler).GetScaledObjectMetrics.func1
	/workspace/pkg/scaling/scale_handler.go:585
2026-03-04T18:52:38Z	ERROR	azure_servicebus_scaler	error getting service bus entity length	{"type": "ScaledObject", "namespace": "3pull", "name": "r-3pull-worker-auth-audit-export", "error": "sources must contain at least one TokenCredential"}
github.com/kedacore/keda/v2/pkg/scalers.(*azureServiceBusScaler).GetMetricsAndActivity
	/workspace/pkg/scalers/azure_servicebus_scaler.go:221
github.com/kedacore/keda/v2/pkg/scaling/cache.(*ScalersCache).GetMetricsAndActivityForScaler
	/workspace/pkg/scaling/cache/scalers_cache.go:154
github.com/kedacore/keda/v2/pkg/scaling.(*scaleHandler).GetScaledObjectMetrics.func1
	/workspace/pkg/scaling/scale_handler.go:585
2026-03-04T18:52:38Z	ERROR	azure_servicebus_scaler	error starting azure workload-identity token provider	{"type": "ScaledObject", "namespace": "3pull", "name": "r-3pull-worker-auth-audit-export", "error": "no client ID specified. Check pod configuration or set ClientID in the options"}
github.com/kedacore/keda/v2/pkg/scalers/azure.NewChainedCredential
	/workspace/pkg/scalers/azure/azure_azidentity_chain.go:33
github.com/kedacore/keda/v2/pkg/scalers.(*azureServiceBusScaler).getServiceBusAdminClient
	/workspace/pkg/scalers/azure_servicebus_scaler.go:265
github.com/kedacore/keda/v2/pkg/scalers.(*azureServiceBusScaler).getAzureServiceBusLength
	/workspace/pkg/scalers/azure_servicebus_scaler.go:233
github.com/kedacore/keda/v2/pkg/scalers.(*azureServiceBusScaler).GetMetricsAndActivity
	/workspace/pkg/scalers/azure_servicebus_scaler.go:218
github.com/kedacore/keda/v2/pkg/scaling/cache.(*ScalersCache).GetMetricsAndActivityForScaler
	/workspace/pkg/scaling/cache/scalers_cache.go:164
github.com/kedacore/keda/v2/pkg/scaling.(*scaleHandler).GetScaledObjectMetrics.func1
	/workspace/pkg/scaling/scale_handler.go:585
2026-03-04T18:52:38Z	ERROR	azure_servicebus_scaler	error getting service bus entity length	{"type": "ScaledObject", "namespace": "3pull", "name": "r-3pull-worker-auth-audit-export", "error": "sources must contain at least one TokenCredential"}
github.com/kedacore/keda/v2/pkg/scalers.(*azureServiceBusScaler).GetMetricsAndActivity
	/workspace/pkg/scalers/azure_servicebus_scaler.go:221
github.com/kedacore/keda/v2/pkg/scaling/cache.(*ScalersCache).GetMetricsAndActivityForScaler
	/workspace/pkg/scaling/cache/scalers_cache.go:164
github.com/kedacore/keda/v2/pkg/scaling.(*scaleHandler).GetScaledObjectMetrics.func1
	/workspace/pkg/scaling/scale_handler.go:585
2026-03-04T18:52:38Z	ERROR	scale_handler	error getting metric for trigger	{"scaledObject.Namespace": "3pull", "scaledObject.Name": "r-3pull-worker-auth-audit-export", "trigger": "azureServiceBusScaler", "error": "sources must contain at least one TokenCredential"}
github.com/kedacore/keda/v2/pkg/scaling.(*scaleHandler).processMetricsWithFallback
	/workspace/pkg/scaling/scale_handler.go:460
github.com/kedacore/keda/v2/pkg/scaling.(*scaleHandler).GetScaledObjectMetrics.func1
	/workspace/pkg/scaling/scale_handler.go:593
2026-03-04T18:52:38Z	ERROR	azure_servicebus_scaler	error starting azure workload-identity token provider	{"type": "ScaledObject", "namespace": "3pull", "name": "r-3pull-worker-sample-wait-blob", "error": "no client ID specified. Check pod configuration or set ClientID in the options"}
github.com/kedacore/keda/v2/pkg/scalers/azure.NewChainedCredential
	/workspace/pkg/scalers/azure/azure_azidentity_chain.go:33
github.com/kedacore/keda/v2/pkg/scalers.(*azureServiceBusScaler).getServiceBusAdminClient
	/workspace/pkg/scalers/azure_servicebus_scaler.go:265
github.com/kedacore/keda/v2/pkg/scalers.(*azureServiceBusScaler).getAzureServiceBusLength
	/workspace/pkg/scalers/azure_servicebus_scaler.go:233
github.com/kedacore/keda/v2/pkg/scalers.(*azureServiceBusScaler).GetMetricsAndActivity
	/workspace/pkg/scalers/azure_servicebus_scaler.go:218
github.com/kedacore/keda/v2/pkg/scaling/cache.(*ScalersCache).GetMetricsAndActivityForScaler
	/workspace/pkg/scaling/cache/scalers_cache.go:154
github.com/kedacore/keda/v2/pkg/scaling.(*scaleHandler).GetScaledObjectMetrics.func1
	/workspace/pkg/scaling/scale_handler.go:585
2026-03-04T18:52:38Z	ERROR	azure_servicebus_scaler	error getting service bus entity length	{"type": "ScaledObject", "namespace": "3pull", "name": "r-3pull-worker-sample-wait-blob", "error": "sources must contain at least one TokenCredential"}
github.com/kedacore/keda/v2/pkg/scalers.(*azureServiceBusScaler).GetMetricsAndActivity
	/workspace/pkg/scalers/azure_servicebus_scaler.go:221
github.com/kedacore/keda/v2/pkg/scaling/cache.(*ScalersCache).GetMetricsAndActivityForScaler
	/workspace/pkg/scaling/cache/scalers_cache.go:154
github.com/kedacore/keda/v2/pkg/scaling.(*scaleHandler).GetScaledObjectMetrics.func1
	/workspace/pkg/scaling/scale_handler.go:585
2026-03-04T18:52:38Z	ERROR	azure_servicebus_scaler	error starting azure workload-identity token provider	{"type": "ScaledObject", "namespace": "3pull", "name": "r-3pull-worker-sample-wait-blob", "error": "no client ID specified. Check pod configuration or set ClientID in the options"}
github.com/kedacore/keda/v2/pkg/scalers/azure.NewChainedCredential
	/workspace/pkg/scalers/azure/azure_azidentity_chain.go:33
github.com/kedacore/keda/v2/pkg/scalers.(*azureServiceBusScaler).getServiceBusAdminClient
	/workspace/pkg/scalers/azure_servicebus_scaler.go:265
github.com/kedacore/keda/v2/pkg/scalers.(*azureServiceBusScaler).getAzureServiceBusLength
	/workspace/pkg/scalers/azure_servicebus_scaler.go:233
github.com/kedacore/keda/v2/pkg/scalers.(*azureServiceBusScaler).GetMetricsAndActivity
	/workspace/pkg/scalers/azure_servicebus_scaler.go:218
github.com/kedacore/keda/v2/pkg/scaling/cache.(*ScalersCache).GetMetricsAndActivityForScaler
	/workspace/pkg/scaling/cache/scalers_cache.go:164
github.com/kedacore/keda/v2/pkg/scaling.(*scaleHandler).GetScaledObjectMetrics.func1
	/workspace/pkg/scaling/scale_handler.go:585
2026-03-04T18:52:38Z	ERROR	azure_servicebus_scaler	error getting service bus entity length	{"type": "ScaledObject", "namespace": "3pull", "name": "r-3pull-worker-sample-wait-blob", "error": "sources must contain at least one TokenCredential"}
github.com/kedacore/keda/v2/pkg/scalers.(*azureServiceBusScaler).GetMetricsAndActivity
	/workspace/pkg/scalers/azure_servicebus_scaler.go:221
github.com/kedacore/keda/v2/pkg/scaling/cache.(*ScalersCache).GetMetricsAndActivityForScaler
	/workspace/pkg/scaling/cache/scalers_cache.go:164
github.com/kedacore/keda/v2/pkg/scaling.(*scaleHandler).GetScaledObjectMetrics.func1
	/workspace/pkg/scaling/scale_handler.go:585
2026-03-04T18:52:38Z	ERROR	scale_handler	error getting metric for trigger	{"scaledObject.Namespace": "3pull", "scaledObject.Name": "r-3pull-worker-sample-wait-blob", "trigger": "azureServiceBusScaler", "error": "sources must contain at least one TokenCredential"}
github.com/kedacore/keda/v2/pkg/scaling.(*scaleHandler).processMetricsWithFallback
	/workspace/pkg/scaling/scale_handler.go:460
github.com/kedacore/keda/v2/pkg/scaling.(*scaleHandler).GetScaledObjectMetrics.func1
	/workspace/pkg/scaling/scale_handler.go:593
2026-03-04T18:52:51Z	ERROR	azure_servicebus_scaler	error starting azure workload-identity token provider	{"type": "ScaledObject", "namespace": "3pull", "name": "r-3pull-worker-auth-audit-export", "error": "no client ID specified. Check pod configuration or set ClientID in the options"}
github.com/kedacore/keda/v2/pkg/scalers/azure.NewChainedCredential
	/workspace/pkg/scalers/azure/azure_azidentity_chain.go:33
github.com/kedacore/keda/v2/pkg/scalers.(*azureServiceBusScaler).getServiceBusAdminClient
	/workspace/pkg/scalers/azure_servicebus_scaler.go:265
github.com/kedacore/keda/v2/pkg/scalers.(*azureServiceBusScaler).getAzureServiceBusLength
	/workspace/pkg/scalers/azure_servicebus_scaler.go:233
github.com/kedacore/keda/v2/pkg/scalers.(*azureServiceBusScaler).GetMetricsAndActivity
	/workspace/pkg/scalers/azure_servicebus_scaler.go:218
github.com/kedacore/keda/v2/pkg/scaling/cache.(*ScalersCache).GetMetricsAndActivityForScaler
	/workspace/pkg/scaling/cache/scalers_cache.go:154
github.com/kedacore/keda/v2/pkg/scaling.(*scaleHandler).getScalerState
	/workspace/pkg/scaling/scale_handler.go:837
github.com/kedacore/keda/v2/pkg/scaling.(*scaleHandler).getScaledObjectState.func1
	/workspace/pkg/scaling/scale_handler.go:714
2026-03-04T18:52:51Z	ERROR	azure_servicebus_scaler	error getting service bus entity length	{"type": "ScaledObject", "namespace": "3pull", "name": "r-3pull-worker-auth-audit-export", "error": "sources must contain at least one TokenCredential"}
github.com/kedacore/keda/v2/pkg/scalers.(*azureServiceBusScaler).GetMetricsAndActivity
	/workspace/pkg/scalers/azure_servicebus_scaler.go:221
github.com/kedacore/keda/v2/pkg/scaling/cache.(*ScalersCache).GetMetricsAndActivityForScaler
	/workspace/pkg/scaling/cache/scalers_cache.go:154
github.com/kedacore/keda/v2/pkg/scaling.(*scaleHandler).getScalerState
	/workspace/pkg/scaling/scale_handler.go:837
github.com/kedacore/keda/v2/pkg/scaling.(*scaleHandler).getScaledObjectState.func1
	/workspace/pkg/scaling/scale_handler.go:714
2026-03-04T18:52:51Z	ERROR	azure_servicebus_scaler	error starting azure workload-identity token provider	{"type": "ScaledObject", "namespace": "3pull", "name": "r-3pull-worker-auth-audit-export", "error": "no client ID specified. Check pod configuration or set ClientID in the options"}
github.com/kedacore/keda/v2/pkg/scalers/azure.NewChainedCredential
	/workspace/pkg/scalers/azure/azure_azidentity_chain.go:33
github.com/kedacore/keda/v2/pkg/scalers.(*azureServiceBusScaler).getServiceBusAdminClient
	/workspace/pkg/scalers/azure_servicebus_scaler.go:265
github.com/kedacore/keda/v2/pkg/scalers.(*azureServiceBusScaler).getAzureServiceBusLength
	/workspace/pkg/scalers/azure_servicebus_scaler.go:233
github.com/kedacore/keda/v2/pkg/scalers.(*azureServiceBusScaler).GetMetricsAndActivity
	/workspace/pkg/scalers/azure_servicebus_scaler.go:218
github.com/kedacore/keda/v2/pkg/scaling/cache.(*ScalersCache).GetMetricsAndActivityForScaler
	/workspace/pkg/scaling/cache/scalers_cache.go:164
github.com/kedacore/keda/v2/pkg/scaling.(*scaleHandler).getScalerState
	/workspace/pkg/scaling/scale_handler.go:837
github.com/kedacore/keda/v2/pkg/scaling.(*scaleHandler).getScaledObjectState.func1
	/workspace/pkg/scaling/scale_handler.go:714
2026-03-04T18:52:51Z	ERROR	azure_servicebus_scaler	error getting service bus entity length	{"type": "ScaledObject", "namespace": "3pull", "name": "r-3pull-worker-auth-audit-export", "error": "sources must contain at least one TokenCredential"}
github.com/kedacore/keda/v2/pkg/scalers.(*azureServiceBusScaler).GetMetricsAndActivity
	/workspace/pkg/scalers/azure_servicebus_scaler.go:221
github.com/kedacore/keda/v2/pkg/scaling/cache.(*ScalersCache).GetMetricsAndActivityForScaler
	/workspace/pkg/scaling/cache/scalers_cache.go:164
github.com/kedacore/keda/v2/pkg/scaling.(*scaleHandler).getScalerState
	/workspace/pkg/scaling/scale_handler.go:837
github.com/kedacore/keda/v2/pkg/scaling.(*scaleHandler).getScaledObjectState.func1
	/workspace/pkg/scaling/scale_handler.go:714
2026-03-04T18:52:51Z	ERROR	scale_handler	error getting metric for trigger	{"scaledObject.Namespace": "3pull", "scaledObject.Name": "r-3pull-worker-auth-audit-export", "trigger": "azureServiceBusScaler", "error": "sources must contain at least one TokenCredential"}
github.com/kedacore/keda/v2/pkg/scaling.(*scaleHandler).processMetricsWithFallback
	/workspace/pkg/scaling/scale_handler.go:460
github.com/kedacore/keda/v2/pkg/scaling.(*scaleHandler).getScalerState
	/workspace/pkg/scaling/scale_handler.go:845
github.com/kedacore/keda/v2/pkg/scaling.(*scaleHandler).getScaledObjectState.func1
	/workspace/pkg/scaling/scale_handler.go:714
2026-03-04T18:52:51Z	ERROR	scale_handler	error getting scale decision	{"scaledObject.Namespace": "3pull", "scaledObject.Name": "r-3pull-worker-auth-audit-export", "scaler": "azureServiceBusScaler", "error": "sources must contain at least one TokenCredential"}
github.com/kedacore/keda/v2/pkg/scaling.(*scaleHandler).getScalerState
	/workspace/pkg/scaling/scale_handler.go:872
github.com/kedacore/keda/v2/pkg/scaling.(*scaleHandler).getScaledObjectState.func1
	/workspace/pkg/scaling/scale_handler.go:714
2026-03-04T18:52:51Z	ERROR	azure_servicebus_scaler	error starting azure workload-identity token provider	{"type": "ScaledObject", "namespace": "3pull", "name": "r-3pull-worker-sample-wait-blob", "error": "no client ID specified. Check pod configuration or set ClientID in the options"}
github.com/kedacore/keda/v2/pkg/scalers/azure.NewChainedCredential
	/workspace/pkg/scalers/azure/azure_azidentity_chain.go:33
github.com/kedacore/keda/v2/pkg/scalers.(*azureServiceBusScaler).getServiceBusAdminClient
	/workspace/pkg/scalers/azure_servicebus_scaler.go:265
github.com/kedacore/keda/v2/pkg/scalers.(*azureServiceBusScaler).getAzureServiceBusLength
	/workspace/pkg/scalers/azure_servicebus_scaler.go:233
github.com/kedacore/keda/v2/pkg/scalers.(*azureServiceBusScaler).GetMetricsAndActivity
	/workspace/pkg/scalers/azure_servicebus_scaler.go:218
github.com/kedacore/keda/v2/pkg/scaling/cache.(*ScalersCache).GetMetricsAndActivityForScaler
	/workspace/pkg/scaling/cache/scalers_cache.go:154
github.com/kedacore/keda/v2/pkg/scaling.(*scaleHandler).getScalerState
	/workspace/pkg/scaling/scale_handler.go:837
github.com/kedacore/keda/v2/pkg/scaling.(*scaleHandler).getScaledObjectState.func1
	/workspace/pkg/scaling/scale_handler.go:714
2026-03-04T18:52:51Z	ERROR	azure_servicebus_scaler	error getting service bus entity length	{"type": "ScaledObject", "namespace": "3pull", "name": "r-3pull-worker-sample-wait-blob", "error": "sources must contain at least one TokenCredential"}
github.com/kedacore/keda/v2/pkg/scalers.(*azureServiceBusScaler).GetMetricsAndActivity
	/workspace/pkg/scalers/azure_servicebus_scaler.go:221
github.com/kedacore/keda/v2/pkg/scaling/cache.(*ScalersCache).GetMetricsAndActivityForScaler
	/workspace/pkg/scaling/cache/scalers_cache.go:154
github.com/kedacore/keda/v2/pkg/scaling.(*scaleHandler).getScalerState
	/workspace/pkg/scaling/scale_handler.go:837
github.com/kedacore/keda/v2/pkg/scaling.(*scaleHandler).getScaledObjectState.func1
	/workspace/pkg/scaling/scale_handler.go:714
2026-03-04T18:52:51Z	ERROR	azure_servicebus_scaler	error starting azure workload-identity token provider	{"type": "ScaledObject", "namespace": "3pull", "name": "r-3pull-worker-sample-wait-blob", "error": "no client ID specified. Check pod configuration or set ClientID in the options"}
github.com/kedacore/keda/v2/pkg/scalers/azure.NewChainedCredential
	/workspace/pkg/scalers/azure/azure_azidentity_chain.go:33
github.com/kedacore/keda/v2/pkg/scalers.(*azureServiceBusScaler).getServiceBusAdminClient
	/workspace/pkg/scalers/azure_servicebus_scaler.go:265
github.com/kedacore/keda/v2/pkg/scalers.(*azureServiceBusScaler).getAzureServiceBusLength
	/workspace/pkg/scalers/azure_servicebus_scaler.go:233
github.com/kedacore/keda/v2/pkg/scalers.(*azureServiceBusScaler).GetMetricsAndActivity
	/workspace/pkg/scalers/azure_servicebus_scaler.go:218
github.com/kedacore/keda/v2/pkg/scaling/cache.(*ScalersCache).GetMetricsAndActivityForScaler
	/workspace/pkg/scaling/cache/scalers_cache.go:164
github.com/kedacore/keda/v2/pkg/scaling.(*scaleHandler).getScalerState
	/workspace/pkg/scaling/scale_handler.go:837
github.com/kedacore/keda/v2/pkg/scaling.(*scaleHandler).getScaledObjectState.func1
	/workspace/pkg/scaling/scale_handler.go:714
2026-03-04T18:52:51Z	ERROR	azure_servicebus_scaler	error getting service bus entity length	{"type": "ScaledObject", "namespace": "3pull", "name": "r-3pull-worker-sample-wait-blob", "error": "sources must contain at least one TokenCredential"}
github.com/kedacore/keda/v2/pkg/scalers.(*azureServiceBusScaler).GetMetricsAndActivity
	/workspace/pkg/scalers/azure_servicebus_scaler.go:221
github.com/kedacore/keda/v2/pkg/scaling/cache.(*ScalersCache).GetMetricsAndActivityForScaler
	/workspace/pkg/scaling/cache/scalers_cache.go:164
github.com/kedacore/keda/v2/pkg/scaling.(*scaleHandler).getScalerState
	/workspace/pkg/scaling/scale_handler.go:837
github.com/kedacore/keda/v2/pkg/scaling.(*scaleHandler).getScaledObjectState.func1
	/workspace/pkg/scaling/scale_handler.go:714
2026-03-04T18:52:51Z	ERROR	scale_handler	error getting metric for trigger	{"scaledObject.Namespace": "3pull", "scaledObject.Name": "r-3pull-worker-sample-wait-blob", "trigger": "azureServiceBusScaler", "error": "sources must contain at least one TokenCredential"}
github.com/kedacore/keda/v2/pkg/scaling.(*scaleHandler).processMetricsWithFallback
	/workspace/pkg/scaling/scale_handler.go:460
github.com/kedacore/keda/v2/pkg/scaling.(*scaleHandler).getScalerState
	/workspace/pkg/scaling/scale_handler.go:845
github.com/kedacore/keda/v2/pkg/scaling.(*scaleHandler).getScaledObjectState.func1
	/workspace/pkg/scaling/scale_handler.go:714
2026-03-04T18:52:51Z	ERROR	scale_handler	error getting scale decision	{"scaledObject.Namespace": "3pull", "scaledObject.Name": "r-3pull-worker-sample-wait-blob", "scaler": "azureServiceBusScaler", "error": "sources must contain at least one TokenCredential"}
github.com/kedacore/keda/v2/pkg/scaling.(*scaleHandler).getScalerState
	/workspace/pkg/scaling/scale_handler.go:872
github.com/kedacore/keda/v2/pkg/scaling.(*scaleHandler).getScaledObjectState.func1
	/workspace/pkg/scaling/scale_handler.go:714
2026-03-04T18:52:53Z	ERROR	azure_servicebus_scaler	error starting azure workload-identity token provider	{"type": "ScaledObject", "namespace": "3pull", "name": "r-3pull-worker-auth-audit-export", "error": "no client ID specified. Check pod configuration or set ClientID in the options"}
github.com/kedacore/keda/v2/pkg/scalers/azure.NewChainedCredential
	/workspace/pkg/scalers/azure/azure_azidentity_chain.go:33
github.com/kedacore/keda/v2/pkg/scalers.(*azureServiceBusScaler).getServiceBusAdminClient
	/workspace/pkg/scalers/azure_servicebus_scaler.go:265
github.com/kedacore/keda/v2/pkg/scalers.(*azureServiceBusScaler).getAzureServiceBusLength
	/workspace/pkg/scalers/azure_servicebus_scaler.go:233
github.com/kedacore/keda/v2/pkg/scalers.(*azureServiceBusScaler).GetMetricsAndActivity
	/workspace/pkg/scalers/azure_servicebus_scaler.go:218
github.com/kedacore/keda/v2/pkg/scaling/cache.(*ScalersCache).GetMetricsAndActivityForScaler
	/workspace/pkg/scaling/cache/scalers_cache.go:154
github.com/kedacore/keda/v2/pkg/scaling.(*scaleHandler).GetScaledObjectMetrics.func1
	/workspace/pkg/scaling/scale_handler.go:585
2026-03-04T18:52:53Z	ERROR	azure_servicebus_scaler	error getting service bus entity length	{"type": "ScaledObject", "namespace": "3pull", "name": "r-3pull-worker-auth-audit-export", "error": "sources must contain at least one TokenCredential"}
github.com/kedacore/keda/v2/pkg/scalers.(*azureServiceBusScaler).GetMetricsAndActivity
	/workspace/pkg/scalers/azure_servicebus_scaler.go:221
github.com/kedacore/keda/v2/pkg/scaling/cache.(*ScalersCache).GetMetricsAndActivityForScaler
	/workspace/pkg/scaling/cache/scalers_cache.go:154
github.com/kedacore/keda/v2/pkg/scaling.(*scaleHandler).GetScaledObjectMetrics.func1
	/workspace/pkg/scaling/scale_handler.go:585
2026-03-04T18:52:53Z	ERROR	azure_servicebus_scaler	error starting azure workload-identity token provider	{"type": "ScaledObject", "namespace": "3pull", "name": "r-3pull-worker-auth-audit-export", "error": "no client ID specified. Check pod configuration or set ClientID in the options"}
github.com/kedacore/keda/v2/pkg/scalers/azure.NewChainedCredential
	/workspace/pkg/scalers/azure/azure_azidentity_chain.go:33
github.com/kedacore/keda/v2/pkg/scalers.(*azureServiceBusScaler).getServiceBusAdminClient
	/workspace/pkg/scalers/azure_servicebus_scaler.go:265
github.com/kedacore/keda/v2/pkg/scalers.(*azureServiceBusScaler).getAzureServiceBusLength
	/workspace/pkg/scalers/azure_servicebus_scaler.go:233
github.com/kedacore/keda/v2/pkg/scalers.(*azureServiceBusScaler).GetMetricsAndActivity
	/workspace/pkg/scalers/azure_servicebus_scaler.go:218
github.com/kedacore/keda/v2/pkg/scaling/cache.(*ScalersCache).GetMetricsAndActivityForScaler
	/workspace/pkg/scaling/cache/scalers_cache.go:164
github.com/kedacore/keda/v2/pkg/scaling.(*scaleHandler).GetScaledObjectMetrics.func1
	/workspace/pkg/scaling/scale_handler.go:585
2026-03-04T18:52:53Z	ERROR	azure_servicebus_scaler	error getting service bus entity length	{"type": "ScaledObject", "namespace": "3pull", "name": "r-3pull-worker-auth-audit-export", "error": "sources must contain at least one TokenCredential"}
github.com/kedacore/keda/v2/pkg/scalers.(*azureServiceBusScaler).GetMetricsAndActivity
	/workspace/pkg/scalers/azure_servicebus_scaler.go:221
github.com/kedacore/keda/v2/pkg/scaling/cache.(*ScalersCache).GetMetricsAndActivityForScaler
	/workspace/pkg/scaling/cache/scalers_cache.go:164
github.com/kedacore/keda/v2/pkg/scaling.(*scaleHandler).GetScaledObjectMetrics.func1
	/workspace/pkg/scaling/scale_handler.go:585
2026-03-04T18:52:53Z	ERROR	scale_handler	error getting metric for trigger	{"scaledObject.Namespace": "3pull", "scaledObject.Name": "r-3pull-worker-auth-audit-export", "trigger": "azureServiceBusScaler", "error": "sources must contain at least one TokenCredential"}
github.com/kedacore/keda/v2/pkg/scaling.(*scaleHandler).processMetricsWithFallback
	/workspace/pkg/scaling/scale_handler.go:460
github.com/kedacore/keda/v2/pkg/scaling.(*scaleHandler).GetScaledObjectMetrics.func1
	/workspace/pkg/scaling/scale_handler.go:593
2026-03-04T18:52:53Z	ERROR	azure_servicebus_scaler	error starting azure workload-identity token provider	{"type": "ScaledObject", "namespace": "3pull", "name": "r-3pull-worker-sample-wait-blob", "error": "no client ID specified. Check pod configuration or set ClientID in the options"}
github.com/kedacore/keda/v2/pkg/scalers/azure.NewChainedCredential
	/workspace/pkg/scalers/azure/azure_azidentity_chain.go:33
github.com/kedacore/keda/v2/pkg/scalers.(*azureServiceBusScaler).getServiceBusAdminClient
	/workspace/pkg/scalers/azure_servicebus_scaler.go:265
github.com/kedacore/keda/v2/pkg/scalers.(*azureServiceBusScaler).getAzureServiceBusLength
	/workspace/pkg/scalers/azure_servicebus_scaler.go:233
github.com/kedacore/keda/v2/pkg/scalers.(*azureServiceBusScaler).GetMetricsAndActivity
	/workspace/pkg/scalers/azure_servicebus_scaler.go:218
github.com/kedacore/keda/v2/pkg/scaling/cache.(*ScalersCache).GetMetricsAndActivityForScaler
	/workspace/pkg/scaling/cache/scalers_cache.go:154
github.com/kedacore/keda/v2/pkg/scaling.(*scaleHandler).GetScaledObjectMetrics.func1
	/workspace/pkg/scaling/scale_handler.go:585
2026-03-04T18:52:53Z	ERROR	azure_servicebus_scaler	error getting service bus entity length	{"type": "ScaledObject", "namespace": "3pull", "name": "r-3pull-worker-sample-wait-blob", "error": "sources must contain at least one TokenCredential"}
github.com/kedacore/keda/v2/pkg/scalers.(*azureServiceBusScaler).GetMetricsAndActivity
	/workspace/pkg/scalers/azure_servicebus_scaler.go:221
github.com/kedacore/keda/v2/pkg/scaling/cache.(*ScalersCache).GetMetricsAndActivityForScaler
	/workspace/pkg/scaling/cache/scalers_cache.go:154
github.com/kedacore/keda/v2/pkg/scaling.(*scaleHandler).GetScaledObjectMetrics.func1
	/workspace/pkg/scaling/scale_handler.go:585
2026-03-04T18:52:53Z	ERROR	azure_servicebus_scaler	error starting azure workload-identity token provider	{"type": "ScaledObject", "namespace": "3pull", "name": "r-3pull-worker-sample-wait-blob", "error": "no client ID specified. Check pod configuration or set ClientID in the options"}
github.com/kedacore/keda/v2/pkg/scalers/azure.NewChainedCredential
	/workspace/pkg/scalers/azure/azure_azidentity_chain.go:33
github.com/kedacore/keda/v2/pkg/scalers.(*azureServiceBusScaler).getServiceBusAdminClient
	/workspace/pkg/scalers/azure_servicebus_scaler.go:265
github.com/kedacore/keda/v2/pkg/scalers.(*azureServiceBusScaler).getAzureServiceBusLength
	/workspace/pkg/scalers/azure_servicebus_scaler.go:233
github.com/kedacore/keda/v2/pkg/scalers.(*azureServiceBusScaler).GetMetricsAndActivity
	/workspace/pkg/scalers/azure_servicebus_scaler.go:218
github.com/kedacore/keda/v2/pkg/scaling/cache.(*ScalersCache).GetMetricsAndActivityForScaler
	/workspace/pkg/scaling/cache/scalers_cache.go:164
github.com/kedacore/keda/v2/pkg/scaling.(*scaleHandler).GetScaledObjectMetrics.func1
	/workspace/pkg/scaling/scale_handler.go:585
2026-03-04T18:52:53Z	ERROR	azure_servicebus_scaler	error getting service bus entity length	{"type": "ScaledObject", "namespace": "3pull", "name": "r-3pull-worker-sample-wait-blob", "error": "sources must contain at least one TokenCredential"}
github.com/kedacore/keda/v2/pkg/scalers.(*azureServiceBusScaler).GetMetricsAndActivity
	/workspace/pkg/scalers/azure_servicebus_scaler.go:221
github.com/kedacore/keda/v2/pkg/scaling/cache.(*ScalersCache).GetMetricsAndActivityForScaler
	/workspace/pkg/scaling/cache/scalers_cache.go:164
github.com/kedacore/keda/v2/pkg/scaling.(*scaleHandler).GetScaledObjectMetrics.func1
	/workspace/pkg/scaling/scale_handler.go:585
2026-03-04T18:52:53Z	ERROR	scale_handler	error getting metric for trigger	{"scaledObject.Namespace": "3pull", "scaledObject.Name": "r-3pull-worker-sample-wait-blob", "trigger": "azureServiceBusScaler", "error": "sources must contain at least one TokenCredential"}
github.com/kedacore/keda/v2/pkg/scaling.(*scaleHandler).processMetricsWithFallback
	/workspace/pkg/scaling/scale_handler.go:460
github.com/kedacore/keda/v2/pkg/scaling.(*scaleHandler).GetScaledObjectMetrics.func1
	/workspace/pkg/scaling/scale_handler.go:593
2026-03-04T18:53:08Z	ERROR	azure_servicebus_scaler	error starting azure workload-identity token provider	{"type": "ScaledObject", "namespace": "3pull", "name": "r-3pull-worker-auth-audit-export", "error": "no client ID specified. Check pod configuration or set ClientID in the options"}
github.com/kedacore/keda/v2/pkg/scalers/azure.NewChainedCredential
	/workspace/pkg/scalers/azure/azure_azidentity_chain.go:33
github.com/kedacore/keda/v2/pkg/scalers.(*azureServiceBusScaler).getServiceBusAdminClient
	/workspace/pkg/scalers/azure_servicebus_scaler.go:265
github.com/kedacore/keda/v2/pkg/scalers.(*azureServiceBusScaler).getAzureServiceBusLength
	/workspace/pkg/scalers/azure_servicebus_scaler.go:233
github.com/kedacore/keda/v2/pkg/scalers.(*azureServiceBusScaler).GetMetricsAndActivity
	/workspace/pkg/scalers/azure_servicebus_scaler.go:218
github.com/kedacore/keda/v2/pkg/scaling/cache.(*ScalersCache).GetMetricsAndActivityForScaler
	/workspace/pkg/scaling/cache/scalers_cache.go:154
github.com/kedacore/keda/v2/pkg/scaling.(*scaleHandler).GetScaledObjectMetrics.func1
	/workspace/pkg/scaling/scale_handler.go:585
2026-03-04T18:53:08Z	ERROR	azure_servicebus_scaler	error getting service bus entity length	{"type": "ScaledObject", "namespace": "3pull", "name": "r-3pull-worker-auth-audit-export", "error": "sources must contain at least one TokenCredential"}
github.com/kedacore/keda/v2/pkg/scalers.(*azureServiceBusScaler).GetMetricsAndActivity
	/workspace/pkg/scalers/azure_servicebus_scaler.go:221
github.com/kedacore/keda/v2/pkg/scaling/cache.(*ScalersCache).GetMetricsAndActivityForScaler
	/workspace/pkg/scaling/cache/scalers_cache.go:154
github.com/kedacore/keda/v2/pkg/scaling.(*scaleHandler).GetScaledObjectMetrics.func1
	/workspace/pkg/scaling/scale_handler.go:585
2026-03-04T18:53:08Z	ERROR	azure_servicebus_scaler	error starting azure workload-identity token provider	{"type": "ScaledObject", "namespace": "3pull", "name": "r-3pull-worker-auth-audit-export", "error": "no client ID specified. Check pod configuration or set ClientID in the options"}
github.com/kedacore/keda/v2/pkg/scalers/azure.NewChainedCredential
	/workspace/pkg/scalers/azure/azure_azidentity_chain.go:33
github.com/kedacore/keda/v2/pkg/scalers.(*azureServiceBusScaler).getServiceBusAdminClient
	/workspace/pkg/scalers/azure_servicebus_scaler.go:265
github.com/kedacore/keda/v2/pkg/scalers.(*azureServiceBusScaler).getAzureServiceBusLength
	/workspace/pkg/scalers/azure_servicebus_scaler.go:233
github.com/kedacore/keda/v2/pkg/scalers.(*azureServiceBusScaler).GetMetricsAndActivity
	/workspace/pkg/scalers/azure_servicebus_scaler.go:218
github.com/kedacore/keda/v2/pkg/scaling/cache.(*ScalersCache).GetMetricsAndActivityForScaler
	/workspace/pkg/scaling/cache/scalers_cache.go:164
github.com/kedacore/keda/v2/pkg/scaling.(*scaleHandler).GetScaledObjectMetrics.func1
	/workspace/pkg/scaling/scale_handler.go:585
2026-03-04T18:53:08Z	ERROR	azure_servicebus_scaler	error getting service bus entity length	{"type": "ScaledObject", "namespace": "3pull", "name": "r-3pull-worker-auth-audit-export", "error": "sources must contain at least one TokenCredential"}
github.com/kedacore/keda/v2/pkg/scalers.(*azureServiceBusScaler).GetMetricsAndActivity
	/workspace/pkg/scalers/azure_servicebus_scaler.go:221
github.com/kedacore/keda/v2/pkg/scaling/cache.(*ScalersCache).GetMetricsAndActivityForScaler
	/workspace/pkg/scaling/cache/scalers_cache.go:164
github.com/kedacore/keda/v2/pkg/scaling.(*scaleHandler).GetScaledObjectMetrics.func1
	/workspace/pkg/scaling/scale_handler.go:585
2026-03-04T18:53:08Z	ERROR	scale_handler	error getting metric for trigger	{"scaledObject.Namespace": "3pull", "scaledObject.Name": "r-3pull-worker-auth-audit-export", "trigger": "azureServiceBusScaler", "error": "sources must contain at least one TokenCredential"}
github.com/kedacore/keda/v2/pkg/scaling.(*scaleHandler).processMetricsWithFallback
	/workspace/pkg/scaling/scale_handler.go:460
github.com/kedacore/keda/v2/pkg/scaling.(*scaleHandler).GetScaledObjectMetrics.func1
	/workspace/pkg/scaling/scale_handler.go:593
2026-03-04T18:53:08Z	ERROR	azure_servicebus_scaler	error starting azure workload-identity token provider	{"type": "ScaledObject", "namespace": "3pull", "name": "r-3pull-worker-sample-wait-blob", "error": "no client ID specified. Check pod configuration or set ClientID in the options"}
github.com/kedacore/keda/v2/pkg/scalers/azure.NewChainedCredential
	/workspace/pkg/scalers/azure/azure_azidentity_chain.go:33
github.com/kedacore/keda/v2/pkg/scalers.(*azureServiceBusScaler).getServiceBusAdminClient
	/workspace/pkg/scalers/azure_servicebus_scaler.go:265
github.com/kedacore/keda/v2/pkg/scalers.(*azureServiceBusScaler).getAzureServiceBusLength
	/workspace/pkg/scalers/azure_servicebus_scaler.go:233
github.com/kedacore/keda/v2/pkg/scalers.(*azureServiceBusScaler).GetMetricsAndActivity
	/workspace/pkg/scalers/azure_servicebus_scaler.go:218
github.com/kedacore/keda/v2/pkg/scaling/cache.(*ScalersCache).GetMetricsAndActivityForScaler
	/workspace/pkg/scaling/cache/scalers_cache.go:154
github.com/kedacore/keda/v2/pkg/scaling.(*scaleHandler).GetScaledObjectMetrics.func1
	/workspace/pkg/scaling/scale_handler.go:585
2026-03-04T18:53:08Z	ERROR	azure_servicebus_scaler	error getting service bus entity length	{"type": "ScaledObject", "namespace": "3pull", "name": "r-3pull-worker-sample-wait-blob", "error": "sources must contain at least one TokenCredential"}
github.com/kedacore/keda/v2/pkg/scalers.(*azureServiceBusScaler).GetMetricsAndActivity
	/workspace/pkg/scalers/azure_servicebus_scaler.go:221
github.com/kedacore/keda/v2/pkg/scaling/cache.(*ScalersCache).GetMetricsAndActivityForScaler
	/workspace/pkg/scaling/cache/scalers_cache.go:154
github.com/kedacore/keda/v2/pkg/scaling.(*scaleHandler).GetScaledObjectMetrics.func1
	/workspace/pkg/scaling/scale_handler.go:585
2026-03-04T18:53:08Z	ERROR	azure_servicebus_scaler	error starting azure workload-identity token provider	{"type": "ScaledObject", "namespace": "3pull", "name": "r-3pull-worker-sample-wait-blob", "error": "no client ID specified. Check pod configuration or set ClientID in the options"}
github.com/kedacore/keda/v2/pkg/scalers/azure.NewChainedCredential
	/workspace/pkg/scalers/azure/azure_azidentity_chain.go:33
github.com/kedacore/keda/v2/pkg/scalers.(*azureServiceBusScaler).getServiceBusAdminClient
	/workspace/pkg/scalers/azure_servicebus_scaler.go:265
github.com/kedacore/keda/v2/pkg/scalers.(*azureServiceBusScaler).getAzureServiceBusLength
	/workspace/pkg/scalers/azure_servicebus_scaler.go:233
github.com/kedacore/keda/v2/pkg/scalers.(*azureServiceBusScaler).GetMetricsAndActivity
	/workspace/pkg/scalers/azure_servicebus_scaler.go:218
github.com/kedacore/keda/v2/pkg/scaling/cache.(*ScalersCache).GetMetricsAndActivityForScaler
	/workspace/pkg/scaling/cache/scalers_cache.go:164
github.com/kedacore/keda/v2/pkg/scaling.(*scaleHandler).GetScaledObjectMetrics.func1
	/workspace/pkg/scaling/scale_handler.go:585
2026-03-04T18:53:08Z	ERROR	azure_servicebus_scaler	error getting service bus entity length	{"type": "ScaledObject", "namespace": "3pull", "name": "r-3pull-worker-sample-wait-blob", "error": "sources must contain at least one TokenCredential"}
github.com/kedacore/keda/v2/pkg/scalers.(*azureServiceBusScaler).GetMetricsAndActivity
	/workspace/pkg/scalers/azure_servicebus_scaler.go:221
github.com/kedacore/keda/v2/pkg/scaling/cache.(*ScalersCache).GetMetricsAndActivityForScaler
	/workspace/pkg/scaling/cache/scalers_cache.go:164
github.com/kedacore/keda/v2/pkg/scaling.(*scaleHandler).GetScaledObjectMetrics.func1
	/workspace/pkg/scaling/scale_handler.go:585
2026-03-04T18:53:08Z	ERROR	scale_handler	error getting metric for trigger	{"scaledObject.Namespace": "3pull", "scaledObject.Name": "r-3pull-worker-sample-wait-blob", "trigger": "azureServiceBusScaler", "error": "sources must contain at least one TokenCredential"}
github.com/kedacore/keda/v2/pkg/scaling.(*scaleHandler).processMetricsWithFallback
	/workspace/pkg/scaling/scale_handler.go:460
github.com/kedacore/keda/v2/pkg/scaling.(*scaleHandler).GetScaledObjectMetrics.func1
	/workspace/pkg/scaling/scale_handler.go:593
2026-03-04T18:53:21Z	ERROR	azure_servicebus_scaler	error starting azure workload-identity token provider	{"type": "ScaledObject", "namespace": "3pull", "name": "r-3pull-worker-auth-audit-export", "error": "no client ID specified. Check pod configuration or set ClientID in the options"}
github.com/kedacore/keda/v2/pkg/scalers/azure.NewChainedCredential
	/workspace/pkg/scalers/azure/azure_azidentity_chain.go:33
github.com/kedacore/keda/v2/pkg/scalers.(*azureServiceBusScaler).getServiceBusAdminClient
	/workspace/pkg/scalers/azure_servicebus_scaler.go:265
github.com/kedacore/keda/v2/pkg/scalers.(*azureServiceBusScaler).getAzureServiceBusLength
	/workspace/pkg/scalers/azure_servicebus_scaler.go:233
github.com/kedacore/keda/v2/pkg/scalers.(*azureServiceBusScaler).GetMetricsAndActivity
	/workspace/pkg/scalers/azure_servicebus_scaler.go:218
github.com/kedacore/keda/v2/pkg/scaling/cache.(*ScalersCache).GetMetricsAndActivityForScaler
	/workspace/pkg/scaling/cache/scalers_cache.go:154
github.com/kedacore/keda/v2/pkg/scaling.(*scaleHandler).getScalerState
	/workspace/pkg/scaling/scale_handler.go:837
github.com/kedacore/keda/v2/pkg/scaling.(*scaleHandler).getScaledObjectState.func1
	/workspace/pkg/scaling/scale_handler.go:714
2026-03-04T18:53:21Z	ERROR	azure_servicebus_scaler	error getting service bus entity length	{"type": "ScaledObject", "namespace": "3pull", "name": "r-3pull-worker-auth-audit-export", "error": "sources must contain at least one TokenCredential"}
github.com/kedacore/keda/v2/pkg/scalers.(*azureServiceBusScaler).GetMetricsAndActivity
	/workspace/pkg/scalers/azure_servicebus_scaler.go:221
github.com/kedacore/keda/v2/pkg/scaling/cache.(*ScalersCache).GetMetricsAndActivityForScaler
	/workspace/pkg/scaling/cache/scalers_cache.go:154
github.com/kedacore/keda/v2/pkg/scaling.(*scaleHandler).getScalerState
	/workspace/pkg/scaling/scale_handler.go:837
github.com/kedacore/keda/v2/pkg/scaling.(*scaleHandler).getScaledObjectState.func1
	/workspace/pkg/scaling/scale_handler.go:714
2026-03-04T18:53:21Z	ERROR	azure_servicebus_scaler	error starting azure workload-identity token provider	{"type": "ScaledObject", "namespace": "3pull", "name": "r-3pull-worker-auth-audit-export", "error": "no client ID specified. Check pod configuration or set ClientID in the options"}
github.com/kedacore/keda/v2/pkg/scalers/azure.NewChainedCredential
	/workspace/pkg/scalers/azure/azure_azidentity_chain.go:33
github.com/kedacore/keda/v2/pkg/scalers.(*azureServiceBusScaler).getServiceBusAdminClient
	/workspace/pkg/scalers/azure_servicebus_scaler.go:265
github.com/kedacore/keda/v2/pkg/scalers.(*azureServiceBusScaler).getAzureServiceBusLength
	/workspace/pkg/scalers/azure_servicebus_scaler.go:233
github.com/kedacore/keda/v2/pkg/scalers.(*azureServiceBusScaler).GetMetricsAndActivity
	/workspace/pkg/scalers/azure_servicebus_scaler.go:218
github.com/kedacore/keda/v2/pkg/scaling/cache.(*ScalersCache).GetMetricsAndActivityForScaler
	/workspace/pkg/scaling/cache/scalers_cache.go:164
github.com/kedacore/keda/v2/pkg/scaling.(*scaleHandler).getScalerState
	/workspace/pkg/scaling/scale_handler.go:837
github.com/kedacore/keda/v2/pkg/scaling.(*scaleHandler).getScaledObjectState.func1
	/workspace/pkg/scaling/scale_handler.go:714
2026-03-04T18:53:21Z	ERROR	azure_servicebus_scaler	error getting service bus entity length	{"type": "ScaledObject", "namespace": "3pull", "name": "r-3pull-worker-auth-audit-export", "error": "sources must contain at least one TokenCredential"}
github.com/kedacore/keda/v2/pkg/scalers.(*azureServiceBusScaler).GetMetricsAndActivity
	/workspace/pkg/scalers/azure_servicebus_scaler.go:221
github.com/kedacore/keda/v2/pkg/scaling/cache.(*ScalersCache).GetMetricsAndActivityForScaler
	/workspace/pkg/scaling/cache/scalers_cache.go:164
github.com/kedacore/keda/v2/pkg/scaling.(*scaleHandler).getScalerState
	/workspace/pkg/scaling/scale_handler.go:837
github.com/kedacore/keda/v2/pkg/scaling.(*scaleHandler).getScaledObjectState.func1
	/workspace/pkg/scaling/scale_handler.go:714
2026-03-04T18:53:21Z	ERROR	scale_handler	error getting metric for trigger	{"scaledObject.Namespace": "3pull", "scaledObject.Name": "r-3pull-worker-auth-audit-export", "trigger": "azureServiceBusScaler", "error": "sources must contain at least one TokenCredential"}
github.com/kedacore/keda/v2/pkg/scaling.(*scaleHandler).processMetricsWithFallback
	/workspace/pkg/scaling/scale_handler.go:460
github.com/kedacore/keda/v2/pkg/scaling.(*scaleHandler).getScalerState
	/workspace/pkg/scaling/scale_handler.go:845
github.com/kedacore/keda/v2/pkg/scaling.(*scaleHandler).getScaledObjectState.func1
	/workspace/pkg/scaling/scale_handler.go:714
2026-03-04T18:53:21Z	ERROR	scale_handler	error getting scale decision	{"scaledObject.Namespace": "3pull", "scaledObject.Name": "r-3pull-worker-auth-audit-export", "scaler": "azureServiceBusScaler", "error": "sources must contain at least one TokenCredential"}
github.com/kedacore/keda/v2/pkg/scaling.(*scaleHandler).getScalerState
	/workspace/pkg/scaling/scale_handler.go:872
github.com/kedacore/keda/v2/pkg/scaling.(*scaleHandler).getScaledObjectState.func1
	/workspace/pkg/scaling/scale_handler.go:714
2026-03-04T18:53:21Z	ERROR	azure_servicebus_scaler	error starting azure workload-identity token provider	{"type": "ScaledObject", "namespace": "3pull", "name": "r-3pull-worker-sample-wait-blob", "error": "no client ID specified. Check pod configuration or set ClientID in the options"}
github.com/kedacore/keda/v2/pkg/scalers/azure.NewChainedCredential
	/workspace/pkg/scalers/azure/azure_azidentity_chain.go:33
github.com/kedacore/keda/v2/pkg/scalers.(*azureServiceBusScaler).getServiceBusAdminClient
	/workspace/pkg/scalers/azure_servicebus_scaler.go:265
github.com/kedacore/keda/v2/pkg/scalers.(*azureServiceBusScaler).getAzureServiceBusLength
	/workspace/pkg/scalers/azure_servicebus_scaler.go:233
github.com/kedacore/keda/v2/pkg/scalers.(*azureServiceBusScaler).GetMetricsAndActivity
	/workspace/pkg/scalers/azure_servicebus_scaler.go:218
github.com/kedacore/keda/v2/pkg/scaling/cache.(*ScalersCache).GetMetricsAndActivityForScaler
	/workspace/pkg/scaling/cache/scalers_cache.go:154
github.com/kedacore/keda/v2/pkg/scaling.(*scaleHandler).getScalerState
	/workspace/pkg/scaling/scale_handler.go:837
github.com/kedacore/keda/v2/pkg/scaling.(*scaleHandler).getScaledObjectState.func1
	/workspace/pkg/scaling/scale_handler.go:714
2026-03-04T18:53:21Z	ERROR	azure_servicebus_scaler	error getting service bus entity length	{"type": "ScaledObject", "namespace": "3pull", "name": "r-3pull-worker-sample-wait-blob", "error": "sources must contain at least one TokenCredential"}
github.com/kedacore/keda/v2/pkg/scalers.(*azureServiceBusScaler).GetMetricsAndActivity
	/workspace/pkg/scalers/azure_servicebus_scaler.go:221
github.com/kedacore/keda/v2/pkg/scaling/cache.(*ScalersCache).GetMetricsAndActivityForScaler
	/workspace/pkg/scaling/cache/scalers_cache.go:154
github.com/kedacore/keda/v2/pkg/scaling.(*scaleHandler).getScalerState
	/workspace/pkg/scaling/scale_handler.go:837
github.com/kedacore/keda/v2/pkg/scaling.(*scaleHandler).getScaledObjectState.func1
	/workspace/pkg/scaling/scale_handler.go:714
2026-03-04T18:53:21Z	ERROR	azure_servicebus_scaler	error starting azure workload-identity token provider	{"type": "ScaledObject", "namespace": "3pull", "name": "r-3pull-worker-sample-wait-blob", "error": "no client ID specified. Check pod configuration or set ClientID in the options"}
github.com/kedacore/keda/v2/pkg/scalers/azure.NewChainedCredential
	/workspace/pkg/scalers/azure/azure_azidentity_chain.go:33
github.com/kedacore/keda/v2/pkg/scalers.(*azureServiceBusScaler).getServiceBusAdminClient
	/workspace/pkg/scalers/azure_servicebus_scaler.go:265
github.com/kedacore/keda/v2/pkg/scalers.(*azureServiceBusScaler).getAzureServiceBusLength
	/workspace/pkg/scalers/azure_servicebus_scaler.go:233
github.com/kedacore/keda/v2/pkg/scalers.(*azureServiceBusScaler).GetMetricsAndActivity
	/workspace/pkg/scalers/azure_servicebus_scaler.go:218
github.com/kedacore/keda/v2/pkg/scaling/cache.(*ScalersCache).GetMetricsAndActivityForScaler
	/workspace/pkg/scaling/cache/scalers_cache.go:164
github.com/kedacore/keda/v2/pkg/scaling.(*scaleHandler).getScalerState
	/workspace/pkg/scaling/scale_handler.go:837
github.com/kedacore/keda/v2/pkg/scaling.(*scaleHandler).getScaledObjectState.func1
	/workspace/pkg/scaling/scale_handler.go:714
2026-03-04T18:53:21Z	ERROR	azure_servicebus_scaler	error getting service bus entity length	{"type": "ScaledObject", "namespace": "3pull", "name": "r-3pull-worker-sample-wait-blob", "error": "sources must contain at least one TokenCredential"}
github.com/kedacore/keda/v2/pkg/scalers.(*azureServiceBusScaler).GetMetricsAndActivity
	/workspace/pkg/scalers/azure_servicebus_scaler.go:221
github.com/kedacore/keda/v2/pkg/scaling/cache.(*ScalersCache).GetMetricsAndActivityForScaler
	/workspace/pkg/scaling/cache/scalers_cache.go:164
github.com/kedacore/keda/v2/pkg/scaling.(*scaleHandler).getScalerState
	/workspace/pkg/scaling/scale_handler.go:837
github.com/kedacore/keda/v2/pkg/scaling.(*scaleHandler).getScaledObjectState.func1
	/workspace/pkg/scaling/scale_handler.go:714
2026-03-04T18:53:21Z	ERROR	scale_handler	error getting metric for trigger	{"scaledObject.Namespace": "3pull", "scaledObject.Name": "r-3pull-worker-sample-wait-blob", "trigger": "azureServiceBusScaler", "error": "sources must contain at least one TokenCredential"}
github.com/kedacore/keda/v2/pkg/scaling.(*scaleHandler).processMetricsWithFallback
	/workspace/pkg/scaling/scale_handler.go:460
github.com/kedacore/keda/v2/pkg/scaling.(*scaleHandler).getScalerState
	/workspace/pkg/scaling/scale_handler.go:845
github.com/kedacore/keda/v2/pkg/scaling.(*scaleHandler).getScaledObjectState.func1
	/workspace/pkg/scaling/scale_handler.go:714
2026-03-04T18:53:21Z	ERROR	scale_handler	error getting scale decision	{"scaledObject.Namespace": "3pull", "scaledObject.Name": "r-3pull-worker-sample-wait-blob", "scaler": "azureServiceBusScaler", "error": "sources must contain at least one TokenCredential"}
github.com/kedacore/keda/v2/pkg/scaling.(*scaleHandler).getScalerState
	/workspace/pkg/scaling/scale_handler.go:872
github.com/kedacore/keda/v2/pkg/scaling.(*scaleHandler).getScaledObjectState.func1
	/workspace/pkg/scaling/scale_handler.go:714
2026-03-04T18:53:23Z	ERROR	azure_servicebus_scaler	error starting azure workload-identity token provider	{"type": "ScaledObject", "namespace": "3pull", "name": "r-3pull-worker-auth-audit-export", "error": "no client ID specified. Check pod configuration or set ClientID in the options"}
github.com/kedacore/keda/v2/pkg/scalers/azure.NewChainedCredential
	/workspace/pkg/scalers/azure/azure_azidentity_chain.go:33
github.com/kedacore/keda/v2/pkg/scalers.(*azureServiceBusScaler).getServiceBusAdminClient
	/workspace/pkg/scalers/azure_servicebus_scaler.go:265
github.com/kedacore/keda/v2/pkg/scalers.(*azureServiceBusScaler).getAzureServiceBusLength
	/workspace/pkg/scalers/azure_servicebus_scaler.go:233
github.com/kedacore/keda/v2/pkg/scalers.(*azureServiceBusScaler).GetMetricsAndActivity
	/workspace/pkg/scalers/azure_servicebus_scaler.go:218
github.com/kedacore/keda/v2/pkg/scaling/cache.(*ScalersCache).GetMetricsAndActivityForScaler
	/workspace/pkg/scaling/cache/scalers_cache.go:154
github.com/kedacore/keda/v2/pkg/scaling.(*scaleHandler).GetScaledObjectMetrics.func1
	/workspace/pkg/scaling/scale_handler.go:585
2026-03-04T18:53:23Z	ERROR	azure_servicebus_scaler	error getting service bus entity length	{"type": "ScaledObject", "namespace": "3pull", "name": "r-3pull-worker-auth-audit-export", "error": "sources must contain at least one TokenCredential"}
github.com/kedacore/keda/v2/pkg/scalers.(*azureServiceBusScaler).GetMetricsAndActivity
	/workspace/pkg/scalers/azure_servicebus_scaler.go:221
github.com/kedacore/keda/v2/pkg/scaling/cache.(*ScalersCache).GetMetricsAndActivityForScaler
	/workspace/pkg/scaling/cache/scalers_cache.go:154
github.com/kedacore/keda/v2/pkg/scaling.(*scaleHandler).GetScaledObjectMetrics.func1
	/workspace/pkg/scaling/scale_handler.go:585
2026-03-04T18:53:23Z	ERROR	azure_servicebus_scaler	error starting azure workload-identity token provider	{"type": "ScaledObject", "namespace": "3pull", "name": "r-3pull-worker-auth-audit-export", "error": "no client ID specified. Check pod configuration or set ClientID in the options"}
github.com/kedacore/keda/v2/pkg/scalers/azure.NewChainedCredential
	/workspace/pkg/scalers/azure/azure_azidentity_chain.go:33
github.com/kedacore/keda/v2/pkg/scalers.(*azureServiceBusScaler).getServiceBusAdminClient
	/workspace/pkg/scalers/azure_servicebus_scaler.go:265
github.com/kedacore/keda/v2/pkg/scalers.(*azureServiceBusScaler).getAzureServiceBusLength
	/workspace/pkg/scalers/azure_servicebus_scaler.go:233
github.com/kedacore/keda/v2/pkg/scalers.(*azureServiceBusScaler).GetMetricsAndActivity
	/workspace/pkg/scalers/azure_servicebus_scaler.go:218
github.com/kedacore/keda/v2/pkg/scaling/cache.(*ScalersCache).GetMetricsAndActivityForScaler
	/workspace/pkg/scaling/cache/scalers_cache.go:164
github.com/kedacore/keda/v2/pkg/scaling.(*scaleHandler).GetScaledObjectMetrics.func1
	/workspace/pkg/scaling/scale_handler.go:585
2026-03-04T18:53:23Z	ERROR	azure_servicebus_scaler	error getting service bus entity length	{"type": "ScaledObject", "namespace": "3pull", "name": "r-3pull-worker-auth-audit-export", "error": "sources must contain at least one TokenCredential"}
github.com/kedacore/keda/v2/pkg/scalers.(*azureServiceBusScaler).GetMetricsAndActivity
	/workspace/pkg/scalers/azure_servicebus_scaler.go:221
github.com/kedacore/keda/v2/pkg/scaling/cache.(*ScalersCache).GetMetricsAndActivityForScaler
	/workspace/pkg/scaling/cache/scalers_cache.go:164
github.com/kedacore/keda/v2/pkg/scaling.(*scaleHandler).GetScaledObjectMetrics.func1
	/workspace/pkg/scaling/scale_handler.go:585
2026-03-04T18:53:23Z	ERROR	scale_handler	error getting metric for trigger	{"scaledObject.Namespace": "3pull", "scaledObject.Name": "r-3pull-worker-auth-audit-export", "trigger": "azureServiceBusScaler", "error": "sources must contain at least one TokenCredential"}
github.com/kedacore/keda/v2/pkg/scaling.(*scaleHandler).processMetricsWithFallback
	/workspace/pkg/scaling/scale_handler.go:460
github.com/kedacore/keda/v2/pkg/scaling.(*scaleHandler).GetScaledObjectMetrics.func1
	/workspace/pkg/scaling/scale_handler.go:593
2026-03-04T18:53:23Z	ERROR	azure_servicebus_scaler	error starting azure workload-identity token provider	{"type": "ScaledObject", "namespace": "3pull", "name": "r-3pull-worker-sample-wait-blob", "error": "no client ID specified. Check pod configuration or set ClientID in the options"}
github.com/kedacore/keda/v2/pkg/scalers/azure.NewChainedCredential
	/workspace/pkg/scalers/azure/azure_azidentity_chain.go:33
github.com/kedacore/keda/v2/pkg/scalers.(*azureServiceBusScaler).getServiceBusAdminClient
	/workspace/pkg/scalers/azure_servicebus_scaler.go:265
github.com/kedacore/keda/v2/pkg/scalers.(*azureServiceBusScaler).getAzureServiceBusLength
	/workspace/pkg/scalers/azure_servicebus_scaler.go:233
github.com/kedacore/keda/v2/pkg/scalers.(*azureServiceBusScaler).GetMetricsAndActivity
	/workspace/pkg/scalers/azure_servicebus_scaler.go:218
github.com/kedacore/keda/v2/pkg/scaling/cache.(*ScalersCache).GetMetricsAndActivityForScaler
	/workspace/pkg/scaling/cache/scalers_cache.go:154
github.com/kedacore/keda/v2/pkg/scaling.(*scaleHandler).GetScaledObjectMetrics.func1
	/workspace/pkg/scaling/scale_handler.go:585
2026-03-04T18:53:23Z	ERROR	azure_servicebus_scaler	error getting service bus entity length	{"type": "ScaledObject", "namespace": "3pull", "name": "r-3pull-worker-sample-wait-blob", "error": "sources must contain at least one TokenCredential"}
github.com/kedacore/keda/v2/pkg/scalers.(*azureServiceBusScaler).GetMetricsAndActivity
	/workspace/pkg/scalers/azure_servicebus_scaler.go:221
github.com/kedacore/keda/v2/pkg/scaling/cache.(*ScalersCache).GetMetricsAndActivityForScaler
	/workspace/pkg/scaling/cache/scalers_cache.go:154
github.com/kedacore/keda/v2/pkg/scaling.(*scaleHandler).GetScaledObjectMetrics.func1
	/workspace/pkg/scaling/scale_handler.go:585
2026-03-04T18:53:23Z	ERROR	azure_servicebus_scaler	error starting azure workload-identity token provider	{"type": "ScaledObject", "namespace": "3pull", "name": "r-3pull-worker-sample-wait-blob", "error": "no client ID specified. Check pod configuration or set ClientID in the options"}
github.com/kedacore/keda/v2/pkg/scalers/azure.NewChainedCredential
	/workspace/pkg/scalers/azure/azure_azidentity_chain.go:33
github.com/kedacore/keda/v2/pkg/scalers.(*azureServiceBusScaler).getServiceBusAdminClient
	/workspace/pkg/scalers/azure_servicebus_scaler.go:265
github.com/kedacore/keda/v2/pkg/scalers.(*azureServiceBusScaler).getAzureServiceBusLength
	/workspace/pkg/scalers/azure_servicebus_scaler.go:233
github.com/kedacore/keda/v2/pkg/scalers.(*azureServiceBusScaler).GetMetricsAndActivity
	/workspace/pkg/scalers/azure_servicebus_scaler.go:218
github.com/kedacore/keda/v2/pkg/scaling/cache.(*ScalersCache).GetMetricsAndActivityForScaler
	/workspace/pkg/scaling/cache/scalers_cache.go:164
github.com/kedacore/keda/v2/pkg/scaling.(*scaleHandler).GetScaledObjectMetrics.func1
	/workspace/pkg/scaling/scale_handler.go:585
2026-03-04T18:53:23Z	ERROR	azure_servicebus_scaler	error getting service bus entity length	{"type": "ScaledObject", "namespace": "3pull", "name": "r-3pull-worker-sample-wait-blob", "error": "sources must contain at least one TokenCredential"}
github.com/kedacore/keda/v2/pkg/scalers.(*azureServiceBusScaler).GetMetricsAndActivity
	/workspace/pkg/scalers/azure_servicebus_scaler.go:221
github.com/kedacore/keda/v2/pkg/scaling/cache.(*ScalersCache).GetMetricsAndActivityForScaler
	/workspace/pkg/scaling/cache/scalers_cache.go:164
github.com/kedacore/keda/v2/pkg/scaling.(*scaleHandler).GetScaledObjectMetrics.func1
	/workspace/pkg/scaling/scale_handler.go:585
2026-03-04T18:53:23Z	ERROR	scale_handler	error getting metric for trigger	{"scaledObject.Namespace": "3pull", "scaledObject.Name": "r-3pull-worker-sample-wait-blob", "trigger": "azureServiceBusScaler", "error": "sources must contain at least one TokenCredential"}
github.com/kedacore/keda/v2/pkg/scaling.(*scaleHandler).processMetricsWithFallback
	/workspace/pkg/scaling/scale_handler.go:460
github.com/kedacore/keda/v2/pkg/scaling.(*scaleHandler).GetScaledObjectMetrics.func1
	/workspace/pkg/scaling/scale_handler.go:593
2026-03-04T18:53:38Z	ERROR	azure_servicebus_scaler	error starting azure workload-identity token provider	{"type": "ScaledObject", "namespace": "3pull", "name": "r-3pull-worker-sample-wait-blob", "error": "no client ID specified. Check pod configuration or set ClientID in the options"}
github.com/kedacore/keda/v2/pkg/scalers/azure.NewChainedCredential
	/workspace/pkg/scalers/azure/azure_azidentity_chain.go:33
github.com/kedacore/keda/v2/pkg/scalers.(*azureServiceBusScaler).getServiceBusAdminClient
	/workspace/pkg/scalers/azure_servicebus_scaler.go:265
github.com/kedacore/keda/v2/pkg/scalers.(*azureServiceBusScaler).getAzureServiceBusLength
	/workspace/pkg/scalers/azure_servicebus_scaler.go:233
github.com/kedacore/keda/v2/pkg/scalers.(*azureServiceBusScaler).GetMetricsAndActivity
	/workspace/pkg/scalers/azure_servicebus_scaler.go:218
github.com/kedacore/keda/v2/pkg/scaling/cache.(*ScalersCache).GetMetricsAndActivityForScaler
	/workspace/pkg/scaling/cache/scalers_cache.go:154
github.com/kedacore/keda/v2/pkg/scaling.(*scaleHandler).GetScaledObjectMetrics.func1
	/workspace/pkg/scaling/scale_handler.go:585
2026-03-04T18:53:38Z	ERROR	azure_servicebus_scaler	error getting service bus entity length	{"type": "ScaledObject", "namespace": "3pull", "name": "r-3pull-worker-sample-wait-blob", "error": "sources must contain at least one TokenCredential"}
github.com/kedacore/keda/v2/pkg/scalers.(*azureServiceBusScaler).GetMetricsAndActivity
	/workspace/pkg/scalers/azure_servicebus_scaler.go:221
github.com/kedacore/keda/v2/pkg/scaling/cache.(*ScalersCache).GetMetricsAndActivityForScaler
	/workspace/pkg/scaling/cache/scalers_cache.go:154
github.com/kedacore/keda/v2/pkg/scaling.(*scaleHandler).GetScaledObjectMetrics.func1
	/workspace/pkg/scaling/scale_handler.go:585
2026-03-04T18:53:38Z	ERROR	azure_servicebus_scaler	error starting azure workload-identity token provider	{"type": "ScaledObject", "namespace": "3pull", "name": "r-3pull-worker-sample-wait-blob", "error": "no client ID specified. Check pod configuration or set ClientID in the options"}
github.com/kedacore/keda/v2/pkg/scalers/azure.NewChainedCredential
	/workspace/pkg/scalers/azure/azure_azidentity_chain.go:33
github.com/kedacore/keda/v2/pkg/scalers.(*azureServiceBusScaler).getServiceBusAdminClient
	/workspace/pkg/scalers/azure_servicebus_scaler.go:265
github.com/kedacore/keda/v2/pkg/scalers.(*azureServiceBusScaler).getAzureServiceBusLength
	/workspace/pkg/scalers/azure_servicebus_scaler.go:233
github.com/kedacore/keda/v2/pkg/scalers.(*azureServiceBusScaler).GetMetricsAndActivity
	/workspace/pkg/scalers/azure_servicebus_scaler.go:218
github.com/kedacore/keda/v2/pkg/scaling/cache.(*ScalersCache).GetMetricsAndActivityForScaler
	/workspace/pkg/scaling/cache/scalers_cache.go:164
github.com/kedacore/keda/v2/pkg/scaling.(*scaleHandler).GetScaledObjectMetrics.func1
	/workspace/pkg/scaling/scale_handler.go:585
2026-03-04T18:53:38Z	ERROR	azure_servicebus_scaler	error getting service bus entity length	{"type": "ScaledObject", "namespace": "3pull", "name": "r-3pull-worker-sample-wait-blob", "error": "sources must contain at least one TokenCredential"}
github.com/kedacore/keda/v2/pkg/scalers.(*azureServiceBusScaler).GetMetricsAndActivity
	/workspace/pkg/scalers/azure_servicebus_scaler.go:221
github.com/kedacore/keda/v2/pkg/scaling/cache.(*ScalersCache).GetMetricsAndActivityForScaler
	/workspace/pkg/scaling/cache/scalers_cache.go:164
github.com/kedacore/keda/v2/pkg/scaling.(*scaleHandler).GetScaledObjectMetrics.func1
	/workspace/pkg/scaling/scale_handler.go:585
2026-03-04T18:53:38Z	ERROR	scale_handler	error getting metric for trigger	{"scaledObject.Namespace": "3pull", "scaledObject.Name": "r-3pull-worker-sample-wait-blob", "trigger": "azureServiceBusScaler", "error": "sources must contain at least one TokenCredential"}
github.com/kedacore/keda/v2/pkg/scaling.(*scaleHandler).processMetricsWithFallback
	/workspace/pkg/scaling/scale_handler.go:460
github.com/kedacore/keda/v2/pkg/scaling.(*scaleHandler).GetScaledObjectMetrics.func1
	/workspace/pkg/scaling/scale_handler.go:593
2026-03-04T18:53:38Z	ERROR	azure_servicebus_scaler	error starting azure workload-identity token provider	{"type": "ScaledObject", "namespace": "3pull", "name": "r-3pull-worker-auth-audit-export", "error": "no client ID specified. Check pod configuration or set ClientID in the options"}
github.com/kedacore/keda/v2/pkg/scalers/azure.NewChainedCredential
	/workspace/pkg/scalers/azure/azure_azidentity_chain.go:33
github.com/kedacore/keda/v2/pkg/scalers.(*azureServiceBusScaler).getServiceBusAdminClient
	/workspace/pkg/scalers/azure_servicebus_scaler.go:265
github.com/kedacore/keda/v2/pkg/scalers.(*azureServiceBusScaler).getAzureServiceBusLength
	/workspace/pkg/scalers/azure_servicebus_scaler.go:233
github.com/kedacore/keda/v2/pkg/scalers.(*azureServiceBusScaler).GetMetricsAndActivity
	/workspace/pkg/scalers/azure_servicebus_scaler.go:218
github.com/kedacore/keda/v2/pkg/scaling/cache.(*ScalersCache).GetMetricsAndActivityForScaler
	/workspace/pkg/scaling/cache/scalers_cache.go:154
github.com/kedacore/keda/v2/pkg/scaling.(*scaleHandler).GetScaledObjectMetrics.func1
	/workspace/pkg/scaling/scale_handler.go:585
2026-03-04T18:53:38Z	ERROR	azure_servicebus_scaler	error getting service bus entity length	{"type": "ScaledObject", "namespace": "3pull", "name": "r-3pull-worker-auth-audit-export", "error": "sources must contain at least one TokenCredential"}
github.com/kedacore/keda/v2/pkg/scalers.(*azureServiceBusScaler).GetMetricsAndActivity
	/workspace/pkg/scalers/azure_servicebus_scaler.go:221
github.com/kedacore/keda/v2/pkg/scaling/cache.(*ScalersCache).GetMetricsAndActivityForScaler
	/workspace/pkg/scaling/cache/scalers_cache.go:154
github.com/kedacore/keda/v2/pkg/scaling.(*scaleHandler).GetScaledObjectMetrics.func1
	/workspace/pkg/scaling/scale_handler.go:585
2026-03-04T18:53:38Z	ERROR	azure_servicebus_scaler	error starting azure workload-identity token provider	{"type": "ScaledObject", "namespace": "3pull", "name": "r-3pull-worker-auth-audit-export", "error": "no client ID specified. Check pod configuration or set ClientID in the options"}
github.com/kedacore/keda/v2/pkg/scalers/azure.NewChainedCredential
	/workspace/pkg/scalers/azure/azure_azidentity_chain.go:33
github.com/kedacore/keda/v2/pkg/scalers.(*azureServiceBusScaler).getServiceBusAdminClient
	/workspace/pkg/scalers/azure_servicebus_scaler.go:265
github.com/kedacore/keda/v2/pkg/scalers.(*azureServiceBusScaler).getAzureServiceBusLength
	/workspace/pkg/scalers/azure_servicebus_scaler.go:233
github.com/kedacore/keda/v2/pkg/scalers.(*azureServiceBusScaler).GetMetricsAndActivity
	/workspace/pkg/scalers/azure_servicebus_scaler.go:218
github.com/kedacore/keda/v2/pkg/scaling/cache.(*ScalersCache).GetMetricsAndActivityForScaler
	/workspace/pkg/scaling/cache/scalers_cache.go:164
github.com/kedacore/keda/v2/pkg/scaling.(*scaleHandler).GetScaledObjectMetrics.func1
	/workspace/pkg/scaling/scale_handler.go:585
2026-03-04T18:53:38Z	ERROR	azure_servicebus_scaler	error getting service bus entity length	{"type": "ScaledObject", "namespace": "3pull", "name": "r-3pull-worker-auth-audit-export", "error": "sources must contain at least one TokenCredential"}
github.com/kedacore/keda/v2/pkg/scalers.(*azureServiceBusScaler).GetMetricsAndActivity
	/workspace/pkg/scalers/azure_servicebus_scaler.go:221
github.com/kedacore/keda/v2/pkg/scaling/cache.(*ScalersCache).GetMetricsAndActivityForScaler
	/workspace/pkg/scaling/cache/scalers_cache.go:164
github.com/kedacore/keda/v2/pkg/scaling.(*scaleHandler).GetScaledObjectMetrics.func1
	/workspace/pkg/scaling/scale_handler.go:585
2026-03-04T18:53:38Z	ERROR	scale_handler	error getting metric for trigger	{"scaledObject.Namespace": "3pull", "scaledObject.Name": "r-3pull-worker-auth-audit-export", "trigger": "azureServiceBusScaler", "error": "sources must contain at least one TokenCredential"}
github.com/kedacore/keda/v2/pkg/scaling.(*scaleHandler).processMetricsWithFallback
	/workspace/pkg/scaling/scale_handler.go:460
github.com/kedacore/keda/v2/pkg/scaling.(*scaleHandler).GetScaledObjectMetrics.func1
	/workspace/pkg/scaling/scale_handler.go:593
2026-03-04T18:53:51Z	ERROR	azure_servicebus_scaler	error starting azure workload-identity token provider	{"type": "ScaledObject", "namespace": "3pull", "name": "r-3pull-worker-auth-audit-export", "error": "no client ID specified. Check pod configuration or set ClientID in the options"}
github.com/kedacore/keda/v2/pkg/scalers/azure.NewChainedCredential
	/workspace/pkg/scalers/azure/azure_azidentity_chain.go:33
github.com/kedacore/keda/v2/pkg/scalers.(*azureServiceBusScaler).getServiceBusAdminClient
	/workspace/pkg/scalers/azure_servicebus_scaler.go:265
github.com/kedacore/keda/v2/pkg/scalers.(*azureServiceBusScaler).getAzureServiceBusLength
	/workspace/pkg/scalers/azure_servicebus_scaler.go:233
github.com/kedacore/keda/v2/pkg/scalers.(*azureServiceBusScaler).GetMetricsAndActivity
	/workspace/pkg/scalers/azure_servicebus_scaler.go:218
github.com/kedacore/keda/v2/pkg/scaling/cache.(*ScalersCache).GetMetricsAndActivityForScaler
	/workspace/pkg/scaling/cache/scalers_cache.go:154
github.com/kedacore/keda/v2/pkg/scaling.(*scaleHandler).getScalerState
	/workspace/pkg/scaling/scale_handler.go:837
github.com/kedacore/keda/v2/pkg/scaling.(*scaleHandler).getScaledObjectState.func1
	/workspace/pkg/scaling/scale_handler.go:714
2026-03-04T18:53:51Z	ERROR	azure_servicebus_scaler	error getting service bus entity length	{"type": "ScaledObject", "namespace": "3pull", "name": "r-3pull-worker-auth-audit-export", "error": "sources must contain at least one TokenCredential"}
github.com/kedacore/keda/v2/pkg/scalers.(*azureServiceBusScaler).GetMetricsAndActivity
	/workspace/pkg/scalers/azure_servicebus_scaler.go:221
github.com/kedacore/keda/v2/pkg/scaling/cache.(*ScalersCache).GetMetricsAndActivityForScaler
	/workspace/pkg/scaling/cache/scalers_cache.go:154
github.com/kedacore/keda/v2/pkg/scaling.(*scaleHandler).getScalerState
	/workspace/pkg/scaling/scale_handler.go:837
github.com/kedacore/keda/v2/pkg/scaling.(*scaleHandler).getScaledObjectState.func1
	/workspace/pkg/scaling/scale_handler.go:714
2026-03-04T18:53:51Z	ERROR	azure_servicebus_scaler	error starting azure workload-identity token provider	{"type": "ScaledObject", "namespace": "3pull", "name": "r-3pull-worker-auth-audit-export", "error": "no client ID specified. Check pod configuration or set ClientID in the options"}
github.com/kedacore/keda/v2/pkg/scalers/azure.NewChainedCredential
	/workspace/pkg/scalers/azure/azure_azidentity_chain.go:33
github.com/kedacore/keda/v2/pkg/scalers.(*azureServiceBusScaler).getServiceBusAdminClient
	/workspace/pkg/scalers/azure_servicebus_scaler.go:265
github.com/kedacore/keda/v2/pkg/scalers.(*azureServiceBusScaler).getAzureServiceBusLength
	/workspace/pkg/scalers/azure_servicebus_scaler.go:233
github.com/kedacore/keda/v2/pkg/scalers.(*azureServiceBusScaler).GetMetricsAndActivity
	/workspace/pkg/scalers/azure_servicebus_scaler.go:218
github.com/kedacore/keda/v2/pkg/scaling/cache.(*ScalersCache).GetMetricsAndActivityForScaler
	/workspace/pkg/scaling/cache/scalers_cache.go:164
github.com/kedacore/keda/v2/pkg/scaling.(*scaleHandler).getScalerState
	/workspace/pkg/scaling/scale_handler.go:837
github.com/kedacore/keda/v2/pkg/scaling.(*scaleHandler).getScaledObjectState.func1
	/workspace/pkg/scaling/scale_handler.go:714
2026-03-04T18:53:51Z	ERROR	azure_servicebus_scaler	error getting service bus entity length	{"type": "ScaledObject", "namespace": "3pull", "name": "r-3pull-worker-auth-audit-export", "error": "sources must contain at least one TokenCredential"}
github.com/kedacore/keda/v2/pkg/scalers.(*azureServiceBusScaler).GetMetricsAndActivity
	/workspace/pkg/scalers/azure_servicebus_scaler.go:221
github.com/kedacore/keda/v2/pkg/scaling/cache.(*ScalersCache).GetMetricsAndActivityForScaler
	/workspace/pkg/scaling/cache/scalers_cache.go:164
github.com/kedacore/keda/v2/pkg/scaling.(*scaleHandler).getScalerState
	/workspace/pkg/scaling/scale_handler.go:837
github.com/kedacore/keda/v2/pkg/scaling.(*scaleHandler).getScaledObjectState.func1
	/workspace/pkg/scaling/scale_handler.go:714
2026-03-04T18:53:51Z	ERROR	scale_handler	error getting metric for trigger	{"scaledObject.Namespace": "3pull", "scaledObject.Name": "r-3pull-worker-auth-audit-export", "trigger": "azureServiceBusScaler", "error": "sources must contain at least one TokenCredential"}
github.com/kedacore/keda/v2/pkg/scaling.(*scaleHandler).processMetricsWithFallback
	/workspace/pkg/scaling/scale_handler.go:460
github.com/kedacore/keda/v2/pkg/scaling.(*scaleHandler).getScalerState
	/workspace/pkg/scaling/scale_handler.go:845
github.com/kedacore/keda/v2/pkg/scaling.(*scaleHandler).getScaledObjectState.func1
	/workspace/pkg/scaling/scale_handler.go:714
2026-03-04T18:53:51Z	ERROR	scale_handler	error getting scale decision	{"scaledObject.Namespace": "3pull", "scaledObject.Name": "r-3pull-worker-auth-audit-export", "scaler": "azureServiceBusScaler", "error": "sources must contain at least one TokenCredential"}
github.com/kedacore/keda/v2/pkg/scaling.(*scaleHandler).getScalerState
	/workspace/pkg/scaling/scale_handler.go:872
github.com/kedacore/keda/v2/pkg/scaling.(*scaleHandler).getScaledObjectState.func1
	/workspace/pkg/scaling/scale_handler.go:714
2026-03-04T18:53:51Z	ERROR	azure_servicebus_scaler	error starting azure workload-identity token provider	{"type": "ScaledObject", "namespace": "3pull", "name": "r-3pull-worker-sample-wait-blob", "error": "no client ID specified. Check pod configuration or set ClientID in the options"}
github.com/kedacore/keda/v2/pkg/scalers/azure.NewChainedCredential
	/workspace/pkg/scalers/azure/azure_azidentity_chain.go:33
github.com/kedacore/keda/v2/pkg/scalers.(*azureServiceBusScaler).getServiceBusAdminClient
	/workspace/pkg/scalers/azure_servicebus_scaler.go:265
github.com/kedacore/keda/v2/pkg/scalers.(*azureServiceBusScaler).getAzureServiceBusLength
	/workspace/pkg/scalers/azure_servicebus_scaler.go:233
github.com/kedacore/keda/v2/pkg/scalers.(*azureServiceBusScaler).GetMetricsAndActivity
	/workspace/pkg/scalers/azure_servicebus_scaler.go:218
github.com/kedacore/keda/v2/pkg/scaling/cache.(*ScalersCache).GetMetricsAndActivityForScaler
	/workspace/pkg/scaling/cache/scalers_cache.go:154
github.com/kedacore/keda/v2/pkg/scaling.(*scaleHandler).getScalerState
	/workspace/pkg/scaling/scale_handler.go:837
github.com/kedacore/keda/v2/pkg/scaling.(*scaleHandler).getScaledObjectState.func1
	/workspace/pkg/scaling/scale_handler.go:714
2026-03-04T18:53:51Z	ERROR	azure_servicebus_scaler	error getting service bus entity length	{"type": "ScaledObject", "namespace": "3pull", "name": "r-3pull-worker-sample-wait-blob", "error": "sources must contain at least one TokenCredential"}
github.com/kedacore/keda/v2/pkg/scalers.(*azureServiceBusScaler).GetMetricsAndActivity
	/workspace/pkg/scalers/azure_servicebus_scaler.go:221
github.com/kedacore/keda/v2/pkg/scaling/cache.(*ScalersCache).GetMetricsAndActivityForScaler
	/workspace/pkg/scaling/cache/scalers_cache.go:154
github.com/kedacore/keda/v2/pkg/scaling.(*scaleHandler).getScalerState
	/workspace/pkg/scaling/scale_handler.go:837
github.com/kedacore/keda/v2/pkg/scaling.(*scaleHandler).getScaledObjectState.func1
	/workspace/pkg/scaling/scale_handler.go:714
2026-03-04T18:53:51Z	ERROR	azure_servicebus_scaler	error starting azure workload-identity token provider	{"type": "ScaledObject", "namespace": "3pull", "name": "r-3pull-worker-sample-wait-blob", "error": "no client ID specified. Check pod configuration or set ClientID in the options"}
github.com/kedacore/keda/v2/pkg/scalers/azure.NewChainedCredential
	/workspace/pkg/scalers/azure/azure_azidentity_chain.go:33
github.com/kedacore/keda/v2/pkg/scalers.(*azureServiceBusScaler).getServiceBusAdminClient
	/workspace/pkg/scalers/azure_servicebus_scaler.go:265
github.com/kedacore/keda/v2/pkg/scalers.(*azureServiceBusScaler).getAzureServiceBusLength
	/workspace/pkg/scalers/azure_servicebus_scaler.go:233
github.com/kedacore/keda/v2/pkg/scalers.(*azureServiceBusScaler).GetMetricsAndActivity
	/workspace/pkg/scalers/azure_servicebus_scaler.go:218
github.com/kedacore/keda/v2/pkg/scaling/cache.(*ScalersCache).GetMetricsAndActivityForScaler
	/workspace/pkg/scaling/cache/scalers_cache.go:164
github.com/kedacore/keda/v2/pkg/scaling.(*scaleHandler).getScalerState
	/workspace/pkg/scaling/scale_handler.go:837
github.com/kedacore/keda/v2/pkg/scaling.(*scaleHandler).getScaledObjectState.func1
	/workspace/pkg/scaling/scale_handler.go:714
2026-03-04T18:53:51Z	ERROR	azure_servicebus_scaler	error getting service bus entity length	{"type": "ScaledObject", "namespace": "3pull", "name": "r-3pull-worker-sample-wait-blob", "error": "sources must contain at least one TokenCredential"}
github.com/kedacore/keda/v2/pkg/scalers.(*azureServiceBusScaler).GetMetricsAndActivity
	/workspace/pkg/scalers/azure_servicebus_scaler.go:221
github.com/kedacore/keda/v2/pkg/scaling/cache.(*ScalersCache).GetMetricsAndActivityForScaler
	/workspace/pkg/scaling/cache/scalers_cache.go:164
github.com/kedacore/keda/v2/pkg/scaling.(*scaleHandler).getScalerState
	/workspace/pkg/scaling/scale_handler.go:837
github.com/kedacore/keda/v2/pkg/scaling.(*scaleHandler).getScaledObjectState.func1
	/workspace/pkg/scaling/scale_handler.go:714
2026-03-04T18:53:51Z	ERROR	scale_handler	error getting metric for trigger	{"scaledObject.Namespace": "3pull", "scaledObject.Name": "r-3pull-worker-sample-wait-blob", "trigger": "azureServiceBusScaler", "error": "sources must contain at least one TokenCredential"}
github.com/kedacore/keda/v2/pkg/scaling.(*scaleHandler).processMetricsWithFallback
	/workspace/pkg/scaling/scale_handler.go:460
github.com/kedacore/keda/v2/pkg/scaling.(*scaleHandler).getScalerState
	/workspace/pkg/scaling/scale_handler.go:845
github.com/kedacore/keda/v2/pkg/scaling.(*scaleHandler).getScaledObjectState.func1
	/workspace/pkg/scaling/scale_handler.go:714
2026-03-04T18:53:51Z	ERROR	scale_handler	error getting scale decision	{"scaledObject.Namespace": "3pull", "scaledObject.Name": "r-3pull-worker-sample-wait-blob", "scaler": "azureServiceBusScaler", "error": "sources must contain at least one TokenCredential"}
github.com/kedacore/keda/v2/pkg/scaling.(*scaleHandler).getScalerState
	/workspace/pkg/scaling/scale_handler.go:872
github.com/kedacore/keda/v2/pkg/scaling.(*scaleHandler).getScaledObjectState.func1
	/workspace/pkg/scaling/scale_handler.go:714
2026-03-04T18:53:53Z	ERROR	azure_servicebus_scaler	error starting azure workload-identity token provider	{"type": "ScaledObject", "namespace": "3pull", "name": "r-3pull-worker-sample-wait-blob", "error": "no client ID specified. Check pod configuration or set ClientID in the options"}
github.com/kedacore/keda/v2/pkg/scalers/azure.NewChainedCredential
	/workspace/pkg/scalers/azure/azure_azidentity_chain.go:33
github.com/kedacore/keda/v2/pkg/scalers.(*azureServiceBusScaler).getServiceBusAdminClient
	/workspace/pkg/scalers/azure_servicebus_scaler.go:265
github.com/kedacore/keda/v2/pkg/scalers.(*azureServiceBusScaler).getAzureServiceBusLength
	/workspace/pkg/scalers/azure_servicebus_scaler.go:233
github.com/kedacore/keda/v2/pkg/scalers.(*azureServiceBusScaler).GetMetricsAndActivity
	/workspace/pkg/scalers/azure_servicebus_scaler.go:218
github.com/kedacore/keda/v2/pkg/scaling/cache.(*ScalersCache).GetMetricsAndActivityForScaler
	/workspace/pkg/scaling/cache/scalers_cache.go:154
github.com/kedacore/keda/v2/pkg/scaling.(*scaleHandler).GetScaledObjectMetrics.func1
	/workspace/pkg/scaling/scale_handler.go:585
2026-03-04T18:53:53Z	ERROR	azure_servicebus_scaler	error getting service bus entity length	{"type": "ScaledObject", "namespace": "3pull", "name": "r-3pull-worker-sample-wait-blob", "error": "sources must contain at least one TokenCredential"}
github.com/kedacore/keda/v2/pkg/scalers.(*azureServiceBusScaler).GetMetricsAndActivity
	/workspace/pkg/scalers/azure_servicebus_scaler.go:221
github.com/kedacore/keda/v2/pkg/scaling/cache.(*ScalersCache).GetMetricsAndActivityForScaler
	/workspace/pkg/scaling/cache/scalers_cache.go:154
github.com/kedacore/keda/v2/pkg/scaling.(*scaleHandler).GetScaledObjectMetrics.func1
	/workspace/pkg/scaling/scale_handler.go:585
2026-03-04T18:53:53Z	ERROR	azure_servicebus_scaler	error starting azure workload-identity token provider	{"type": "ScaledObject", "namespace": "3pull", "name": "r-3pull-worker-sample-wait-blob", "error": "no client ID specified. Check pod configuration or set ClientID in the options"}
github.com/kedacore/keda/v2/pkg/scalers/azure.NewChainedCredential
	/workspace/pkg/scalers/azure/azure_azidentity_chain.go:33
github.com/kedacore/keda/v2/pkg/scalers.(*azureServiceBusScaler).getServiceBusAdminClient
	/workspace/pkg/scalers/azure_servicebus_scaler.go:265
github.com/kedacore/keda/v2/pkg/scalers.(*azureServiceBusScaler).getAzureServiceBusLength
	/workspace/pkg/scalers/azure_servicebus_scaler.go:233
github.com/kedacore/keda/v2/pkg/scalers.(*azureServiceBusScaler).GetMetricsAndActivity
	/workspace/pkg/scalers/azure_servicebus_scaler.go:218
github.com/kedacore/keda/v2/pkg/scaling/cache.(*ScalersCache).GetMetricsAndActivityForScaler
	/workspace/pkg/scaling/cache/scalers_cache.go:164
github.com/kedacore/keda/v2/pkg/scaling.(*scaleHandler).GetScaledObjectMetrics.func1
	/workspace/pkg/scaling/scale_handler.go:585
2026-03-04T18:53:53Z	ERROR	azure_servicebus_scaler	error getting service bus entity length	{"type": "ScaledObject", "namespace": "3pull", "name": "r-3pull-worker-sample-wait-blob", "error": "sources must contain at least one TokenCredential"}
github.com/kedacore/keda/v2/pkg/scalers.(*azureServiceBusScaler).GetMetricsAndActivity
	/workspace/pkg/scalers/azure_servicebus_scaler.go:221
github.com/kedacore/keda/v2/pkg/scaling/cache.(*ScalersCache).GetMetricsAndActivityForScaler
	/workspace/pkg/scaling/cache/scalers_cache.go:164
github.com/kedacore/keda/v2/pkg/scaling.(*scaleHandler).GetScaledObjectMetrics.func1
	/workspace/pkg/scaling/scale_handler.go:585
2026-03-04T18:53:53Z	ERROR	scale_handler	error getting metric for trigger	{"scaledObject.Namespace": "3pull", "scaledObject.Name": "r-3pull-worker-sample-wait-blob", "trigger": "azureServiceBusScaler", "error": "sources must contain at least one TokenCredential"}
github.com/kedacore/keda/v2/pkg/scaling.(*scaleHandler).processMetricsWithFallback
	/workspace/pkg/scaling/scale_handler.go:460
github.com/kedacore/keda/v2/pkg/scaling.(*scaleHandler).GetScaledObjectMetrics.func1
	/workspace/pkg/scaling/scale_handler.go:593
2026-03-04T18:53:53Z	ERROR	azure_servicebus_scaler	error starting azure workload-identity token provider	{"type": "ScaledObject", "namespace": "3pull", "name": "r-3pull-worker-auth-audit-export", "error": "no client ID specified. Check pod configuration or set ClientID in the options"}
github.com/kedacore/keda/v2/pkg/scalers/azure.NewChainedCredential
	/workspace/pkg/scalers/azure/azure_azidentity_chain.go:33
github.com/kedacore/keda/v2/pkg/scalers.(*azureServiceBusScaler).getServiceBusAdminClient
	/workspace/pkg/scalers/azure_servicebus_scaler.go:265
github.com/kedacore/keda/v2/pkg/scalers.(*azureServiceBusScaler).getAzureServiceBusLength
	/workspace/pkg/scalers/azure_servicebus_scaler.go:233
github.com/kedacore/keda/v2/pkg/scalers.(*azureServiceBusScaler).GetMetricsAndActivity
	/workspace/pkg/scalers/azure_servicebus_scaler.go:218
github.com/kedacore/keda/v2/pkg/scaling/cache.(*ScalersCache).GetMetricsAndActivityForScaler
	/workspace/pkg/scaling/cache/scalers_cache.go:154
github.com/kedacore/keda/v2/pkg/scaling.(*scaleHandler).GetScaledObjectMetrics.func1
	/workspace/pkg/scaling/scale_handler.go:585
2026-03-04T18:53:53Z	ERROR	azure_servicebus_scaler	error getting service bus entity length	{"type": "ScaledObject", "namespace": "3pull", "name": "r-3pull-worker-auth-audit-export", "error": "sources must contain at least one TokenCredential"}
github.com/kedacore/keda/v2/pkg/scalers.(*azureServiceBusScaler).GetMetricsAndActivity
	/workspace/pkg/scalers/azure_servicebus_scaler.go:221
github.com/kedacore/keda/v2/pkg/scaling/cache.(*ScalersCache).GetMetricsAndActivityForScaler
	/workspace/pkg/scaling/cache/scalers_cache.go:154
github.com/kedacore/keda/v2/pkg/scaling.(*scaleHandler).GetScaledObjectMetrics.func1
	/workspace/pkg/scaling/scale_handler.go:585
2026-03-04T18:53:53Z	ERROR	azure_servicebus_scaler	error starting azure workload-identity token provider	{"type": "ScaledObject", "namespace": "3pull", "name": "r-3pull-worker-auth-audit-export", "error": "no client ID specified. Check pod configuration or set ClientID in the options"}
github.com/kedacore/keda/v2/pkg/scalers/azure.NewChainedCredential
	/workspace/pkg/scalers/azure/azure_azidentity_chain.go:33
github.com/kedacore/keda/v2/pkg/scalers.(*azureServiceBusScaler).getServiceBusAdminClient
	/workspace/pkg/scalers/azure_servicebus_scaler.go:265
github.com/kedacore/keda/v2/pkg/scalers.(*azureServiceBusScaler).getAzureServiceBusLength
	/workspace/pkg/scalers/azure_servicebus_scaler.go:233
github.com/kedacore/keda/v2/pkg/scalers.(*azureServiceBusScaler).GetMetricsAndActivity
	/workspace/pkg/scalers/azure_servicebus_scaler.go:218
github.com/kedacore/keda/v2/pkg/scaling/cache.(*ScalersCache).GetMetricsAndActivityForScaler
	/workspace/pkg/scaling/cache/scalers_cache.go:164
github.com/kedacore/keda/v2/pkg/scaling.(*scaleHandler).GetScaledObjectMetrics.func1
	/workspace/pkg/scaling/scale_handler.go:585
2026-03-04T18:53:53Z	ERROR	azure_servicebus_scaler	error getting service bus entity length	{"type": "ScaledObject", "namespace": "3pull", "name": "r-3pull-worker-auth-audit-export", "error": "sources must contain at least one TokenCredential"}
github.com/kedacore/keda/v2/pkg/scalers.(*azureServiceBusScaler).GetMetricsAndActivity
	/workspace/pkg/scalers/azure_servicebus_scaler.go:221
github.com/kedacore/keda/v2/pkg/scaling/cache.(*ScalersCache).GetMetricsAndActivityForScaler
	/workspace/pkg/scaling/cache/scalers_cache.go:164
github.com/kedacore/keda/v2/pkg/scaling.(*scaleHandler).GetScaledObjectMetrics.func1
	/workspace/pkg/scaling/scale_handler.go:585
2026-03-04T18:53:53Z	ERROR	scale_handler	error getting metric for trigger	{"scaledObject.Namespace": "3pull", "scaledObject.Name": "r-3pull-worker-auth-audit-export", "trigger": "azureServiceBusScaler", "error": "sources must contain at least one TokenCredential"}
github.com/kedacore/keda/v2/pkg/scaling.(*scaleHandler).processMetricsWithFallback
	/workspace/pkg/scaling/scale_handler.go:460
github.com/kedacore/keda/v2/pkg/scaling.(*scaleHandler).GetScaledObjectMetrics.func1
	/workspace/pkg/scaling/scale_handler.go:593
2026-03-04T18:54:08Z	ERROR	azure_servicebus_scaler	error starting azure workload-identity token provider	{"type": "ScaledObject", "namespace": "3pull", "name": "r-3pull-worker-sample-wait-blob", "error": "no client ID specified. Check pod configuration or set ClientID in the options"}
github.com/kedacore/keda/v2/pkg/scalers/azure.NewChainedCredential
	/workspace/pkg/scalers/azure/azure_azidentity_chain.go:33
github.com/kedacore/keda/v2/pkg/scalers.(*azureServiceBusScaler).getServiceBusAdminClient
	/workspace/pkg/scalers/azure_servicebus_scaler.go:265
github.com/kedacore/keda/v2/pkg/scalers.(*azureServiceBusScaler).getAzureServiceBusLength
	/workspace/pkg/scalers/azure_servicebus_scaler.go:233
github.com/kedacore/keda/v2/pkg/scalers.(*azureServiceBusScaler).GetMetricsAndActivity
	/workspace/pkg/scalers/azure_servicebus_scaler.go:218
github.com/kedacore/keda/v2/pkg/scaling/cache.(*ScalersCache).GetMetricsAndActivityForScaler
	/workspace/pkg/scaling/cache/scalers_cache.go:154
github.com/kedacore/keda/v2/pkg/scaling.(*scaleHandler).GetScaledObjectMetrics.func1
	/workspace/pkg/scaling/scale_handler.go:585
2026-03-04T18:54:08Z	ERROR	azure_servicebus_scaler	error getting service bus entity length	{"type": "ScaledObject", "namespace": "3pull", "name": "r-3pull-worker-sample-wait-blob", "error": "sources must contain at least one TokenCredential"}
github.com/kedacore/keda/v2/pkg/scalers.(*azureServiceBusScaler).GetMetricsAndActivity
	/workspace/pkg/scalers/azure_servicebus_scaler.go:221
github.com/kedacore/keda/v2/pkg/scaling/cache.(*ScalersCache).GetMetricsAndActivityForScaler
	/workspace/pkg/scaling/cache/scalers_cache.go:154
github.com/kedacore/keda/v2/pkg/scaling.(*scaleHandler).GetScaledObjectMetrics.func1
	/workspace/pkg/scaling/scale_handler.go:585
2026-03-04T18:54:08Z	ERROR	azure_servicebus_scaler	error starting azure workload-identity token provider	{"type": "ScaledObject", "namespace": "3pull", "name": "r-3pull-worker-sample-wait-blob", "error": "no client ID specified. Check pod configuration or set ClientID in the options"}
github.com/kedacore/keda/v2/pkg/scalers/azure.NewChainedCredential
	/workspace/pkg/scalers/azure/azure_azidentity_chain.go:33
github.com/kedacore/keda/v2/pkg/scalers.(*azureServiceBusScaler).getServiceBusAdminClient
	/workspace/pkg/scalers/azure_servicebus_scaler.go:265
github.com/kedacore/keda/v2/pkg/scalers.(*azureServiceBusScaler).getAzureServiceBusLength
	/workspace/pkg/scalers/azure_servicebus_scaler.go:233
github.com/kedacore/keda/v2/pkg/scalers.(*azureServiceBusScaler).GetMetricsAndActivity
	/workspace/pkg/scalers/azure_servicebus_scaler.go:218
github.com/kedacore/keda/v2/pkg/scaling/cache.(*ScalersCache).GetMetricsAndActivityForScaler
	/workspace/pkg/scaling/cache/scalers_cache.go:164
github.com/kedacore/keda/v2/pkg/scaling.(*scaleHandler).GetScaledObjectMetrics.func1
	/workspace/pkg/scaling/scale_handler.go:585
2026-03-04T18:54:08Z	ERROR	azure_servicebus_scaler	error getting service bus entity length	{"type": "ScaledObject", "namespace": "3pull", "name": "r-3pull-worker-sample-wait-blob", "error": "sources must contain at least one TokenCredential"}
github.com/kedacore/keda/v2/pkg/scalers.(*azureServiceBusScaler).GetMetricsAndActivity
	/workspace/pkg/scalers/azure_servicebus_scaler.go:221
github.com/kedacore/keda/v2/pkg/scaling/cache.(*ScalersCache).GetMetricsAndActivityForScaler
	/workspace/pkg/scaling/cache/scalers_cache.go:164
github.com/kedacore/keda/v2/pkg/scaling.(*scaleHandler).GetScaledObjectMetrics.func1
	/workspace/pkg/scaling/scale_handler.go:585
2026-03-04T18:54:08Z	ERROR	scale_handler	error getting metric for trigger	{"scaledObject.Namespace": "3pull", "scaledObject.Name": "r-3pull-worker-sample-wait-blob", "trigger": "azureServiceBusScaler", "error": "sources must contain at least one TokenCredential"}
github.com/kedacore/keda/v2/pkg/scaling.(*scaleHandler).processMetricsWithFallback
	/workspace/pkg/scaling/scale_handler.go:460
github.com/kedacore/keda/v2/pkg/scaling.(*scaleHandler).GetScaledObjectMetrics.func1
	/workspace/pkg/scaling/scale_handler.go:593
2026-03-04T18:54:08Z	ERROR	azure_servicebus_scaler	error starting azure workload-identity token provider	{"type": "ScaledObject", "namespace": "3pull", "name": "r-3pull-worker-auth-audit-export", "error": "no client ID specified. Check pod configuration or set ClientID in the options"}
github.com/kedacore/keda/v2/pkg/scalers/azure.NewChainedCredential
	/workspace/pkg/scalers/azure/azure_azidentity_chain.go:33
github.com/kedacore/keda/v2/pkg/scalers.(*azureServiceBusScaler).getServiceBusAdminClient
	/workspace/pkg/scalers/azure_servicebus_scaler.go:265
github.com/kedacore/keda/v2/pkg/scalers.(*azureServiceBusScaler).getAzureServiceBusLength
	/workspace/pkg/scalers/azure_servicebus_scaler.go:233
github.com/kedacore/keda/v2/pkg/scalers.(*azureServiceBusScaler).GetMetricsAndActivity
	/workspace/pkg/scalers/azure_servicebus_scaler.go:218
github.com/kedacore/keda/v2/pkg/scaling/cache.(*ScalersCache).GetMetricsAndActivityForScaler
	/workspace/pkg/scaling/cache/scalers_cache.go:154
github.com/kedacore/keda/v2/pkg/scaling.(*scaleHandler).GetScaledObjectMetrics.func1
	/workspace/pkg/scaling/scale_handler.go:585
2026-03-04T18:54:08Z	ERROR	azure_servicebus_scaler	error getting service bus entity length	{"type": "ScaledObject", "namespace": "3pull", "name": "r-3pull-worker-auth-audit-export", "error": "sources must contain at least one TokenCredential"}
github.com/kedacore/keda/v2/pkg/scalers.(*azureServiceBusScaler).GetMetricsAndActivity
	/workspace/pkg/scalers/azure_servicebus_scaler.go:221
github.com/kedacore/keda/v2/pkg/scaling/cache.(*ScalersCache).GetMetricsAndActivityForScaler
	/workspace/pkg/scaling/cache/scalers_cache.go:154
github.com/kedacore/keda/v2/pkg/scaling.(*scaleHandler).GetScaledObjectMetrics.func1
	/workspace/pkg/scaling/scale_handler.go:585
2026-03-04T18:54:08Z	ERROR	azure_servicebus_scaler	error starting azure workload-identity token provider	{"type": "ScaledObject", "namespace": "3pull", "name": "r-3pull-worker-auth-audit-export", "error": "no client ID specified. Check pod configuration or set ClientID in the options"}
github.com/kedacore/keda/v2/pkg/scalers/azure.NewChainedCredential
	/workspace/pkg/scalers/azure/azure_azidentity_chain.go:33
github.com/kedacore/keda/v2/pkg/scalers.(*azureServiceBusScaler).getServiceBusAdminClient
	/workspace/pkg/scalers/azure_servicebus_scaler.go:265
github.com/kedacore/keda/v2/pkg/scalers.(*azureServiceBusScaler).getAzureServiceBusLength
	/workspace/pkg/scalers/azure_servicebus_scaler.go:233
github.com/kedacore/keda/v2/pkg/scalers.(*azureServiceBusScaler).GetMetricsAndActivity
	/workspace/pkg/scalers/azure_servicebus_scaler.go:218
github.com/kedacore/keda/v2/pkg/scaling/cache.(*ScalersCache).GetMetricsAndActivityForScaler
	/workspace/pkg/scaling/cache/scalers_cache.go:164
github.com/kedacore/keda/v2/pkg/scaling.(*scaleHandler).GetScaledObjectMetrics.func1
	/workspace/pkg/scaling/scale_handler.go:585
2026-03-04T18:54:08Z	ERROR	azure_servicebus_scaler	error getting service bus entity length	{"type": "ScaledObject", "namespace": "3pull", "name": "r-3pull-worker-auth-audit-export", "error": "sources must contain at least one TokenCredential"}
github.com/kedacore/keda/v2/pkg/scalers.(*azureServiceBusScaler).GetMetricsAndActivity
	/workspace/pkg/scalers/azure_servicebus_scaler.go:221
github.com/kedacore/keda/v2/pkg/scaling/cache.(*ScalersCache).GetMetricsAndActivityForScaler
	/workspace/pkg/scaling/cache/scalers_cache.go:164
github.com/kedacore/keda/v2/pkg/scaling.(*scaleHandler).GetScaledObjectMetrics.func1
	/workspace/pkg/scaling/scale_handler.go:585
2026-03-04T18:54:08Z	ERROR	scale_handler	error getting metric for trigger	{"scaledObject.Namespace": "3pull", "scaledObject.Name": "r-3pull-worker-auth-audit-export", "trigger": "azureServiceBusScaler", "error": "sources must contain at least one TokenCredential"}
github.com/kedacore/keda/v2/pkg/scaling.(*scaleHandler).processMetricsWithFallback
	/workspace/pkg/scaling/scale_handler.go:460
github.com/kedacore/keda/v2/pkg/scaling.(*scaleHandler).GetScaledObjectMetrics.func1
	/workspace/pkg/scaling/scale_handler.go:593
2026-03-04T18:54:21Z	ERROR	azure_servicebus_scaler	error starting azure workload-identity token provider	{"type": "ScaledObject", "namespace": "3pull", "name": "r-3pull-worker-auth-audit-export", "error": "no client ID specified. Check pod configuration or set ClientID in the options"}
github.com/kedacore/keda/v2/pkg/scalers/azure.NewChainedCredential
	/workspace/pkg/scalers/azure/azure_azidentity_chain.go:33
github.com/kedacore/keda/v2/pkg/scalers.(*azureServiceBusScaler).getServiceBusAdminClient
	/workspace/pkg/scalers/azure_servicebus_scaler.go:265
github.com/kedacore/keda/v2/pkg/scalers.(*azureServiceBusScaler).getAzureServiceBusLength
	/workspace/pkg/scalers/azure_servicebus_scaler.go:233
github.com/kedacore/keda/v2/pkg/scalers.(*azureServiceBusScaler).GetMetricsAndActivity
	/workspace/pkg/scalers/azure_servicebus_scaler.go:218
github.com/kedacore/keda/v2/pkg/scaling/cache.(*ScalersCache).GetMetricsAndActivityForScaler
	/workspace/pkg/scaling/cache/scalers_cache.go:154
github.com/kedacore/keda/v2/pkg/scaling.(*scaleHandler).getScalerState
	/workspace/pkg/scaling/scale_handler.go:837
github.com/kedacore/keda/v2/pkg/scaling.(*scaleHandler).getScaledObjectState.func1
	/workspace/pkg/scaling/scale_handler.go:714
2026-03-04T18:54:21Z	ERROR	azure_servicebus_scaler	error getting service bus entity length	{"type": "ScaledObject", "namespace": "3pull", "name": "r-3pull-worker-auth-audit-export", "error": "sources must contain at least one TokenCredential"}
github.com/kedacore/keda/v2/pkg/scalers.(*azureServiceBusScaler).GetMetricsAndActivity
	/workspace/pkg/scalers/azure_servicebus_scaler.go:221
github.com/kedacore/keda/v2/pkg/scaling/cache.(*ScalersCache).GetMetricsAndActivityForScaler
	/workspace/pkg/scaling/cache/scalers_cache.go:154
github.com/kedacore/keda/v2/pkg/scaling.(*scaleHandler).getScalerState
	/workspace/pkg/scaling/scale_handler.go:837
github.com/kedacore/keda/v2/pkg/scaling.(*scaleHandler).getScaledObjectState.func1
	/workspace/pkg/scaling/scale_handler.go:714
2026-03-04T18:54:21Z	ERROR	azure_servicebus_scaler	error starting azure workload-identity token provider	{"type": "ScaledObject", "namespace": "3pull", "name": "r-3pull-worker-auth-audit-export", "error": "no client ID specified. Check pod configuration or set ClientID in the options"}
github.com/kedacore/keda/v2/pkg/scalers/azure.NewChainedCredential
	/workspace/pkg/scalers/azure/azure_azidentity_chain.go:33
github.com/kedacore/keda/v2/pkg/scalers.(*azureServiceBusScaler).getServiceBusAdminClient
	/workspace/pkg/scalers/azure_servicebus_scaler.go:265
github.com/kedacore/keda/v2/pkg/scalers.(*azureServiceBusScaler).getAzureServiceBusLength
	/workspace/pkg/scalers/azure_servicebus_scaler.go:233
github.com/kedacore/keda/v2/pkg/scalers.(*azureServiceBusScaler).GetMetricsAndActivity
	/workspace/pkg/scalers/azure_servicebus_scaler.go:218
github.com/kedacore/keda/v2/pkg/scaling/cache.(*ScalersCache).GetMetricsAndActivityForScaler
	/workspace/pkg/scaling/cache/scalers_cache.go:164
github.com/kedacore/keda/v2/pkg/scaling.(*scaleHandler).getScalerState
	/workspace/pkg/scaling/scale_handler.go:837
github.com/kedacore/keda/v2/pkg/scaling.(*scaleHandler).getScaledObjectState.func1
	/workspace/pkg/scaling/scale_handler.go:714
2026-03-04T18:54:21Z	ERROR	azure_servicebus_scaler	error getting service bus entity length	{"type": "ScaledObject", "namespace": "3pull", "name": "r-3pull-worker-auth-audit-export", "error": "sources must contain at least one TokenCredential"}
github.com/kedacore/keda/v2/pkg/scalers.(*azureServiceBusScaler).GetMetricsAndActivity
	/workspace/pkg/scalers/azure_servicebus_scaler.go:221
github.com/kedacore/keda/v2/pkg/scaling/cache.(*ScalersCache).GetMetricsAndActivityForScaler
	/workspace/pkg/scaling/cache/scalers_cache.go:164
github.com/kedacore/keda/v2/pkg/scaling.(*scaleHandler).getScalerState
	/workspace/pkg/scaling/scale_handler.go:837
github.com/kedacore/keda/v2/pkg/scaling.(*scaleHandler).getScaledObjectState.func1
	/workspace/pkg/scaling/scale_handler.go:714
2026-03-04T18:54:21Z	ERROR	scale_handler	error getting metric for trigger	{"scaledObject.Namespace": "3pull", "scaledObject.Name": "r-3pull-worker-auth-audit-export", "trigger": "azureServiceBusScaler", "error": "sources must contain at least one TokenCredential"}
github.com/kedacore/keda/v2/pkg/scaling.(*scaleHandler).processMetricsWithFallback
	/workspace/pkg/scaling/scale_handler.go:460
github.com/kedacore/keda/v2/pkg/scaling.(*scaleHandler).getScalerState
	/workspace/pkg/scaling/scale_handler.go:845
github.com/kedacore/keda/v2/pkg/scaling.(*scaleHandler).getScaledObjectState.func1
	/workspace/pkg/scaling/scale_handler.go:714
2026-03-04T18:54:21Z	ERROR	scale_handler	error getting scale decision	{"scaledObject.Namespace": "3pull", "scaledObject.Name": "r-3pull-worker-auth-audit-export", "scaler": "azureServiceBusScaler", "error": "sources must contain at least one TokenCredential"}
github.com/kedacore/keda/v2/pkg/scaling.(*scaleHandler).getScalerState
	/workspace/pkg/scaling/scale_handler.go:872
github.com/kedacore/keda/v2/pkg/scaling.(*scaleHandler).getScaledObjectState.func1
	/workspace/pkg/scaling/scale_handler.go:714
2026-03-04T18:54:21Z	ERROR	azure_servicebus_scaler	error starting azure workload-identity token provider	{"type": "ScaledObject", "namespace": "3pull", "name": "r-3pull-worker-sample-wait-blob", "error": "no client ID specified. Check pod configuration or set ClientID in the options"}
github.com/kedacore/keda/v2/pkg/scalers/azure.NewChainedCredential
	/workspace/pkg/scalers/azure/azure_azidentity_chain.go:33
github.com/kedacore/keda/v2/pkg/scalers.(*azureServiceBusScaler).getServiceBusAdminClient
	/workspace/pkg/scalers/azure_servicebus_scaler.go:265
github.com/kedacore/keda/v2/pkg/scalers.(*azureServiceBusScaler).getAzureServiceBusLength
	/workspace/pkg/scalers/azure_servicebus_scaler.go:233
github.com/kedacore/keda/v2/pkg/scalers.(*azureServiceBusScaler).GetMetricsAndActivity
	/workspace/pkg/scalers/azure_servicebus_scaler.go:218
github.com/kedacore/keda/v2/pkg/scaling/cache.(*ScalersCache).GetMetricsAndActivityForScaler
	/workspace/pkg/scaling/cache/scalers_cache.go:154
github.com/kedacore/keda/v2/pkg/scaling.(*scaleHandler).getScalerState
	/workspace/pkg/scaling/scale_handler.go:837
github.com/kedacore/keda/v2/pkg/scaling.(*scaleHandler).getScaledObjectState.func1
	/workspace/pkg/scaling/scale_handler.go:714
2026-03-04T18:54:21Z	ERROR	azure_servicebus_scaler	error getting service bus entity length	{"type": "ScaledObject", "namespace": "3pull", "name": "r-3pull-worker-sample-wait-blob", "error": "sources must contain at least one TokenCredential"}
github.com/kedacore/keda/v2/pkg/scalers.(*azureServiceBusScaler).GetMetricsAndActivity
	/workspace/pkg/scalers/azure_servicebus_scaler.go:221
github.com/kedacore/keda/v2/pkg/scaling/cache.(*ScalersCache).GetMetricsAndActivityForScaler
	/workspace/pkg/scaling/cache/scalers_cache.go:154
github.com/kedacore/keda/v2/pkg/scaling.(*scaleHandler).getScalerState
	/workspace/pkg/scaling/scale_handler.go:837
github.com/kedacore/keda/v2/pkg/scaling.(*scaleHandler).getScaledObjectState.func1
	/workspace/pkg/scaling/scale_handler.go:714
2026-03-04T18:54:21Z	ERROR	azure_servicebus_scaler	error starting azure workload-identity token provider	{"type": "ScaledObject", "namespace": "3pull", "name": "r-3pull-worker-sample-wait-blob", "error": "no client ID specified. Check pod configuration or set ClientID in the options"}
github.com/kedacore/keda/v2/pkg/scalers/azure.NewChainedCredential
	/workspace/pkg/scalers/azure/azure_azidentity_chain.go:33
github.com/kedacore/keda/v2/pkg/scalers.(*azureServiceBusScaler).getServiceBusAdminClient
	/workspace/pkg/scalers/azure_servicebus_scaler.go:265
github.com/kedacore/keda/v2/pkg/scalers.(*azureServiceBusScaler).getAzureServiceBusLength
	/workspace/pkg/scalers/azure_servicebus_scaler.go:233
github.com/kedacore/keda/v2/pkg/scalers.(*azureServiceBusScaler).GetMetricsAndActivity
	/workspace/pkg/scalers/azure_servicebus_scaler.go:218
github.com/kedacore/keda/v2/pkg/scaling/cache.(*ScalersCache).GetMetricsAndActivityForScaler
	/workspace/pkg/scaling/cache/scalers_cache.go:164
github.com/kedacore/keda/v2/pkg/scaling.(*scaleHandler).getScalerState
	/workspace/pkg/scaling/scale_handler.go:837
github.com/kedacore/keda/v2/pkg/scaling.(*scaleHandler).getScaledObjectState.func1
	/workspace/pkg/scaling/scale_handler.go:714
2026-03-04T18:54:21Z	ERROR	azure_servicebus_scaler	error getting service bus entity length	{"type": "ScaledObject", "namespace": "3pull", "name": "r-3pull-worker-sample-wait-blob", "error": "sources must contain at least one TokenCredential"}
github.com/kedacore/keda/v2/pkg/scalers.(*azureServiceBusScaler).GetMetricsAndActivity
	/workspace/pkg/scalers/azure_servicebus_scaler.go:221
github.com/kedacore/keda/v2/pkg/scaling/cache.(*ScalersCache).GetMetricsAndActivityForScaler
	/workspace/pkg/scaling/cache/scalers_cache.go:164
github.com/kedacore/keda/v2/pkg/scaling.(*scaleHandler).getScalerState
	/workspace/pkg/scaling/scale_handler.go:837
github.com/kedacore/keda/v2/pkg/scaling.(*scaleHandler).getScaledObjectState.func1
	/workspace/pkg/scaling/scale_handler.go:714
2026-03-04T18:54:21Z	ERROR	scale_handler	error getting metric for trigger	{"scaledObject.Namespace": "3pull", "scaledObject.Name": "r-3pull-worker-sample-wait-blob", "trigger": "azureServiceBusScaler", "error": "sources must contain at least one TokenCredential"}
github.com/kedacore/keda/v2/pkg/scaling.(*scaleHandler).processMetricsWithFallback
	/workspace/pkg/scaling/scale_handler.go:460
github.com/kedacore/keda/v2/pkg/scaling.(*scaleHandler).getScalerState
	/workspace/pkg/scaling/scale_handler.go:845
github.com/kedacore/keda/v2/pkg/scaling.(*scaleHandler).getScaledObjectState.func1
	/workspace/pkg/scaling/scale_handler.go:714
2026-03-04T18:54:21Z	ERROR	scale_handler	error getting scale decision	{"scaledObject.Namespace": "3pull", "scaledObject.Name": "r-3pull-worker-sample-wait-blob", "scaler": "azureServiceBusScaler", "error": "sources must contain at least one TokenCredential"}
github.com/kedacore/keda/v2/pkg/scaling.(*scaleHandler).getScalerState
	/workspace/pkg/scaling/scale_handler.go:872
github.com/kedacore/keda/v2/pkg/scaling.(*scaleHandler).getScaledObjectState.func1
	/workspace/pkg/scaling/scale_handler.go:714
2026-03-04T18:54:23Z	ERROR	azure_servicebus_scaler	error starting azure workload-identity token provider	{"type": "ScaledObject", "namespace": "3pull", "name": "r-3pull-worker-sample-wait-blob", "error": "no client ID specified. Check pod configuration or set ClientID in the options"}
github.com/kedacore/keda/v2/pkg/scalers/azure.NewChainedCredential
	/workspace/pkg/scalers/azure/azure_azidentity_chain.go:33
github.com/kedacore/keda/v2/pkg/scalers.(*azureServiceBusScaler).getServiceBusAdminClient
	/workspace/pkg/scalers/azure_servicebus_scaler.go:265
github.com/kedacore/keda/v2/pkg/scalers.(*azureServiceBusScaler).getAzureServiceBusLength
	/workspace/pkg/scalers/azure_servicebus_scaler.go:233
github.com/kedacore/keda/v2/pkg/scalers.(*azureServiceBusScaler).GetMetricsAndActivity
	/workspace/pkg/scalers/azure_servicebus_scaler.go:218
github.com/kedacore/keda/v2/pkg/scaling/cache.(*ScalersCache).GetMetricsAndActivityForScaler
	/workspace/pkg/scaling/cache/scalers_cache.go:154
github.com/kedacore/keda/v2/pkg/scaling.(*scaleHandler).GetScaledObjectMetrics.func1
	/workspace/pkg/scaling/scale_handler.go:585
2026-03-04T18:54:23Z	ERROR	azure_servicebus_scaler	error getting service bus entity length	{"type": "ScaledObject", "namespace": "3pull", "name": "r-3pull-worker-sample-wait-blob", "error": "sources must contain at least one TokenCredential"}
github.com/kedacore/keda/v2/pkg/scalers.(*azureServiceBusScaler).GetMetricsAndActivity
	/workspace/pkg/scalers/azure_servicebus_scaler.go:221
github.com/kedacore/keda/v2/pkg/scaling/cache.(*ScalersCache).GetMetricsAndActivityForScaler
	/workspace/pkg/scaling/cache/scalers_cache.go:154
github.com/kedacore/keda/v2/pkg/scaling.(*scaleHandler).GetScaledObjectMetrics.func1
	/workspace/pkg/scaling/scale_handler.go:585
2026-03-04T18:54:23Z	ERROR	azure_servicebus_scaler	error starting azure workload-identity token provider	{"type": "ScaledObject", "namespace": "3pull", "name": "r-3pull-worker-sample-wait-blob", "error": "no client ID specified. Check pod configuration or set ClientID in the options"}
github.com/kedacore/keda/v2/pkg/scalers/azure.NewChainedCredential
	/workspace/pkg/scalers/azure/azure_azidentity_chain.go:33
github.com/kedacore/keda/v2/pkg/scalers.(*azureServiceBusScaler).getServiceBusAdminClient
	/workspace/pkg/scalers/azure_servicebus_scaler.go:265
github.com/kedacore/keda/v2/pkg/scalers.(*azureServiceBusScaler).getAzureServiceBusLength
	/workspace/pkg/scalers/azure_servicebus_scaler.go:233
github.com/kedacore/keda/v2/pkg/scalers.(*azureServiceBusScaler).GetMetricsAndActivity
	/workspace/pkg/scalers/azure_servicebus_scaler.go:218
github.com/kedacore/keda/v2/pkg/scaling/cache.(*ScalersCache).GetMetricsAndActivityForScaler
	/workspace/pkg/scaling/cache/scalers_cache.go:164
github.com/kedacore/keda/v2/pkg/scaling.(*scaleHandler).GetScaledObjectMetrics.func1
	/workspace/pkg/scaling/scale_handler.go:585
2026-03-04T18:54:23Z	ERROR	azure_servicebus_scaler	error getting service bus entity length	{"type": "ScaledObject", "namespace": "3pull", "name": "r-3pull-worker-sample-wait-blob", "error": "sources must contain at least one TokenCredential"}
github.com/kedacore/keda/v2/pkg/scalers.(*azureServiceBusScaler).GetMetricsAndActivity
	/workspace/pkg/scalers/azure_servicebus_scaler.go:221
github.com/kedacore/keda/v2/pkg/scaling/cache.(*ScalersCache).GetMetricsAndActivityForScaler
	/workspace/pkg/scaling/cache/scalers_cache.go:164
github.com/kedacore/keda/v2/pkg/scaling.(*scaleHandler).GetScaledObjectMetrics.func1
	/workspace/pkg/scaling/scale_handler.go:585
2026-03-04T18:54:23Z	ERROR	scale_handler	error getting metric for trigger	{"scaledObject.Namespace": "3pull", "scaledObject.Name": "r-3pull-worker-sample-wait-blob", "trigger": "azureServiceBusScaler", "error": "sources must contain at least one TokenCredential"}
github.com/kedacore/keda/v2/pkg/scaling.(*scaleHandler).processMetricsWithFallback
	/workspace/pkg/scaling/scale_handler.go:460
github.com/kedacore/keda/v2/pkg/scaling.(*scaleHandler).GetScaledObjectMetrics.func1
	/workspace/pkg/scaling/scale_handler.go:593
2026-03-04T18:54:23Z	ERROR	azure_servicebus_scaler	error starting azure workload-identity token provider	{"type": "ScaledObject", "namespace": "3pull", "name": "r-3pull-worker-auth-audit-export", "error": "no client ID specified. Check pod configuration or set ClientID in the options"}
github.com/kedacore/keda/v2/pkg/scalers/azure.NewChainedCredential
	/workspace/pkg/scalers/azure/azure_azidentity_chain.go:33
github.com/kedacore/keda/v2/pkg/scalers.(*azureServiceBusScaler).getServiceBusAdminClient
	/workspace/pkg/scalers/azure_servicebus_scaler.go:265
github.com/kedacore/keda/v2/pkg/scalers.(*azureServiceBusScaler).getAzureServiceBusLength
	/workspace/pkg/scalers/azure_servicebus_scaler.go:233
github.com/kedacore/keda/v2/pkg/scalers.(*azureServiceBusScaler).GetMetricsAndActivity
	/workspace/pkg/scalers/azure_servicebus_scaler.go:218
github.com/kedacore/keda/v2/pkg/scaling/cache.(*ScalersCache).GetMetricsAndActivityForScaler
	/workspace/pkg/scaling/cache/scalers_cache.go:154
github.com/kedacore/keda/v2/pkg/scaling.(*scaleHandler).GetScaledObjectMetrics.func1
	/workspace/pkg/scaling/scale_handler.go:585
2026-03-04T18:54:23Z	ERROR	azure_servicebus_scaler	error getting service bus entity length	{"type": "ScaledObject", "namespace": "3pull", "name": "r-3pull-worker-auth-audit-export", "error": "sources must contain at least one TokenCredential"}
github.com/kedacore/keda/v2/pkg/scalers.(*azureServiceBusScaler).GetMetricsAndActivity
	/workspace/pkg/scalers/azure_servicebus_scaler.go:221
github.com/kedacore/keda/v2/pkg/scaling/cache.(*ScalersCache).GetMetricsAndActivityForScaler
	/workspace/pkg/scaling/cache/scalers_cache.go:154
github.com/kedacore/keda/v2/pkg/scaling.(*scaleHandler).GetScaledObjectMetrics.func1
	/workspace/pkg/scaling/scale_handler.go:585
2026-03-04T18:54:23Z	ERROR	azure_servicebus_scaler	error starting azure workload-identity token provider	{"type": "ScaledObject", "namespace": "3pull", "name": "r-3pull-worker-auth-audit-export", "error": "no client ID specified. Check pod configuration or set ClientID in the options"}
github.com/kedacore/keda/v2/pkg/scalers/azure.NewChainedCredential
	/workspace/pkg/scalers/azure/azure_azidentity_chain.go:33
github.com/kedacore/keda/v2/pkg/scalers.(*azureServiceBusScaler).getServiceBusAdminClient
	/workspace/pkg/scalers/azure_servicebus_scaler.go:265
github.com/kedacore/keda/v2/pkg/scalers.(*azureServiceBusScaler).getAzureServiceBusLength
	/workspace/pkg/scalers/azure_servicebus_scaler.go:233
github.com/kedacore/keda/v2/pkg/scalers.(*azureServiceBusScaler).GetMetricsAndActivity
	/workspace/pkg/scalers/azure_servicebus_scaler.go:218
github.com/kedacore/keda/v2/pkg/scaling/cache.(*ScalersCache).GetMetricsAndActivityForScaler
	/workspace/pkg/scaling/cache/scalers_cache.go:164
github.com/kedacore/keda/v2/pkg/scaling.(*scaleHandler).GetScaledObjectMetrics.func1
	/workspace/pkg/scaling/scale_handler.go:585
2026-03-04T18:54:23Z	ERROR	azure_servicebus_scaler	error getting service bus entity length	{"type": "ScaledObject", "namespace": "3pull", "name": "r-3pull-worker-auth-audit-export", "error": "sources must contain at least one TokenCredential"}
github.com/kedacore/keda/v2/pkg/scalers.(*azureServiceBusScaler).GetMetricsAndActivity
	/workspace/pkg/scalers/azure_servicebus_scaler.go:221
github.com/kedacore/keda/v2/pkg/scaling/cache.(*ScalersCache).GetMetricsAndActivityForScaler
	/workspace/pkg/scaling/cache/scalers_cache.go:164
github.com/kedacore/keda/v2/pkg/scaling.(*scaleHandler).GetScaledObjectMetrics.func1
	/workspace/pkg/scaling/scale_handler.go:585
2026-03-04T18:54:23Z	ERROR	scale_handler	error getting metric for trigger	{"scaledObject.Namespace": "3pull", "scaledObject.Name": "r-3pull-worker-auth-audit-export", "trigger": "azureServiceBusScaler", "error": "sources must contain at least one TokenCredential"}
github.com/kedacore/keda/v2/pkg/scaling.(*scaleHandler).processMetricsWithFallback
	/workspace/pkg/scaling/scale_handler.go:460
github.com/kedacore/keda/v2/pkg/scaling.(*scaleHandler).GetScaledObjectMetrics.func1
	/workspace/pkg/scaling/scale_handler.go:593
2026-03-04T18:54:38Z	ERROR	azure_servicebus_scaler	error starting azure workload-identity token provider	{"type": "ScaledObject", "namespace": "3pull", "name": "r-3pull-worker-sample-wait-blob", "error": "no client ID specified. Check pod configuration or set ClientID in the options"}
github.com/kedacore/keda/v2/pkg/scalers/azure.NewChainedCredential
	/workspace/pkg/scalers/azure/azure_azidentity_chain.go:33
github.com/kedacore/keda/v2/pkg/scalers.(*azureServiceBusScaler).getServiceBusAdminClient
	/workspace/pkg/scalers/azure_servicebus_scaler.go:265
github.com/kedacore/keda/v2/pkg/scalers.(*azureServiceBusScaler).getAzureServiceBusLength
	/workspace/pkg/scalers/azure_servicebus_scaler.go:233
github.com/kedacore/keda/v2/pkg/scalers.(*azureServiceBusScaler).GetMetricsAndActivity
	/workspace/pkg/scalers/azure_servicebus_scaler.go:218
github.com/kedacore/keda/v2/pkg/scaling/cache.(*ScalersCache).GetMetricsAndActivityForScaler
	/workspace/pkg/scaling/cache/scalers_cache.go:154
github.com/kedacore/keda/v2/pkg/scaling.(*scaleHandler).GetScaledObjectMetrics.func1
	/workspace/pkg/scaling/scale_handler.go:585
2026-03-04T18:54:38Z	ERROR	azure_servicebus_scaler	error getting service bus entity length	{"type": "ScaledObject", "namespace": "3pull", "name": "r-3pull-worker-sample-wait-blob", "error": "sources must contain at least one TokenCredential"}
github.com/kedacore/keda/v2/pkg/scalers.(*azureServiceBusScaler).GetMetricsAndActivity
	/workspace/pkg/scalers/azure_servicebus_scaler.go:221
github.com/kedacore/keda/v2/pkg/scaling/cache.(*ScalersCache).GetMetricsAndActivityForScaler
	/workspace/pkg/scaling/cache/scalers_cache.go:154
github.com/kedacore/keda/v2/pkg/scaling.(*scaleHandler).GetScaledObjectMetrics.func1
	/workspace/pkg/scaling/scale_handler.go:585
2026-03-04T18:54:38Z	ERROR	azure_servicebus_scaler	error starting azure workload-identity token provider	{"type": "ScaledObject", "namespace": "3pull", "name": "r-3pull-worker-sample-wait-blob", "error": "no client ID specified. Check pod configuration or set ClientID in the options"}
github.com/kedacore/keda/v2/pkg/scalers/azure.NewChainedCredential
	/workspace/pkg/scalers/azure/azure_azidentity_chain.go:33
github.com/kedacore/keda/v2/pkg/scalers.(*azureServiceBusScaler).getServiceBusAdminClient
	/workspace/pkg/scalers/azure_servicebus_scaler.go:265
github.com/kedacore/keda/v2/pkg/scalers.(*azureServiceBusScaler).getAzureServiceBusLength
	/workspace/pkg/scalers/azure_servicebus_scaler.go:233
github.com/kedacore/keda/v2/pkg/scalers.(*azureServiceBusScaler).GetMetricsAndActivity
	/workspace/pkg/scalers/azure_servicebus_scaler.go:218
github.com/kedacore/keda/v2/pkg/scaling/cache.(*ScalersCache).GetMetricsAndActivityForScaler
	/workspace/pkg/scaling/cache/scalers_cache.go:164
github.com/kedacore/keda/v2/pkg/scaling.(*scaleHandler).GetScaledObjectMetrics.func1
	/workspace/pkg/scaling/scale_handler.go:585
2026-03-04T18:54:38Z	ERROR	azure_servicebus_scaler	error getting service bus entity length	{"type": "ScaledObject", "namespace": "3pull", "name": "r-3pull-worker-sample-wait-blob", "error": "sources must contain at least one TokenCredential"}
github.com/kedacore/keda/v2/pkg/scalers.(*azureServiceBusScaler).GetMetricsAndActivity
	/workspace/pkg/scalers/azure_servicebus_scaler.go:221
github.com/kedacore/keda/v2/pkg/scaling/cache.(*ScalersCache).GetMetricsAndActivityForScaler
	/workspace/pkg/scaling/cache/scalers_cache.go:164
github.com/kedacore/keda/v2/pkg/scaling.(*scaleHandler).GetScaledObjectMetrics.func1
	/workspace/pkg/scaling/scale_handler.go:585
2026-03-04T18:54:38Z	ERROR	scale_handler	error getting metric for trigger	{"scaledObject.Namespace": "3pull", "scaledObject.Name": "r-3pull-worker-sample-wait-blob", "trigger": "azureServiceBusScaler", "error": "sources must contain at least one TokenCredential"}
github.com/kedacore/keda/v2/pkg/scaling.(*scaleHandler).processMetricsWithFallback
	/workspace/pkg/scaling/scale_handler.go:460
github.com/kedacore/keda/v2/pkg/scaling.(*scaleHandler).GetScaledObjectMetrics.func1
	/workspace/pkg/scaling/scale_handler.go:593
2026-03-04T18:54:38Z	ERROR	azure_servicebus_scaler	error starting azure workload-identity token provider	{"type": "ScaledObject", "namespace": "3pull", "name": "r-3pull-worker-auth-audit-export", "error": "no client ID specified. Check pod configuration or set ClientID in the options"}
github.com/kedacore/keda/v2/pkg/scalers/azure.NewChainedCredential
	/workspace/pkg/scalers/azure/azure_azidentity_chain.go:33
github.com/kedacore/keda/v2/pkg/scalers.(*azureServiceBusScaler).getServiceBusAdminClient
	/workspace/pkg/scalers/azure_servicebus_scaler.go:265
github.com/kedacore/keda/v2/pkg/scalers.(*azureServiceBusScaler).getAzureServiceBusLength
	/workspace/pkg/scalers/azure_servicebus_scaler.go:233
github.com/kedacore/keda/v2/pkg/scalers.(*azureServiceBusScaler).GetMetricsAndActivity
	/workspace/pkg/scalers/azure_servicebus_scaler.go:218
github.com/kedacore/keda/v2/pkg/scaling/cache.(*ScalersCache).GetMetricsAndActivityForScaler
	/workspace/pkg/scaling/cache/scalers_cache.go:154
github.com/kedacore/keda/v2/pkg/scaling.(*scaleHandler).GetScaledObjectMetrics.func1
	/workspace/pkg/scaling/scale_handler.go:585
2026-03-04T18:54:38Z	ERROR	azure_servicebus_scaler	error getting service bus entity length	{"type": "ScaledObject", "namespace": "3pull", "name": "r-3pull-worker-auth-audit-export", "error": "sources must contain at least one TokenCredential"}
github.com/kedacore/keda/v2/pkg/scalers.(*azureServiceBusScaler).GetMetricsAndActivity
	/workspace/pkg/scalers/azure_servicebus_scaler.go:221
github.com/kedacore/keda/v2/pkg/scaling/cache.(*ScalersCache).GetMetricsAndActivityForScaler
	/workspace/pkg/scaling/cache/scalers_cache.go:154
github.com/kedacore/keda/v2/pkg/scaling.(*scaleHandler).GetScaledObjectMetrics.func1
	/workspace/pkg/scaling/scale_handler.go:585
2026-03-04T18:54:38Z	ERROR	azure_servicebus_scaler	error starting azure workload-identity token provider	{"type": "ScaledObject", "namespace": "3pull", "name": "r-3pull-worker-auth-audit-export", "error": "no client ID specified. Check pod configuration or set ClientID in the options"}
github.com/kedacore/keda/v2/pkg/scalers/azure.NewChainedCredential
	/workspace/pkg/scalers/azure/azure_azidentity_chain.go:33
github.com/kedacore/keda/v2/pkg/scalers.(*azureServiceBusScaler).getServiceBusAdminClient
	/workspace/pkg/scalers/azure_servicebus_scaler.go:265
github.com/kedacore/keda/v2/pkg/scalers.(*azureServiceBusScaler).getAzureServiceBusLength
	/workspace/pkg/scalers/azure_servicebus_scaler.go:233
github.com/kedacore/keda/v2/pkg/scalers.(*azureServiceBusScaler).GetMetricsAndActivity
	/workspace/pkg/scalers/azure_servicebus_scaler.go:218
github.com/kedacore/keda/v2/pkg/scaling/cache.(*ScalersCache).GetMetricsAndActivityForScaler
	/workspace/pkg/scaling/cache/scalers_cache.go:164
github.com/kedacore/keda/v2/pkg/scaling.(*scaleHandler).GetScaledObjectMetrics.func1
	/workspace/pkg/scaling/scale_handler.go:585
2026-03-04T18:54:38Z	ERROR	azure_servicebus_scaler	error getting service bus entity length	{"type": "ScaledObject", "namespace": "3pull", "name": "r-3pull-worker-auth-audit-export", "error": "sources must contain at least one TokenCredential"}
github.com/kedacore/keda/v2/pkg/scalers.(*azureServiceBusScaler).GetMetricsAndActivity
	/workspace/pkg/scalers/azure_servicebus_scaler.go:221
github.com/kedacore/keda/v2/pkg/scaling/cache.(*ScalersCache).GetMetricsAndActivityForScaler
	/workspace/pkg/scaling/cache/scalers_cache.go:164
github.com/kedacore/keda/v2/pkg/scaling.(*scaleHandler).GetScaledObjectMetrics.func1
	/workspace/pkg/scaling/scale_handler.go:585
2026-03-04T18:54:38Z	ERROR	scale_handler	error getting metric for trigger	{"scaledObject.Namespace": "3pull", "scaledObject.Name": "r-3pull-worker-auth-audit-export", "trigger": "azureServiceBusScaler", "error": "sources must contain at least one TokenCredential"}
github.com/kedacore/keda/v2/pkg/scaling.(*scaleHandler).processMetricsWithFallback
	/workspace/pkg/scaling/scale_handler.go:460
github.com/kedacore/keda/v2/pkg/scaling.(*scaleHandler).GetScaledObjectMetrics.func1
	/workspace/pkg/scaling/scale_handler.go:593
2026-03-04T18:54:51Z	ERROR	azure_servicebus_scaler	error starting azure workload-identity token provider	{"type": "ScaledObject", "namespace": "3pull", "name": "r-3pull-worker-auth-audit-export", "error": "no client ID specified. Check pod configuration or set ClientID in the options"}
github.com/kedacore/keda/v2/pkg/scalers/azure.NewChainedCredential
	/workspace/pkg/scalers/azure/azure_azidentity_chain.go:33
github.com/kedacore/keda/v2/pkg/scalers.(*azureServiceBusScaler).getServiceBusAdminClient
	/workspace/pkg/scalers/azure_servicebus_scaler.go:265
github.com/kedacore/keda/v2/pkg/scalers.(*azureServiceBusScaler).getAzureServiceBusLength
	/workspace/pkg/scalers/azure_servicebus_scaler.go:233
github.com/kedacore/keda/v2/pkg/scalers.(*azureServiceBusScaler).GetMetricsAndActivity
	/workspace/pkg/scalers/azure_servicebus_scaler.go:218
github.com/kedacore/keda/v2/pkg/scaling/cache.(*ScalersCache).GetMetricsAndActivityForScaler
	/workspace/pkg/scaling/cache/scalers_cache.go:154
github.com/kedacore/keda/v2/pkg/scaling.(*scaleHandler).getScalerState
	/workspace/pkg/scaling/scale_handler.go:837
github.com/kedacore/keda/v2/pkg/scaling.(*scaleHandler).getScaledObjectState.func1
	/workspace/pkg/scaling/scale_handler.go:714
2026-03-04T18:54:51Z	ERROR	azure_servicebus_scaler	error getting service bus entity length	{"type": "ScaledObject", "namespace": "3pull", "name": "r-3pull-worker-auth-audit-export", "error": "sources must contain at least one TokenCredential"}
github.com/kedacore/keda/v2/pkg/scalers.(*azureServiceBusScaler).GetMetricsAndActivity
	/workspace/pkg/scalers/azure_servicebus_scaler.go:221
github.com/kedacore/keda/v2/pkg/scaling/cache.(*ScalersCache).GetMetricsAndActivityForScaler
	/workspace/pkg/scaling/cache/scalers_cache.go:154
github.com/kedacore/keda/v2/pkg/scaling.(*scaleHandler).getScalerState
	/workspace/pkg/scaling/scale_handler.go:837
github.com/kedacore/keda/v2/pkg/scaling.(*scaleHandler).getScaledObjectState.func1
	/workspace/pkg/scaling/scale_handler.go:714
2026-03-04T18:54:51Z	ERROR	azure_servicebus_scaler	error starting azure workload-identity token provider	{"type": "ScaledObject", "namespace": "3pull", "name": "r-3pull-worker-auth-audit-export", "error": "no client ID specified. Check pod configuration or set ClientID in the options"}
github.com/kedacore/keda/v2/pkg/scalers/azure.NewChainedCredential
	/workspace/pkg/scalers/azure/azure_azidentity_chain.go:33
github.com/kedacore/keda/v2/pkg/scalers.(*azureServiceBusScaler).getServiceBusAdminClient
	/workspace/pkg/scalers/azure_servicebus_scaler.go:265
github.com/kedacore/keda/v2/pkg/scalers.(*azureServiceBusScaler).getAzureServiceBusLength
	/workspace/pkg/scalers/azure_servicebus_scaler.go:233
github.com/kedacore/keda/v2/pkg/scalers.(*azureServiceBusScaler).GetMetricsAndActivity
	/workspace/pkg/scalers/azure_servicebus_scaler.go:218
github.com/kedacore/keda/v2/pkg/scaling/cache.(*ScalersCache).GetMetricsAndActivityForScaler
	/workspace/pkg/scaling/cache/scalers_cache.go:164
github.com/kedacore/keda/v2/pkg/scaling.(*scaleHandler).getScalerState
	/workspace/pkg/scaling/scale_handler.go:837
github.com/kedacore/keda/v2/pkg/scaling.(*scaleHandler).getScaledObjectState.func1
	/workspace/pkg/scaling/scale_handler.go:714
2026-03-04T18:54:51Z	ERROR	azure_servicebus_scaler	error getting service bus entity length	{"type": "ScaledObject", "namespace": "3pull", "name": "r-3pull-worker-auth-audit-export", "error": "sources must contain at least one TokenCredential"}
github.com/kedacore/keda/v2/pkg/scalers.(*azureServiceBusScaler).GetMetricsAndActivity
	/workspace/pkg/scalers/azure_servicebus_scaler.go:221
github.com/kedacore/keda/v2/pkg/scaling/cache.(*ScalersCache).GetMetricsAndActivityForScaler
	/workspace/pkg/scaling/cache/scalers_cache.go:164
github.com/kedacore/keda/v2/pkg/scaling.(*scaleHandler).getScalerState
	/workspace/pkg/scaling/scale_handler.go:837
github.com/kedacore/keda/v2/pkg/scaling.(*scaleHandler).getScaledObjectState.func1
	/workspace/pkg/scaling/scale_handler.go:714
2026-03-04T18:54:51Z	ERROR	scale_handler	error getting metric for trigger	{"scaledObject.Namespace": "3pull", "scaledObject.Name": "r-3pull-worker-auth-audit-export", "trigger": "azureServiceBusScaler", "error": "sources must contain at least one TokenCredential"}
github.com/kedacore/keda/v2/pkg/scaling.(*scaleHandler).processMetricsWithFallback
	/workspace/pkg/scaling/scale_handler.go:460
github.com/kedacore/keda/v2/pkg/scaling.(*scaleHandler).getScalerState
	/workspace/pkg/scaling/scale_handler.go:845
github.com/kedacore/keda/v2/pkg/scaling.(*scaleHandler).getScaledObjectState.func1
	/workspace/pkg/scaling/scale_handler.go:714
2026-03-04T18:54:51Z	ERROR	scale_handler	error getting scale decision	{"scaledObject.Namespace": "3pull", "scaledObject.Name": "r-3pull-worker-auth-audit-export", "scaler": "azureServiceBusScaler", "error": "sources must contain at least one TokenCredential"}
github.com/kedacore/keda/v2/pkg/scaling.(*scaleHandler).getScalerState
	/workspace/pkg/scaling/scale_handler.go:872
github.com/kedacore/keda/v2/pkg/scaling.(*scaleHandler).getScaledObjectState.func1
	/workspace/pkg/scaling/scale_handler.go:714
2026-03-04T18:54:51Z	ERROR	azure_servicebus_scaler	error starting azure workload-identity token provider	{"type": "ScaledObject", "namespace": "3pull", "name": "r-3pull-worker-sample-wait-blob", "error": "no client ID specified. Check pod configuration or set ClientID in the options"}
github.com/kedacore/keda/v2/pkg/scalers/azure.NewChainedCredential
	/workspace/pkg/scalers/azure/azure_azidentity_chain.go:33
github.com/kedacore/keda/v2/pkg/scalers.(*azureServiceBusScaler).getServiceBusAdminClient
	/workspace/pkg/scalers/azure_servicebus_scaler.go:265
github.com/kedacore/keda/v2/pkg/scalers.(*azureServiceBusScaler).getAzureServiceBusLength
	/workspace/pkg/scalers/azure_servicebus_scaler.go:233
github.com/kedacore/keda/v2/pkg/scalers.(*azureServiceBusScaler).GetMetricsAndActivity
	/workspace/pkg/scalers/azure_servicebus_scaler.go:218
github.com/kedacore/keda/v2/pkg/scaling/cache.(*ScalersCache).GetMetricsAndActivityForScaler
	/workspace/pkg/scaling/cache/scalers_cache.go:154
github.com/kedacore/keda/v2/pkg/scaling.(*scaleHandler).getScalerState
	/workspace/pkg/scaling/scale_handler.go:837
github.com/kedacore/keda/v2/pkg/scaling.(*scaleHandler).getScaledObjectState.func1
	/workspace/pkg/scaling/scale_handler.go:714
2026-03-04T18:54:51Z	ERROR	azure_servicebus_scaler	error getting service bus entity length	{"type": "ScaledObject", "namespace": "3pull", "name": "r-3pull-worker-sample-wait-blob", "error": "sources must contain at least one TokenCredential"}
github.com/kedacore/keda/v2/pkg/scalers.(*azureServiceBusScaler).GetMetricsAndActivity
	/workspace/pkg/scalers/azure_servicebus_scaler.go:221
github.com/kedacore/keda/v2/pkg/scaling/cache.(*ScalersCache).GetMetricsAndActivityForScaler
	/workspace/pkg/scaling/cache/scalers_cache.go:154
github.com/kedacore/keda/v2/pkg/scaling.(*scaleHandler).getScalerState
	/workspace/pkg/scaling/scale_handler.go:837
github.com/kedacore/keda/v2/pkg/scaling.(*scaleHandler).getScaledObjectState.func1
	/workspace/pkg/scaling/scale_handler.go:714
2026-03-04T18:54:51Z	ERROR	azure_servicebus_scaler	error starting azure workload-identity token provider	{"type": "ScaledObject", "namespace": "3pull", "name": "r-3pull-worker-sample-wait-blob", "error": "no client ID specified. Check pod configuration or set ClientID in the options"}
github.com/kedacore/keda/v2/pkg/scalers/azure.NewChainedCredential
	/workspace/pkg/scalers/azure/azure_azidentity_chain.go:33
github.com/kedacore/keda/v2/pkg/scalers.(*azureServiceBusScaler).getServiceBusAdminClient
	/workspace/pkg/scalers/azure_servicebus_scaler.go:265
github.com/kedacore/keda/v2/pkg/scalers.(*azureServiceBusScaler).getAzureServiceBusLength
	/workspace/pkg/scalers/azure_servicebus_scaler.go:233
github.com/kedacore/keda/v2/pkg/scalers.(*azureServiceBusScaler).GetMetricsAndActivity
	/workspace/pkg/scalers/azure_servicebus_scaler.go:218
github.com/kedacore/keda/v2/pkg/scaling/cache.(*ScalersCache).GetMetricsAndActivityForScaler
	/workspace/pkg/scaling/cache/scalers_cache.go:164
github.com/kedacore/keda/v2/pkg/scaling.(*scaleHandler).getScalerState
	/workspace/pkg/scaling/scale_handler.go:837
github.com/kedacore/keda/v2/pkg/scaling.(*scaleHandler).getScaledObjectState.func1
	/workspace/pkg/scaling/scale_handler.go:714
2026-03-04T18:54:51Z	ERROR	azure_servicebus_scaler	error getting service bus entity length	{"type": "ScaledObject", "namespace": "3pull", "name": "r-3pull-worker-sample-wait-blob", "error": "sources must contain at least one TokenCredential"}
github.com/kedacore/keda/v2/pkg/scalers.(*azureServiceBusScaler).GetMetricsAndActivity
	/workspace/pkg/scalers/azure_servicebus_scaler.go:221
github.com/kedacore/keda/v2/pkg/scaling/cache.(*ScalersCache).GetMetricsAndActivityForScaler
	/workspace/pkg/scaling/cache/scalers_cache.go:164
github.com/kedacore/keda/v2/pkg/scaling.(*scaleHandler).getScalerState
	/workspace/pkg/scaling/scale_handler.go:837
github.com/kedacore/keda/v2/pkg/scaling.(*scaleHandler).getScaledObjectState.func1
	/workspace/pkg/scaling/scale_handler.go:714
2026-03-04T18:54:51Z	ERROR	scale_handler	error getting metric for trigger	{"scaledObject.Namespace": "3pull", "scaledObject.Name": "r-3pull-worker-sample-wait-blob", "trigger": "azureServiceBusScaler", "error": "sources must contain at least one TokenCredential"}
github.com/kedacore/keda/v2/pkg/scaling.(*scaleHandler).processMetricsWithFallback
	/workspace/pkg/scaling/scale_handler.go:460
github.com/kedacore/keda/v2/pkg/scaling.(*scaleHandler).getScalerState
	/workspace/pkg/scaling/scale_handler.go:845
github.com/kedacore/keda/v2/pkg/scaling.(*scaleHandler).getScaledObjectState.func1
	/workspace/pkg/scaling/scale_handler.go:714
2026-03-04T18:54:51Z	ERROR	scale_handler	error getting scale decision	{"scaledObject.Namespace": "3pull", "scaledObject.Name": "r-3pull-worker-sample-wait-blob", "scaler": "azureServiceBusScaler", "error": "sources must contain at least one TokenCredential"}
github.com/kedacore/keda/v2/pkg/scaling.(*scaleHandler).getScalerState
	/workspace/pkg/scaling/scale_handler.go:872
github.com/kedacore/keda/v2/pkg/scaling.(*scaleHandler).getScaledObjectState.func1
	/workspace/pkg/scaling/scale_handler.go:714
2026-03-04T18:54:53Z	ERROR	azure_servicebus_scaler	error starting azure workload-identity token provider	{"type": "ScaledObject", "namespace": "3pull", "name": "r-3pull-worker-auth-audit-export", "error": "no client ID specified. Check pod configuration or set ClientID in the options"}
github.com/kedacore/keda/v2/pkg/scalers/azure.NewChainedCredential
	/workspace/pkg/scalers/azure/azure_azidentity_chain.go:33
github.com/kedacore/keda/v2/pkg/scalers.(*azureServiceBusScaler).getServiceBusAdminClient
	/workspace/pkg/scalers/azure_servicebus_scaler.go:265
github.com/kedacore/keda/v2/pkg/scalers.(*azureServiceBusScaler).getAzureServiceBusLength
	/workspace/pkg/scalers/azure_servicebus_scaler.go:233
github.com/kedacore/keda/v2/pkg/scalers.(*azureServiceBusScaler).GetMetricsAndActivity
	/workspace/pkg/scalers/azure_servicebus_scaler.go:218
github.com/kedacore/keda/v2/pkg/scaling/cache.(*ScalersCache).GetMetricsAndActivityForScaler
	/workspace/pkg/scaling/cache/scalers_cache.go:154
github.com/kedacore/keda/v2/pkg/scaling.(*scaleHandler).GetScaledObjectMetrics.func1
	/workspace/pkg/scaling/scale_handler.go:585
2026-03-04T18:54:53Z	ERROR	azure_servicebus_scaler	error getting service bus entity length	{"type": "ScaledObject", "namespace": "3pull", "name": "r-3pull-worker-auth-audit-export", "error": "sources must contain at least one TokenCredential"}
github.com/kedacore/keda/v2/pkg/scalers.(*azureServiceBusScaler).GetMetricsAndActivity
	/workspace/pkg/scalers/azure_servicebus_scaler.go:221
github.com/kedacore/keda/v2/pkg/scaling/cache.(*ScalersCache).GetMetricsAndActivityForScaler
	/workspace/pkg/scaling/cache/scalers_cache.go:154
github.com/kedacore/keda/v2/pkg/scaling.(*scaleHandler).GetScaledObjectMetrics.func1
	/workspace/pkg/scaling/scale_handler.go:585
2026-03-04T18:54:53Z	ERROR	azure_servicebus_scaler	error starting azure workload-identity token provider	{"type": "ScaledObject", "namespace": "3pull", "name": "r-3pull-worker-auth-audit-export", "error": "no client ID specified. Check pod configuration or set ClientID in the options"}
github.com/kedacore/keda/v2/pkg/scalers/azure.NewChainedCredential
	/workspace/pkg/scalers/azure/azure_azidentity_chain.go:33
github.com/kedacore/keda/v2/pkg/scalers.(*azureServiceBusScaler).getServiceBusAdminClient
	/workspace/pkg/scalers/azure_servicebus_scaler.go:265
github.com/kedacore/keda/v2/pkg/scalers.(*azureServiceBusScaler).getAzureServiceBusLength
	/workspace/pkg/scalers/azure_servicebus_scaler.go:233
github.com/kedacore/keda/v2/pkg/scalers.(*azureServiceBusScaler).GetMetricsAndActivity
	/workspace/pkg/scalers/azure_servicebus_scaler.go:218
github.com/kedacore/keda/v2/pkg/scaling/cache.(*ScalersCache).GetMetricsAndActivityForScaler
	/workspace/pkg/scaling/cache/scalers_cache.go:164
github.com/kedacore/keda/v2/pkg/scaling.(*scaleHandler).GetScaledObjectMetrics.func1
	/workspace/pkg/scaling/scale_handler.go:585
2026-03-04T18:54:53Z	ERROR	azure_servicebus_scaler	error getting service bus entity length	{"type": "ScaledObject", "namespace": "3pull", "name": "r-3pull-worker-auth-audit-export", "error": "sources must contain at least one TokenCredential"}
github.com/kedacore/keda/v2/pkg/scalers.(*azureServiceBusScaler).GetMetricsAndActivity
	/workspace/pkg/scalers/azure_servicebus_scaler.go:221
github.com/kedacore/keda/v2/pkg/scaling/cache.(*ScalersCache).GetMetricsAndActivityForScaler
	/workspace/pkg/scaling/cache/scalers_cache.go:164
github.com/kedacore/keda/v2/pkg/scaling.(*scaleHandler).GetScaledObjectMetrics.func1
	/workspace/pkg/scaling/scale_handler.go:585
2026-03-04T18:54:53Z	ERROR	scale_handler	error getting metric for trigger	{"scaledObject.Namespace": "3pull", "scaledObject.Name": "r-3pull-worker-auth-audit-export", "trigger": "azureServiceBusScaler", "error": "sources must contain at least one TokenCredential"}
github.com/kedacore/keda/v2/pkg/scaling.(*scaleHandler).processMetricsWithFallback
	/workspace/pkg/scaling/scale_handler.go:460
github.com/kedacore/keda/v2/pkg/scaling.(*scaleHandler).GetScaledObjectMetrics.func1
	/workspace/pkg/scaling/scale_handler.go:593
2026-03-04T18:54:53Z	ERROR	azure_servicebus_scaler	error starting azure workload-identity token provider	{"type": "ScaledObject", "namespace": "3pull", "name": "r-3pull-worker-sample-wait-blob", "error": "no client ID specified. Check pod configuration or set ClientID in the options"}
github.com/kedacore/keda/v2/pkg/scalers/azure.NewChainedCredential
	/workspace/pkg/scalers/azure/azure_azidentity_chain.go:33
github.com/kedacore/keda/v2/pkg/scalers.(*azureServiceBusScaler).getServiceBusAdminClient
	/workspace/pkg/scalers/azure_servicebus_scaler.go:265
github.com/kedacore/keda/v2/pkg/scalers.(*azureServiceBusScaler).getAzureServiceBusLength
	/workspace/pkg/scalers/azure_servicebus_scaler.go:233
github.com/kedacore/keda/v2/pkg/scalers.(*azureServiceBusScaler).GetMetricsAndActivity
	/workspace/pkg/scalers/azure_servicebus_scaler.go:218
github.com/kedacore/keda/v2/pkg/scaling/cache.(*ScalersCache).GetMetricsAndActivityForScaler
	/workspace/pkg/scaling/cache/scalers_cache.go:154
github.com/kedacore/keda/v2/pkg/scaling.(*scaleHandler).GetScaledObjectMetrics.func1
	/workspace/pkg/scaling/scale_handler.go:585
2026-03-04T18:54:53Z	ERROR	azure_servicebus_scaler	error getting service bus entity length	{"type": "ScaledObject", "namespace": "3pull", "name": "r-3pull-worker-sample-wait-blob", "error": "sources must contain at least one TokenCredential"}
github.com/kedacore/keda/v2/pkg/scalers.(*azureServiceBusScaler).GetMetricsAndActivity
	/workspace/pkg/scalers/azure_servicebus_scaler.go:221
github.com/kedacore/keda/v2/pkg/scaling/cache.(*ScalersCache).GetMetricsAndActivityForScaler
	/workspace/pkg/scaling/cache/scalers_cache.go:154
github.com/kedacore/keda/v2/pkg/scaling.(*scaleHandler).GetScaledObjectMetrics.func1
	/workspace/pkg/scaling/scale_handler.go:585
2026-03-04T18:54:53Z	ERROR	azure_servicebus_scaler	error starting azure workload-identity token provider	{"type": "ScaledObject", "namespace": "3pull", "name": "r-3pull-worker-sample-wait-blob", "error": "no client ID specified. Check pod configuration or set ClientID in the options"}
github.com/kedacore/keda/v2/pkg/scalers/azure.NewChainedCredential
	/workspace/pkg/scalers/azure/azure_azidentity_chain.go:33
github.com/kedacore/keda/v2/pkg/scalers.(*azureServiceBusScaler).getServiceBusAdminClient
	/workspace/pkg/scalers/azure_servicebus_scaler.go:265
github.com/kedacore/keda/v2/pkg/scalers.(*azureServiceBusScaler).getAzureServiceBusLength
	/workspace/pkg/scalers/azure_servicebus_scaler.go:233
github.com/kedacore/keda/v2/pkg/scalers.(*azureServiceBusScaler).GetMetricsAndActivity
	/workspace/pkg/scalers/azure_servicebus_scaler.go:218
github.com/kedacore/keda/v2/pkg/scaling/cache.(*ScalersCache).GetMetricsAndActivityForScaler
	/workspace/pkg/scaling/cache/scalers_cache.go:164
github.com/kedacore/keda/v2/pkg/scaling.(*scaleHandler).GetScaledObjectMetrics.func1
	/workspace/pkg/scaling/scale_handler.go:585
2026-03-04T18:54:53Z	ERROR	azure_servicebus_scaler	error getting service bus entity length	{"type": "ScaledObject", "namespace": "3pull", "name": "r-3pull-worker-sample-wait-blob", "error": "sources must contain at least one TokenCredential"}
github.com/kedacore/keda/v2/pkg/scalers.(*azureServiceBusScaler).GetMetricsAndActivity
	/workspace/pkg/scalers/azure_servicebus_scaler.go:221
github.com/kedacore/keda/v2/pkg/scaling/cache.(*ScalersCache).GetMetricsAndActivityForScaler
	/workspace/pkg/scaling/cache/scalers_cache.go:164
github.com/kedacore/keda/v2/pkg/scaling.(*scaleHandler).GetScaledObjectMetrics.func1
	/workspace/pkg/scaling/scale_handler.go:585
2026-03-04T18:54:53Z	ERROR	scale_handler	error getting metric for trigger	{"scaledObject.Namespace": "3pull", "scaledObject.Name": "r-3pull-worker-sample-wait-blob", "trigger": "azureServiceBusScaler", "error": "sources must contain at least one TokenCredential"}
github.com/kedacore/keda/v2/pkg/scaling.(*scaleHandler).processMetricsWithFallback
	/workspace/pkg/scaling/scale_handler.go:460
github.com/kedacore/keda/v2/pkg/scaling.(*scaleHandler).GetScaledObjectMetrics.func1
	/workspace/pkg/scaling/scale_handler.go:593
2026-03-04T18:55:08Z	ERROR	azure_servicebus_scaler	error starting azure workload-identity token provider	{"type": "ScaledObject", "namespace": "3pull", "name": "r-3pull-worker-auth-audit-export", "error": "no client ID specified. Check pod configuration or set ClientID in the options"}
github.com/kedacore/keda/v2/pkg/scalers/azure.NewChainedCredential
	/workspace/pkg/scalers/azure/azure_azidentity_chain.go:33
github.com/kedacore/keda/v2/pkg/scalers.(*azureServiceBusScaler).getServiceBusAdminClient
	/workspace/pkg/scalers/azure_servicebus_scaler.go:265
github.com/kedacore/keda/v2/pkg/scalers.(*azureServiceBusScaler).getAzureServiceBusLength
	/workspace/pkg/scalers/azure_servicebus_scaler.go:233
github.com/kedacore/keda/v2/pkg/scalers.(*azureServiceBusScaler).GetMetricsAndActivity
	/workspace/pkg/scalers/azure_servicebus_scaler.go:218
github.com/kedacore/keda/v2/pkg/scaling/cache.(*ScalersCache).GetMetricsAndActivityForScaler
	/workspace/pkg/scaling/cache/scalers_cache.go:154
github.com/kedacore/keda/v2/pkg/scaling.(*scaleHandler).GetScaledObjectMetrics.func1
	/workspace/pkg/scaling/scale_handler.go:585
2026-03-04T18:55:08Z	ERROR	azure_servicebus_scaler	error getting service bus entity length	{"type": "ScaledObject", "namespace": "3pull", "name": "r-3pull-worker-auth-audit-export", "error": "sources must contain at least one TokenCredential"}
github.com/kedacore/keda/v2/pkg/scalers.(*azureServiceBusScaler).GetMetricsAndActivity
	/workspace/pkg/scalers/azure_servicebus_scaler.go:221
github.com/kedacore/keda/v2/pkg/scaling/cache.(*ScalersCache).GetMetricsAndActivityForScaler
	/workspace/pkg/scaling/cache/scalers_cache.go:154
github.com/kedacore/keda/v2/pkg/scaling.(*scaleHandler).GetScaledObjectMetrics.func1
	/workspace/pkg/scaling/scale_handler.go:585
2026-03-04T18:55:08Z	ERROR	azure_servicebus_scaler	error starting azure workload-identity token provider	{"type": "ScaledObject", "namespace": "3pull", "name": "r-3pull-worker-auth-audit-export", "error": "no client ID specified. Check pod configuration or set ClientID in the options"}
github.com/kedacore/keda/v2/pkg/scalers/azure.NewChainedCredential
	/workspace/pkg/scalers/azure/azure_azidentity_chain.go:33
github.com/kedacore/keda/v2/pkg/scalers.(*azureServiceBusScaler).getServiceBusAdminClient
	/workspace/pkg/scalers/azure_servicebus_scaler.go:265
github.com/kedacore/keda/v2/pkg/scalers.(*azureServiceBusScaler).getAzureServiceBusLength
	/workspace/pkg/scalers/azure_servicebus_scaler.go:233
github.com/kedacore/keda/v2/pkg/scalers.(*azureServiceBusScaler).GetMetricsAndActivity
	/workspace/pkg/scalers/azure_servicebus_scaler.go:218
github.com/kedacore/keda/v2/pkg/scaling/cache.(*ScalersCache).GetMetricsAndActivityForScaler
	/workspace/pkg/scaling/cache/scalers_cache.go:164
github.com/kedacore/keda/v2/pkg/scaling.(*scaleHandler).GetScaledObjectMetrics.func1
	/workspace/pkg/scaling/scale_handler.go:585
2026-03-04T18:55:08Z	ERROR	azure_servicebus_scaler	error getting service bus entity length	{"type": "ScaledObject", "namespace": "3pull", "name": "r-3pull-worker-auth-audit-export", "error": "sources must contain at least one TokenCredential"}
github.com/kedacore/keda/v2/pkg/scalers.(*azureServiceBusScaler).GetMetricsAndActivity
	/workspace/pkg/scalers/azure_servicebus_scaler.go:221
github.com/kedacore/keda/v2/pkg/scaling/cache.(*ScalersCache).GetMetricsAndActivityForScaler
	/workspace/pkg/scaling/cache/scalers_cache.go:164
github.com/kedacore/keda/v2/pkg/scaling.(*scaleHandler).GetScaledObjectMetrics.func1
	/workspace/pkg/scaling/scale_handler.go:585
2026-03-04T18:55:08Z	ERROR	scale_handler	error getting metric for trigger	{"scaledObject.Namespace": "3pull", "scaledObject.Name": "r-3pull-worker-auth-audit-export", "trigger": "azureServiceBusScaler", "error": "sources must contain at least one TokenCredential"}
github.com/kedacore/keda/v2/pkg/scaling.(*scaleHandler).processMetricsWithFallback
	/workspace/pkg/scaling/scale_handler.go:460
github.com/kedacore/keda/v2/pkg/scaling.(*scaleHandler).GetScaledObjectMetrics.func1
	/workspace/pkg/scaling/scale_handler.go:593
2026-03-04T18:55:08Z	ERROR	azure_servicebus_scaler	error starting azure workload-identity token provider	{"type": "ScaledObject", "namespace": "3pull", "name": "r-3pull-worker-sample-wait-blob", "error": "no client ID specified. Check pod configuration or set ClientID in the options"}
github.com/kedacore/keda/v2/pkg/scalers/azure.NewChainedCredential
	/workspace/pkg/scalers/azure/azure_azidentity_chain.go:33
github.com/kedacore/keda/v2/pkg/scalers.(*azureServiceBusScaler).getServiceBusAdminClient
	/workspace/pkg/scalers/azure_servicebus_scaler.go:265
github.com/kedacore/keda/v2/pkg/scalers.(*azureServiceBusScaler).getAzureServiceBusLength
	/workspace/pkg/scalers/azure_servicebus_scaler.go:233
github.com/kedacore/keda/v2/pkg/scalers.(*azureServiceBusScaler).GetMetricsAndActivity
	/workspace/pkg/scalers/azure_servicebus_scaler.go:218
github.com/kedacore/keda/v2/pkg/scaling/cache.(*ScalersCache).GetMetricsAndActivityForScaler
	/workspace/pkg/scaling/cache/scalers_cache.go:154
github.com/kedacore/keda/v2/pkg/scaling.(*scaleHandler).GetScaledObjectMetrics.func1
	/workspace/pkg/scaling/scale_handler.go:585
2026-03-04T18:55:08Z	ERROR	azure_servicebus_scaler	error getting service bus entity length	{"type": "ScaledObject", "namespace": "3pull", "name": "r-3pull-worker-sample-wait-blob", "error": "sources must contain at least one TokenCredential"}
github.com/kedacore/keda/v2/pkg/scalers.(*azureServiceBusScaler).GetMetricsAndActivity
	/workspace/pkg/scalers/azure_servicebus_scaler.go:221
github.com/kedacore/keda/v2/pkg/scaling/cache.(*ScalersCache).GetMetricsAndActivityForScaler
	/workspace/pkg/scaling/cache/scalers_cache.go:154
github.com/kedacore/keda/v2/pkg/scaling.(*scaleHandler).GetScaledObjectMetrics.func1
	/workspace/pkg/scaling/scale_handler.go:585
2026-03-04T18:55:08Z	ERROR	azure_servicebus_scaler	error starting azure workload-identity token provider	{"type": "ScaledObject", "namespace": "3pull", "name": "r-3pull-worker-sample-wait-blob", "error": "no client ID specified. Check pod configuration or set ClientID in the options"}
github.com/kedacore/keda/v2/pkg/scalers/azure.NewChainedCredential
	/workspace/pkg/scalers/azure/azure_azidentity_chain.go:33
github.com/kedacore/keda/v2/pkg/scalers.(*azureServiceBusScaler).getServiceBusAdminClient
	/workspace/pkg/scalers/azure_servicebus_scaler.go:265
github.com/kedacore/keda/v2/pkg/scalers.(*azureServiceBusScaler).getAzureServiceBusLength
	/workspace/pkg/scalers/azure_servicebus_scaler.go:233
github.com/kedacore/keda/v2/pkg/scalers.(*azureServiceBusScaler).GetMetricsAndActivity
	/workspace/pkg/scalers/azure_servicebus_scaler.go:218
github.com/kedacore/keda/v2/pkg/scaling/cache.(*ScalersCache).GetMetricsAndActivityForScaler
	/workspace/pkg/scaling/cache/scalers_cache.go:164
github.com/kedacore/keda/v2/pkg/scaling.(*scaleHandler).GetScaledObjectMetrics.func1
	/workspace/pkg/scaling/scale_handler.go:585
2026-03-04T18:55:08Z	ERROR	azure_servicebus_scaler	error getting service bus entity length	{"type": "ScaledObject", "namespace": "3pull", "name": "r-3pull-worker-sample-wait-blob", "error": "sources must contain at least one TokenCredential"}
github.com/kedacore/keda/v2/pkg/scalers.(*azureServiceBusScaler).GetMetricsAndActivity
	/workspace/pkg/scalers/azure_servicebus_scaler.go:221
github.com/kedacore/keda/v2/pkg/scaling/cache.(*ScalersCache).GetMetricsAndActivityForScaler
	/workspace/pkg/scaling/cache/scalers_cache.go:164
github.com/kedacore/keda/v2/pkg/scaling.(*scaleHandler).GetScaledObjectMetrics.func1
	/workspace/pkg/scaling/scale_handler.go:585
2026-03-04T18:55:08Z	ERROR	scale_handler	error getting metric for trigger	{"scaledObject.Namespace": "3pull", "scaledObject.Name": "r-3pull-worker-sample-wait-blob", "trigger": "azureServiceBusScaler", "error": "sources must contain at least one TokenCredential"}
github.com/kedacore/keda/v2/pkg/scaling.(*scaleHandler).processMetricsWithFallback
	/workspace/pkg/scaling/scale_handler.go:460
github.com/kedacore/keda/v2/pkg/scaling.(*scaleHandler).GetScaledObjectMetrics.func1
	/workspace/pkg/scaling/scale_handler.go:593
2026-03-04T18:55:21Z	ERROR	azure_servicebus_scaler	error starting azure workload-identity token provider	{"type": "ScaledObject", "namespace": "3pull", "name": "r-3pull-worker-auth-audit-export", "error": "no client ID specified. Check pod configuration or set ClientID in the options"}
github.com/kedacore/keda/v2/pkg/scalers/azure.NewChainedCredential
	/workspace/pkg/scalers/azure/azure_azidentity_chain.go:33
github.com/kedacore/keda/v2/pkg/scalers.(*azureServiceBusScaler).getServiceBusAdminClient
	/workspace/pkg/scalers/azure_servicebus_scaler.go:265
github.com/kedacore/keda/v2/pkg/scalers.(*azureServiceBusScaler).getAzureServiceBusLength
	/workspace/pkg/scalers/azure_servicebus_scaler.go:233
github.com/kedacore/keda/v2/pkg/scalers.(*azureServiceBusScaler).GetMetricsAndActivity
	/workspace/pkg/scalers/azure_servicebus_scaler.go:218
github.com/kedacore/keda/v2/pkg/scaling/cache.(*ScalersCache).GetMetricsAndActivityForScaler
	/workspace/pkg/scaling/cache/scalers_cache.go:154
github.com/kedacore/keda/v2/pkg/scaling.(*scaleHandler).getScalerState
	/workspace/pkg/scaling/scale_handler.go:837
github.com/kedacore/keda/v2/pkg/scaling.(*scaleHandler).getScaledObjectState.func1
	/workspace/pkg/scaling/scale_handler.go:714
2026-03-04T18:55:21Z	ERROR	azure_servicebus_scaler	error getting service bus entity length	{"type": "ScaledObject", "namespace": "3pull", "name": "r-3pull-worker-auth-audit-export", "error": "sources must contain at least one TokenCredential"}
github.com/kedacore/keda/v2/pkg/scalers.(*azureServiceBusScaler).GetMetricsAndActivity
	/workspace/pkg/scalers/azure_servicebus_scaler.go:221
github.com/kedacore/keda/v2/pkg/scaling/cache.(*ScalersCache).GetMetricsAndActivityForScaler
	/workspace/pkg/scaling/cache/scalers_cache.go:154
github.com/kedacore/keda/v2/pkg/scaling.(*scaleHandler).getScalerState
	/workspace/pkg/scaling/scale_handler.go:837
github.com/kedacore/keda/v2/pkg/scaling.(*scaleHandler).getScaledObjectState.func1
	/workspace/pkg/scaling/scale_handler.go:714
2026-03-04T18:55:21Z	ERROR	azure_servicebus_scaler	error starting azure workload-identity token provider	{"type": "ScaledObject", "namespace": "3pull", "name": "r-3pull-worker-auth-audit-export", "error": "no client ID specified. Check pod configuration or set ClientID in the options"}
github.com/kedacore/keda/v2/pkg/scalers/azure.NewChainedCredential
	/workspace/pkg/scalers/azure/azure_azidentity_chain.go:33
github.com/kedacore/keda/v2/pkg/scalers.(*azureServiceBusScaler).getServiceBusAdminClient
	/workspace/pkg/scalers/azure_servicebus_scaler.go:265
github.com/kedacore/keda/v2/pkg/scalers.(*azureServiceBusScaler).getAzureServiceBusLength
	/workspace/pkg/scalers/azure_servicebus_scaler.go:233
github.com/kedacore/keda/v2/pkg/scalers.(*azureServiceBusScaler).GetMetricsAndActivity
	/workspace/pkg/scalers/azure_servicebus_scaler.go:218
github.com/kedacore/keda/v2/pkg/scaling/cache.(*ScalersCache).GetMetricsAndActivityForScaler
	/workspace/pkg/scaling/cache/scalers_cache.go:164
github.com/kedacore/keda/v2/pkg/scaling.(*scaleHandler).getScalerState
	/workspace/pkg/scaling/scale_handler.go:837
github.com/kedacore/keda/v2/pkg/scaling.(*scaleHandler).getScaledObjectState.func1
	/workspace/pkg/scaling/scale_handler.go:714
2026-03-04T18:55:21Z	ERROR	azure_servicebus_scaler	error getting service bus entity length	{"type": "ScaledObject", "namespace": "3pull", "name": "r-3pull-worker-auth-audit-export", "error": "sources must contain at least one TokenCredential"}
github.com/kedacore/keda/v2/pkg/scalers.(*azureServiceBusScaler).GetMetricsAndActivity
	/workspace/pkg/scalers/azure_servicebus_scaler.go:221
github.com/kedacore/keda/v2/pkg/scaling/cache.(*ScalersCache).GetMetricsAndActivityForScaler
	/workspace/pkg/scaling/cache/scalers_cache.go:164
github.com/kedacore/keda/v2/pkg/scaling.(*scaleHandler).getScalerState
	/workspace/pkg/scaling/scale_handler.go:837
github.com/kedacore/keda/v2/pkg/scaling.(*scaleHandler).getScaledObjectState.func1
	/workspace/pkg/scaling/scale_handler.go:714
2026-03-04T18:55:21Z	ERROR	scale_handler	error getting metric for trigger	{"scaledObject.Namespace": "3pull", "scaledObject.Name": "r-3pull-worker-auth-audit-export", "trigger": "azureServiceBusScaler", "error": "sources must contain at least one TokenCredential"}
github.com/kedacore/keda/v2/pkg/scaling.(*scaleHandler).processMetricsWithFallback
	/workspace/pkg/scaling/scale_handler.go:460
github.com/kedacore/keda/v2/pkg/scaling.(*scaleHandler).getScalerState
	/workspace/pkg/scaling/scale_handler.go:845
github.com/kedacore/keda/v2/pkg/scaling.(*scaleHandler).getScaledObjectState.func1
	/workspace/pkg/scaling/scale_handler.go:714
2026-03-04T18:55:21Z	ERROR	scale_handler	error getting scale decision	{"scaledObject.Namespace": "3pull", "scaledObject.Name": "r-3pull-worker-auth-audit-export", "scaler": "azureServiceBusScaler", "error": "sources must contain at least one TokenCredential"}
github.com/kedacore/keda/v2/pkg/scaling.(*scaleHandler).getScalerState
	/workspace/pkg/scaling/scale_handler.go:872
github.com/kedacore/keda/v2/pkg/scaling.(*scaleHandler).getScaledObjectState.func1
	/workspace/pkg/scaling/scale_handler.go:714
2026-03-04T18:55:21Z	ERROR	azure_servicebus_scaler	error starting azure workload-identity token provider	{"type": "ScaledObject", "namespace": "3pull", "name": "r-3pull-worker-sample-wait-blob", "error": "no client ID specified. Check pod configuration or set ClientID in the options"}
github.com/kedacore/keda/v2/pkg/scalers/azure.NewChainedCredential
	/workspace/pkg/scalers/azure/azure_azidentity_chain.go:33
github.com/kedacore/keda/v2/pkg/scalers.(*azureServiceBusScaler).getServiceBusAdminClient
	/workspace/pkg/scalers/azure_servicebus_scaler.go:265
github.com/kedacore/keda/v2/pkg/scalers.(*azureServiceBusScaler).getAzureServiceBusLength
	/workspace/pkg/scalers/azure_servicebus_scaler.go:233
github.com/kedacore/keda/v2/pkg/scalers.(*azureServiceBusScaler).GetMetricsAndActivity
	/workspace/pkg/scalers/azure_servicebus_scaler.go:218
github.com/kedacore/keda/v2/pkg/scaling/cache.(*ScalersCache).GetMetricsAndActivityForScaler
	/workspace/pkg/scaling/cache/scalers_cache.go:154
github.com/kedacore/keda/v2/pkg/scaling.(*scaleHandler).getScalerState
	/workspace/pkg/scaling/scale_handler.go:837
github.com/kedacore/keda/v2/pkg/scaling.(*scaleHandler).getScaledObjectState.func1
	/workspace/pkg/scaling/scale_handler.go:714
2026-03-04T18:55:21Z	ERROR	azure_servicebus_scaler	error getting service bus entity length	{"type": "ScaledObject", "namespace": "3pull", "name": "r-3pull-worker-sample-wait-blob", "error": "sources must contain at least one TokenCredential"}
github.com/kedacore/keda/v2/pkg/scalers.(*azureServiceBusScaler).GetMetricsAndActivity
	/workspace/pkg/scalers/azure_servicebus_scaler.go:221
github.com/kedacore/keda/v2/pkg/scaling/cache.(*ScalersCache).GetMetricsAndActivityForScaler
	/workspace/pkg/scaling/cache/scalers_cache.go:154
github.com/kedacore/keda/v2/pkg/scaling.(*scaleHandler).getScalerState
	/workspace/pkg/scaling/scale_handler.go:837
github.com/kedacore/keda/v2/pkg/scaling.(*scaleHandler).getScaledObjectState.func1
	/workspace/pkg/scaling/scale_handler.go:714
2026-03-04T18:55:21Z	ERROR	azure_servicebus_scaler	error starting azure workload-identity token provider	{"type": "ScaledObject", "namespace": "3pull", "name": "r-3pull-worker-sample-wait-blob", "error": "no client ID specified. Check pod configuration or set ClientID in the options"}
github.com/kedacore/keda/v2/pkg/scalers/azure.NewChainedCredential
	/workspace/pkg/scalers/azure/azure_azidentity_chain.go:33
github.com/kedacore/keda/v2/pkg/scalers.(*azureServiceBusScaler).getServiceBusAdminClient
	/workspace/pkg/scalers/azure_servicebus_scaler.go:265
github.com/kedacore/keda/v2/pkg/scalers.(*azureServiceBusScaler).getAzureServiceBusLength
	/workspace/pkg/scalers/azure_servicebus_scaler.go:233
github.com/kedacore/keda/v2/pkg/scalers.(*azureServiceBusScaler).GetMetricsAndActivity
	/workspace/pkg/scalers/azure_servicebus_scaler.go:218
github.com/kedacore/keda/v2/pkg/scaling/cache.(*ScalersCache).GetMetricsAndActivityForScaler
	/workspace/pkg/scaling/cache/scalers_cache.go:164
github.com/kedacore/keda/v2/pkg/scaling.(*scaleHandler).getScalerState
	/workspace/pkg/scaling/scale_handler.go:837
github.com/kedacore/keda/v2/pkg/scaling.(*scaleHandler).getScaledObjectState.func1
	/workspace/pkg/scaling/scale_handler.go:714
2026-03-04T18:55:21Z	ERROR	azure_servicebus_scaler	error getting service bus entity length	{"type": "ScaledObject", "namespace": "3pull", "name": "r-3pull-worker-sample-wait-blob", "error": "sources must contain at least one TokenCredential"}
github.com/kedacore/keda/v2/pkg/scalers.(*azureServiceBusScaler).GetMetricsAndActivity
	/workspace/pkg/scalers/azure_servicebus_scaler.go:221
github.com/kedacore/keda/v2/pkg/scaling/cache.(*ScalersCache).GetMetricsAndActivityForScaler
	/workspace/pkg/scaling/cache/scalers_cache.go:164
github.com/kedacore/keda/v2/pkg/scaling.(*scaleHandler).getScalerState
	/workspace/pkg/scaling/scale_handler.go:837
github.com/kedacore/keda/v2/pkg/scaling.(*scaleHandler).getScaledObjectState.func1
	/workspace/pkg/scaling/scale_handler.go:714
2026-03-04T18:55:21Z	ERROR	scale_handler	error getting metric for trigger	{"scaledObject.Namespace": "3pull", "scaledObject.Name": "r-3pull-worker-sample-wait-blob", "trigger": "azureServiceBusScaler", "error": "sources must contain at least one TokenCredential"}
github.com/kedacore/keda/v2/pkg/scaling.(*scaleHandler).processMetricsWithFallback
	/workspace/pkg/scaling/scale_handler.go:460
github.com/kedacore/keda/v2/pkg/scaling.(*scaleHandler).getScalerState
	/workspace/pkg/scaling/scale_handler.go:845
github.com/kedacore/keda/v2/pkg/scaling.(*scaleHandler).getScaledObjectState.func1
	/workspace/pkg/scaling/scale_handler.go:714
2026-03-04T18:55:21Z	ERROR	scale_handler	error getting scale decision	{"scaledObject.Namespace": "3pull", "scaledObject.Name": "r-3pull-worker-sample-wait-blob", "scaler": "azureServiceBusScaler", "error": "sources must contain at least one TokenCredential"}
github.com/kedacore/keda/v2/pkg/scaling.(*scaleHandler).getScalerState
	/workspace/pkg/scaling/scale_handler.go:872
github.com/kedacore/keda/v2/pkg/scaling.(*scaleHandler).getScaledObjectState.func1
	/workspace/pkg/scaling/scale_handler.go:714
2026-03-04T18:55:23Z	ERROR	azure_servicebus_scaler	error starting azure workload-identity token provider	{"type": "ScaledObject", "namespace": "3pull", "name": "r-3pull-worker-auth-audit-export", "error": "no client ID specified. Check pod configuration or set ClientID in the options"}
github.com/kedacore/keda/v2/pkg/scalers/azure.NewChainedCredential
	/workspace/pkg/scalers/azure/azure_azidentity_chain.go:33
github.com/kedacore/keda/v2/pkg/scalers.(*azureServiceBusScaler).getServiceBusAdminClient
	/workspace/pkg/scalers/azure_servicebus_scaler.go:265
github.com/kedacore/keda/v2/pkg/scalers.(*azureServiceBusScaler).getAzureServiceBusLength
	/workspace/pkg/scalers/azure_servicebus_scaler.go:233
github.com/kedacore/keda/v2/pkg/scalers.(*azureServiceBusScaler).GetMetricsAndActivity
	/workspace/pkg/scalers/azure_servicebus_scaler.go:218
github.com/kedacore/keda/v2/pkg/scaling/cache.(*ScalersCache).GetMetricsAndActivityForScaler
	/workspace/pkg/scaling/cache/scalers_cache.go:154
github.com/kedacore/keda/v2/pkg/scaling.(*scaleHandler).GetScaledObjectMetrics.func1
	/workspace/pkg/scaling/scale_handler.go:585
2026-03-04T18:55:23Z	ERROR	azure_servicebus_scaler	error getting service bus entity length	{"type": "ScaledObject", "namespace": "3pull", "name": "r-3pull-worker-auth-audit-export", "error": "sources must contain at least one TokenCredential"}
github.com/kedacore/keda/v2/pkg/scalers.(*azureServiceBusScaler).GetMetricsAndActivity
	/workspace/pkg/scalers/azure_servicebus_scaler.go:221
github.com/kedacore/keda/v2/pkg/scaling/cache.(*ScalersCache).GetMetricsAndActivityForScaler
	/workspace/pkg/scaling/cache/scalers_cache.go:154
github.com/kedacore/keda/v2/pkg/scaling.(*scaleHandler).GetScaledObjectMetrics.func1
	/workspace/pkg/scaling/scale_handler.go:585
2026-03-04T18:55:23Z	ERROR	azure_servicebus_scaler	error starting azure workload-identity token provider	{"type": "ScaledObject", "namespace": "3pull", "name": "r-3pull-worker-auth-audit-export", "error": "no client ID specified. Check pod configuration or set ClientID in the options"}
github.com/kedacore/keda/v2/pkg/scalers/azure.NewChainedCredential
	/workspace/pkg/scalers/azure/azure_azidentity_chain.go:33
github.com/kedacore/keda/v2/pkg/scalers.(*azureServiceBusScaler).getServiceBusAdminClient
	/workspace/pkg/scalers/azure_servicebus_scaler.go:265
github.com/kedacore/keda/v2/pkg/scalers.(*azureServiceBusScaler).getAzureServiceBusLength
	/workspace/pkg/scalers/azure_servicebus_scaler.go:233
github.com/kedacore/keda/v2/pkg/scalers.(*azureServiceBusScaler).GetMetricsAndActivity
	/workspace/pkg/scalers/azure_servicebus_scaler.go:218
github.com/kedacore/keda/v2/pkg/scaling/cache.(*ScalersCache).GetMetricsAndActivityForScaler
	/workspace/pkg/scaling/cache/scalers_cache.go:164
github.com/kedacore/keda/v2/pkg/scaling.(*scaleHandler).GetScaledObjectMetrics.func1
	/workspace/pkg/scaling/scale_handler.go:585
2026-03-04T18:55:23Z	ERROR	azure_servicebus_scaler	error getting service bus entity length	{"type": "ScaledObject", "namespace": "3pull", "name": "r-3pull-worker-auth-audit-export", "error": "sources must contain at least one TokenCredential"}
github.com/kedacore/keda/v2/pkg/scalers.(*azureServiceBusScaler).GetMetricsAndActivity
	/workspace/pkg/scalers/azure_servicebus_scaler.go:221
github.com/kedacore/keda/v2/pkg/scaling/cache.(*ScalersCache).GetMetricsAndActivityForScaler
	/workspace/pkg/scaling/cache/scalers_cache.go:164
github.com/kedacore/keda/v2/pkg/scaling.(*scaleHandler).GetScaledObjectMetrics.func1
	/workspace/pkg/scaling/scale_handler.go:585
2026-03-04T18:55:23Z	ERROR	scale_handler	error getting metric for trigger	{"scaledObject.Namespace": "3pull", "scaledObject.Name": "r-3pull-worker-auth-audit-export", "trigger": "azureServiceBusScaler", "error": "sources must contain at least one TokenCredential"}
github.com/kedacore/keda/v2/pkg/scaling.(*scaleHandler).processMetricsWithFallback
	/workspace/pkg/scaling/scale_handler.go:460
github.com/kedacore/keda/v2/pkg/scaling.(*scaleHandler).GetScaledObjectMetrics.func1
	/workspace/pkg/scaling/scale_handler.go:593
2026-03-04T18:55:23Z	ERROR	azure_servicebus_scaler	error starting azure workload-identity token provider	{"type": "ScaledObject", "namespace": "3pull", "name": "r-3pull-worker-sample-wait-blob", "error": "no client ID specified. Check pod configuration or set ClientID in the options"}
github.com/kedacore/keda/v2/pkg/scalers/azure.NewChainedCredential
	/workspace/pkg/scalers/azure/azure_azidentity_chain.go:33
github.com/kedacore/keda/v2/pkg/scalers.(*azureServiceBusScaler).getServiceBusAdminClient
	/workspace/pkg/scalers/azure_servicebus_scaler.go:265
github.com/kedacore/keda/v2/pkg/scalers.(*azureServiceBusScaler).getAzureServiceBusLength
	/workspace/pkg/scalers/azure_servicebus_scaler.go:233
github.com/kedacore/keda/v2/pkg/scalers.(*azureServiceBusScaler).GetMetricsAndActivity
	/workspace/pkg/scalers/azure_servicebus_scaler.go:218
github.com/kedacore/keda/v2/pkg/scaling/cache.(*ScalersCache).GetMetricsAndActivityForScaler
	/workspace/pkg/scaling/cache/scalers_cache.go:154
github.com/kedacore/keda/v2/pkg/scaling.(*scaleHandler).GetScaledObjectMetrics.func1
	/workspace/pkg/scaling/scale_handler.go:585
2026-03-04T18:55:23Z	ERROR	azure_servicebus_scaler	error getting service bus entity length	{"type": "ScaledObject", "namespace": "3pull", "name": "r-3pull-worker-sample-wait-blob", "error": "sources must contain at least one TokenCredential"}
github.com/kedacore/keda/v2/pkg/scalers.(*azureServiceBusScaler).GetMetricsAndActivity
	/workspace/pkg/scalers/azure_servicebus_scaler.go:221
github.com/kedacore/keda/v2/pkg/scaling/cache.(*ScalersCache).GetMetricsAndActivityForScaler
	/workspace/pkg/scaling/cache/scalers_cache.go:154
github.com/kedacore/keda/v2/pkg/scaling.(*scaleHandler).GetScaledObjectMetrics.func1
	/workspace/pkg/scaling/scale_handler.go:585
2026-03-04T18:55:23Z	ERROR	azure_servicebus_scaler	error starting azure workload-identity token provider	{"type": "ScaledObject", "namespace": "3pull", "name": "r-3pull-worker-sample-wait-blob", "error": "no client ID specified. Check pod configuration or set ClientID in the options"}
github.com/kedacore/keda/v2/pkg/scalers/azure.NewChainedCredential
	/workspace/pkg/scalers/azure/azure_azidentity_chain.go:33
github.com/kedacore/keda/v2/pkg/scalers.(*azureServiceBusScaler).getServiceBusAdminClient
	/workspace/pkg/scalers/azure_servicebus_scaler.go:265
github.com/kedacore/keda/v2/pkg/scalers.(*azureServiceBusScaler).getAzureServiceBusLength
	/workspace/pkg/scalers/azure_servicebus_scaler.go:233
github.com/kedacore/keda/v2/pkg/scalers.(*azureServiceBusScaler).GetMetricsAndActivity
	/workspace/pkg/scalers/azure_servicebus_scaler.go:218
github.com/kedacore/keda/v2/pkg/scaling/cache.(*ScalersCache).GetMetricsAndActivityForScaler
	/workspace/pkg/scaling/cache/scalers_cache.go:164
github.com/kedacore/keda/v2/pkg/scaling.(*scaleHandler).GetScaledObjectMetrics.func1
	/workspace/pkg/scaling/scale_handler.go:585
2026-03-04T18:55:23Z	ERROR	azure_servicebus_scaler	error getting service bus entity length	{"type": "ScaledObject", "namespace": "3pull", "name": "r-3pull-worker-sample-wait-blob", "error": "sources must contain at least one TokenCredential"}
github.com/kedacore/keda/v2/pkg/scalers.(*azureServiceBusScaler).GetMetricsAndActivity
	/workspace/pkg/scalers/azure_servicebus_scaler.go:221
github.com/kedacore/keda/v2/pkg/scaling/cache.(*ScalersCache).GetMetricsAndActivityForScaler
	/workspace/pkg/scaling/cache/scalers_cache.go:164
github.com/kedacore/keda/v2/pkg/scaling.(*scaleHandler).GetScaledObjectMetrics.func1
	/workspace/pkg/scaling/scale_handler.go:585
2026-03-04T18:55:23Z	ERROR	scale_handler	error getting metric for trigger	{"scaledObject.Namespace": "3pull", "scaledObject.Name": "r-3pull-worker-sample-wait-blob", "trigger": "azureServiceBusScaler", "error": "sources must contain at least one TokenCredential"}
github.com/kedacore/keda/v2/pkg/scaling.(*scaleHandler).processMetricsWithFallback
	/workspace/pkg/scaling/scale_handler.go:460
github.com/kedacore/keda/v2/pkg/scaling.(*scaleHandler).GetScaledObjectMetrics.func1
	/workspace/pkg/scaling/scale_handler.go:593
2026-03-04T18:55:38Z	ERROR	azure_servicebus_scaler	error starting azure workload-identity token provider	{"type": "ScaledObject", "namespace": "3pull", "name": "r-3pull-worker-auth-audit-export", "error": "no client ID specified. Check pod configuration or set ClientID in the options"}
github.com/kedacore/keda/v2/pkg/scalers/azure.NewChainedCredential
	/workspace/pkg/scalers/azure/azure_azidentity_chain.go:33
github.com/kedacore/keda/v2/pkg/scalers.(*azureServiceBusScaler).getServiceBusAdminClient
	/workspace/pkg/scalers/azure_servicebus_scaler.go:265
github.com/kedacore/keda/v2/pkg/scalers.(*azureServiceBusScaler).getAzureServiceBusLength
	/workspace/pkg/scalers/azure_servicebus_scaler.go:233
github.com/kedacore/keda/v2/pkg/scalers.(*azureServiceBusScaler).GetMetricsAndActivity
	/workspace/pkg/scalers/azure_servicebus_scaler.go:218
github.com/kedacore/keda/v2/pkg/scaling/cache.(*ScalersCache).GetMetricsAndActivityForScaler
	/workspace/pkg/scaling/cache/scalers_cache.go:154
github.com/kedacore/keda/v2/pkg/scaling.(*scaleHandler).GetScaledObjectMetrics.func1
	/workspace/pkg/scaling/scale_handler.go:585
2026-03-04T18:55:38Z	ERROR	azure_servicebus_scaler	error getting service bus entity length	{"type": "ScaledObject", "namespace": "3pull", "name": "r-3pull-worker-auth-audit-export", "error": "sources must contain at least one TokenCredential"}
github.com/kedacore/keda/v2/pkg/scalers.(*azureServiceBusScaler).GetMetricsAndActivity
	/workspace/pkg/scalers/azure_servicebus_scaler.go:221
github.com/kedacore/keda/v2/pkg/scaling/cache.(*ScalersCache).GetMetricsAndActivityForScaler
	/workspace/pkg/scaling/cache/scalers_cache.go:154
github.com/kedacore/keda/v2/pkg/scaling.(*scaleHandler).GetScaledObjectMetrics.func1
	/workspace/pkg/scaling/scale_handler.go:585
2026-03-04T18:55:38Z	ERROR	azure_servicebus_scaler	error starting azure workload-identity token provider	{"type": "ScaledObject", "namespace": "3pull", "name": "r-3pull-worker-auth-audit-export", "error": "no client ID specified. Check pod configuration or set ClientID in the options"}
github.com/kedacore/keda/v2/pkg/scalers/azure.NewChainedCredential
	/workspace/pkg/scalers/azure/azure_azidentity_chain.go:33
github.com/kedacore/keda/v2/pkg/scalers.(*azureServiceBusScaler).getServiceBusAdminClient
	/workspace/pkg/scalers/azure_servicebus_scaler.go:265
github.com/kedacore/keda/v2/pkg/scalers.(*azureServiceBusScaler).getAzureServiceBusLength
	/workspace/pkg/scalers/azure_servicebus_scaler.go:233
github.com/kedacore/keda/v2/pkg/scalers.(*azureServiceBusScaler).GetMetricsAndActivity
	/workspace/pkg/scalers/azure_servicebus_scaler.go:218
github.com/kedacore/keda/v2/pkg/scaling/cache.(*ScalersCache).GetMetricsAndActivityForScaler
	/workspace/pkg/scaling/cache/scalers_cache.go:164
github.com/kedacore/keda/v2/pkg/scaling.(*scaleHandler).GetScaledObjectMetrics.func1
	/workspace/pkg/scaling/scale_handler.go:585
2026-03-04T18:55:38Z	ERROR	azure_servicebus_scaler	error getting service bus entity length	{"type": "ScaledObject", "namespace": "3pull", "name": "r-3pull-worker-auth-audit-export", "error": "sources must contain at least one TokenCredential"}
github.com/kedacore/keda/v2/pkg/scalers.(*azureServiceBusScaler).GetMetricsAndActivity
	/workspace/pkg/scalers/azure_servicebus_scaler.go:221
github.com/kedacore/keda/v2/pkg/scaling/cache.(*ScalersCache).GetMetricsAndActivityForScaler
	/workspace/pkg/scaling/cache/scalers_cache.go:164
github.com/kedacore/keda/v2/pkg/scaling.(*scaleHandler).GetScaledObjectMetrics.func1
	/workspace/pkg/scaling/scale_handler.go:585
2026-03-04T18:55:38Z	ERROR	scale_handler	error getting metric for trigger	{"scaledObject.Namespace": "3pull", "scaledObject.Name": "r-3pull-worker-auth-audit-export", "trigger": "azureServiceBusScaler", "error": "sources must contain at least one TokenCredential"}
github.com/kedacore/keda/v2/pkg/scaling.(*scaleHandler).processMetricsWithFallback
	/workspace/pkg/scaling/scale_handler.go:460
github.com/kedacore/keda/v2/pkg/scaling.(*scaleHandler).GetScaledObjectMetrics.func1
	/workspace/pkg/scaling/scale_handler.go:593
2026-03-04T18:55:38Z	ERROR	azure_servicebus_scaler	error starting azure workload-identity token provider	{"type": "ScaledObject", "namespace": "3pull", "name": "r-3pull-worker-sample-wait-blob", "error": "no client ID specified. Check pod configuration or set ClientID in the options"}
github.com/kedacore/keda/v2/pkg/scalers/azure.NewChainedCredential
	/workspace/pkg/scalers/azure/azure_azidentity_chain.go:33
github.com/kedacore/keda/v2/pkg/scalers.(*azureServiceBusScaler).getServiceBusAdminClient
	/workspace/pkg/scalers/azure_servicebus_scaler.go:265
github.com/kedacore/keda/v2/pkg/scalers.(*azureServiceBusScaler).getAzureServiceBusLength
	/workspace/pkg/scalers/azure_servicebus_scaler.go:233
github.com/kedacore/keda/v2/pkg/scalers.(*azureServiceBusScaler).GetMetricsAndActivity
	/workspace/pkg/scalers/azure_servicebus_scaler.go:218
github.com/kedacore/keda/v2/pkg/scaling/cache.(*ScalersCache).GetMetricsAndActivityForScaler
	/workspace/pkg/scaling/cache/scalers_cache.go:154
github.com/kedacore/keda/v2/pkg/scaling.(*scaleHandler).GetScaledObjectMetrics.func1
	/workspace/pkg/scaling/scale_handler.go:585
2026-03-04T18:55:38Z	ERROR	azure_servicebus_scaler	error getting service bus entity length	{"type": "ScaledObject", "namespace": "3pull", "name": "r-3pull-worker-sample-wait-blob", "error": "sources must contain at least one TokenCredential"}
github.com/kedacore/keda/v2/pkg/scalers.(*azureServiceBusScaler).GetMetricsAndActivity
	/workspace/pkg/scalers/azure_servicebus_scaler.go:221
github.com/kedacore/keda/v2/pkg/scaling/cache.(*ScalersCache).GetMetricsAndActivityForScaler
	/workspace/pkg/scaling/cache/scalers_cache.go:154
github.com/kedacore/keda/v2/pkg/scaling.(*scaleHandler).GetScaledObjectMetrics.func1
	/workspace/pkg/scaling/scale_handler.go:585
2026-03-04T18:55:38Z	ERROR	azure_servicebus_scaler	error starting azure workload-identity token provider	{"type": "ScaledObject", "namespace": "3pull", "name": "r-3pull-worker-sample-wait-blob", "error": "no client ID specified. Check pod configuration or set ClientID in the options"}
github.com/kedacore/keda/v2/pkg/scalers/azure.NewChainedCredential
	/workspace/pkg/scalers/azure/azure_azidentity_chain.go:33
github.com/kedacore/keda/v2/pkg/scalers.(*azureServiceBusScaler).getServiceBusAdminClient
	/workspace/pkg/scalers/azure_servicebus_scaler.go:265
github.com/kedacore/keda/v2/pkg/scalers.(*azureServiceBusScaler).getAzureServiceBusLength
	/workspace/pkg/scalers/azure_servicebus_scaler.go:233
github.com/kedacore/keda/v2/pkg/scalers.(*azureServiceBusScaler).GetMetricsAndActivity
	/workspace/pkg/scalers/azure_servicebus_scaler.go:218
github.com/kedacore/keda/v2/pkg/scaling/cache.(*ScalersCache).GetMetricsAndActivityForScaler
	/workspace/pkg/scaling/cache/scalers_cache.go:164
github.com/kedacore/keda/v2/pkg/scaling.(*scaleHandler).GetScaledObjectMetrics.func1
	/workspace/pkg/scaling/scale_handler.go:585
2026-03-04T18:55:38Z	ERROR	azure_servicebus_scaler	error getting service bus entity length	{"type": "ScaledObject", "namespace": "3pull", "name": "r-3pull-worker-sample-wait-blob", "error": "sources must contain at least one TokenCredential"}
github.com/kedacore/keda/v2/pkg/scalers.(*azureServiceBusScaler).GetMetricsAndActivity
	/workspace/pkg/scalers/azure_servicebus_scaler.go:221
github.com/kedacore/keda/v2/pkg/scaling/cache.(*ScalersCache).GetMetricsAndActivityForScaler
	/workspace/pkg/scaling/cache/scalers_cache.go:164
github.com/kedacore/keda/v2/pkg/scaling.(*scaleHandler).GetScaledObjectMetrics.func1
	/workspace/pkg/scaling/scale_handler.go:585
2026-03-04T18:55:38Z	ERROR	scale_handler	error getting metric for trigger	{"scaledObject.Namespace": "3pull", "scaledObject.Name": "r-3pull-worker-sample-wait-blob", "trigger": "azureServiceBusScaler", "error": "sources must contain at least one TokenCredential"}
github.com/kedacore/keda/v2/pkg/scaling.(*scaleHandler).processMetricsWithFallback
	/workspace/pkg/scaling/scale_handler.go:460
github.com/kedacore/keda/v2/pkg/scaling.(*scaleHandler).GetScaledObjectMetrics.func1
	/workspace/pkg/scaling/scale_handler.go:593
2026-03-04T18:55:51Z	ERROR	azure_servicebus_scaler	error starting azure workload-identity token provider	{"type": "ScaledObject", "namespace": "3pull", "name": "r-3pull-worker-auth-audit-export", "error": "no client ID specified. Check pod configuration or set ClientID in the options"}
github.com/kedacore/keda/v2/pkg/scalers/azure.NewChainedCredential
	/workspace/pkg/scalers/azure/azure_azidentity_chain.go:33
github.com/kedacore/keda/v2/pkg/scalers.(*azureServiceBusScaler).getServiceBusAdminClient
	/workspace/pkg/scalers/azure_servicebus_scaler.go:265
github.com/kedacore/keda/v2/pkg/scalers.(*azureServiceBusScaler).getAzureServiceBusLength
	/workspace/pkg/scalers/azure_servicebus_scaler.go:233
github.com/kedacore/keda/v2/pkg/scalers.(*azureServiceBusScaler).GetMetricsAndActivity
	/workspace/pkg/scalers/azure_servicebus_scaler.go:218
github.com/kedacore/keda/v2/pkg/scaling/cache.(*ScalersCache).GetMetricsAndActivityForScaler
	/workspace/pkg/scaling/cache/scalers_cache.go:154
github.com/kedacore/keda/v2/pkg/scaling.(*scaleHandler).getScalerState
	/workspace/pkg/scaling/scale_handler.go:837
github.com/kedacore/keda/v2/pkg/scaling.(*scaleHandler).getScaledObjectState.func1
	/workspace/pkg/scaling/scale_handler.go:714
2026-03-04T18:55:51Z	ERROR	azure_servicebus_scaler	error getting service bus entity length	{"type": "ScaledObject", "namespace": "3pull", "name": "r-3pull-worker-auth-audit-export", "error": "sources must contain at least one TokenCredential"}
github.com/kedacore/keda/v2/pkg/scalers.(*azureServiceBusScaler).GetMetricsAndActivity
	/workspace/pkg/scalers/azure_servicebus_scaler.go:221
github.com/kedacore/keda/v2/pkg/scaling/cache.(*ScalersCache).GetMetricsAndActivityForScaler
	/workspace/pkg/scaling/cache/scalers_cache.go:154
github.com/kedacore/keda/v2/pkg/scaling.(*scaleHandler).getScalerState
	/workspace/pkg/scaling/scale_handler.go:837
github.com/kedacore/keda/v2/pkg/scaling.(*scaleHandler).getScaledObjectState.func1
	/workspace/pkg/scaling/scale_handler.go:714
2026-03-04T18:55:51Z	ERROR	azure_servicebus_scaler	error starting azure workload-identity token provider	{"type": "ScaledObject", "namespace": "3pull", "name": "r-3pull-worker-auth-audit-export", "error": "no client ID specified. Check pod configuration or set ClientID in the options"}
github.com/kedacore/keda/v2/pkg/scalers/azure.NewChainedCredential
	/workspace/pkg/scalers/azure/azure_azidentity_chain.go:33
github.com/kedacore/keda/v2/pkg/scalers.(*azureServiceBusScaler).getServiceBusAdminClient
	/workspace/pkg/scalers/azure_servicebus_scaler.go:265
github.com/kedacore/keda/v2/pkg/scalers.(*azureServiceBusScaler).getAzureServiceBusLength
	/workspace/pkg/scalers/azure_servicebus_scaler.go:233
github.com/kedacore/keda/v2/pkg/scalers.(*azureServiceBusScaler).GetMetricsAndActivity
	/workspace/pkg/scalers/azure_servicebus_scaler.go:218
github.com/kedacore/keda/v2/pkg/scaling/cache.(*ScalersCache).GetMetricsAndActivityForScaler
	/workspace/pkg/scaling/cache/scalers_cache.go:164
github.com/kedacore/keda/v2/pkg/scaling.(*scaleHandler).getScalerState
	/workspace/pkg/scaling/scale_handler.go:837
github.com/kedacore/keda/v2/pkg/scaling.(*scaleHandler).getScaledObjectState.func1
	/workspace/pkg/scaling/scale_handler.go:714
2026-03-04T18:55:51Z	ERROR	azure_servicebus_scaler	error getting service bus entity length	{"type": "ScaledObject", "namespace": "3pull", "name": "r-3pull-worker-auth-audit-export", "error": "sources must contain at least one TokenCredential"}
github.com/kedacore/keda/v2/pkg/scalers.(*azureServiceBusScaler).GetMetricsAndActivity
	/workspace/pkg/scalers/azure_servicebus_scaler.go:221
github.com/kedacore/keda/v2/pkg/scaling/cache.(*ScalersCache).GetMetricsAndActivityForScaler
	/workspace/pkg/scaling/cache/scalers_cache.go:164
github.com/kedacore/keda/v2/pkg/scaling.(*scaleHandler).getScalerState
	/workspace/pkg/scaling/scale_handler.go:837
github.com/kedacore/keda/v2/pkg/scaling.(*scaleHandler).getScaledObjectState.func1
	/workspace/pkg/scaling/scale_handler.go:714
2026-03-04T18:55:51Z	ERROR	scale_handler	error getting metric for trigger	{"scaledObject.Namespace": "3pull", "scaledObject.Name": "r-3pull-worker-auth-audit-export", "trigger": "azureServiceBusScaler", "error": "sources must contain at least one TokenCredential"}
github.com/kedacore/keda/v2/pkg/scaling.(*scaleHandler).processMetricsWithFallback
	/workspace/pkg/scaling/scale_handler.go:460
github.com/kedacore/keda/v2/pkg/scaling.(*scaleHandler).getScalerState
	/workspace/pkg/scaling/scale_handler.go:845
github.com/kedacore/keda/v2/pkg/scaling.(*scaleHandler).getScaledObjectState.func1
	/workspace/pkg/scaling/scale_handler.go:714
2026-03-04T18:55:51Z	ERROR	scale_handler	error getting scale decision	{"scaledObject.Namespace": "3pull", "scaledObject.Name": "r-3pull-worker-auth-audit-export", "scaler": "azureServiceBusScaler", "error": "sources must contain at least one TokenCredential"}
github.com/kedacore/keda/v2/pkg/scaling.(*scaleHandler).getScalerState
	/workspace/pkg/scaling/scale_handler.go:872
github.com/kedacore/keda/v2/pkg/scaling.(*scaleHandler).getScaledObjectState.func1
	/workspace/pkg/scaling/scale_handler.go:714
2026-03-04T18:55:51Z	ERROR	azure_servicebus_scaler	error starting azure workload-identity token provider	{"type": "ScaledObject", "namespace": "3pull", "name": "r-3pull-worker-sample-wait-blob", "error": "no client ID specified. Check pod configuration or set ClientID in the options"}
github.com/kedacore/keda/v2/pkg/scalers/azure.NewChainedCredential
	/workspace/pkg/scalers/azure/azure_azidentity_chain.go:33
github.com/kedacore/keda/v2/pkg/scalers.(*azureServiceBusScaler).getServiceBusAdminClient
	/workspace/pkg/scalers/azure_servicebus_scaler.go:265
github.com/kedacore/keda/v2/pkg/scalers.(*azureServiceBusScaler).getAzureServiceBusLength
	/workspace/pkg/scalers/azure_servicebus_scaler.go:233
github.com/kedacore/keda/v2/pkg/scalers.(*azureServiceBusScaler).GetMetricsAndActivity
	/workspace/pkg/scalers/azure_servicebus_scaler.go:218
github.com/kedacore/keda/v2/pkg/scaling/cache.(*ScalersCache).GetMetricsAndActivityForScaler
	/workspace/pkg/scaling/cache/scalers_cache.go:154
github.com/kedacore/keda/v2/pkg/scaling.(*scaleHandler).getScalerState
	/workspace/pkg/scaling/scale_handler.go:837
github.com/kedacore/keda/v2/pkg/scaling.(*scaleHandler).getScaledObjectState.func1
	/workspace/pkg/scaling/scale_handler.go:714
2026-03-04T18:55:51Z	ERROR	azure_servicebus_scaler	error getting service bus entity length	{"type": "ScaledObject", "namespace": "3pull", "name": "r-3pull-worker-sample-wait-blob", "error": "sources must contain at least one TokenCredential"}
github.com/kedacore/keda/v2/pkg/scalers.(*azureServiceBusScaler).GetMetricsAndActivity
	/workspace/pkg/scalers/azure_servicebus_scaler.go:221
github.com/kedacore/keda/v2/pkg/scaling/cache.(*ScalersCache).GetMetricsAndActivityForScaler
	/workspace/pkg/scaling/cache/scalers_cache.go:154
github.com/kedacore/keda/v2/pkg/scaling.(*scaleHandler).getScalerState
	/workspace/pkg/scaling/scale_handler.go:837
github.com/kedacore/keda/v2/pkg/scaling.(*scaleHandler).getScaledObjectState.func1
	/workspace/pkg/scaling/scale_handler.go:714
2026-03-04T18:55:51Z	ERROR	azure_servicebus_scaler	error starting azure workload-identity token provider	{"type": "ScaledObject", "namespace": "3pull", "name": "r-3pull-worker-sample-wait-blob", "error": "no client ID specified. Check pod configuration or set ClientID in the options"}
github.com/kedacore/keda/v2/pkg/scalers/azure.NewChainedCredential
	/workspace/pkg/scalers/azure/azure_azidentity_chain.go:33
github.com/kedacore/keda/v2/pkg/scalers.(*azureServiceBusScaler).getServiceBusAdminClient
	/workspace/pkg/scalers/azure_servicebus_scaler.go:265
github.com/kedacore/keda/v2/pkg/scalers.(*azureServiceBusScaler).getAzureServiceBusLength
	/workspace/pkg/scalers/azure_servicebus_scaler.go:233
github.com/kedacore/keda/v2/pkg/scalers.(*azureServiceBusScaler).GetMetricsAndActivity
	/workspace/pkg/scalers/azure_servicebus_scaler.go:218
github.com/kedacore/keda/v2/pkg/scaling/cache.(*ScalersCache).GetMetricsAndActivityForScaler
	/workspace/pkg/scaling/cache/scalers_cache.go:164
github.com/kedacore/keda/v2/pkg/scaling.(*scaleHandler).getScalerState
	/workspace/pkg/scaling/scale_handler.go:837
github.com/kedacore/keda/v2/pkg/scaling.(*scaleHandler).getScaledObjectState.func1
	/workspace/pkg/scaling/scale_handler.go:714
2026-03-04T18:55:51Z	ERROR	azure_servicebus_scaler	error getting service bus entity length	{"type": "ScaledObject", "namespace": "3pull", "name": "r-3pull-worker-sample-wait-blob", "error": "sources must contain at least one TokenCredential"}
github.com/kedacore/keda/v2/pkg/scalers.(*azureServiceBusScaler).GetMetricsAndActivity
	/workspace/pkg/scalers/azure_servicebus_scaler.go:221
github.com/kedacore/keda/v2/pkg/scaling/cache.(*ScalersCache).GetMetricsAndActivityForScaler
	/workspace/pkg/scaling/cache/scalers_cache.go:164
github.com/kedacore/keda/v2/pkg/scaling.(*scaleHandler).getScalerState
	/workspace/pkg/scaling/scale_handler.go:837
github.com/kedacore/keda/v2/pkg/scaling.(*scaleHandler).getScaledObjectState.func1
	/workspace/pkg/scaling/scale_handler.go:714
2026-03-04T18:55:51Z	ERROR	scale_handler	error getting metric for trigger	{"scaledObject.Namespace": "3pull", "scaledObject.Name": "r-3pull-worker-sample-wait-blob", "trigger": "azureServiceBusScaler", "error": "sources must contain at least one TokenCredential"}
github.com/kedacore/keda/v2/pkg/scaling.(*scaleHandler).processMetricsWithFallback
	/workspace/pkg/scaling/scale_handler.go:460
github.com/kedacore/keda/v2/pkg/scaling.(*scaleHandler).getScalerState
	/workspace/pkg/scaling/scale_handler.go:845
github.com/kedacore/keda/v2/pkg/scaling.(*scaleHandler).getScaledObjectState.func1
	/workspace/pkg/scaling/scale_handler.go:714
2026-03-04T18:55:51Z	ERROR	scale_handler	error getting scale decision	{"scaledObject.Namespace": "3pull", "scaledObject.Name": "r-3pull-worker-sample-wait-blob", "scaler": "azureServiceBusScaler", "error": "sources must contain at least one TokenCredential"}
github.com/kedacore/keda/v2/pkg/scaling.(*scaleHandler).getScalerState
	/workspace/pkg/scaling/scale_handler.go:872
github.com/kedacore/keda/v2/pkg/scaling.(*scaleHandler).getScaledObjectState.func1
	/workspace/pkg/scaling/scale_handler.go:714
2026-03-04T18:55:53Z	ERROR	azure_servicebus_scaler	error starting azure workload-identity token provider	{"type": "ScaledObject", "namespace": "3pull", "name": "r-3pull-worker-auth-audit-export", "error": "no client ID specified. Check pod configuration or set ClientID in the options"}
github.com/kedacore/keda/v2/pkg/scalers/azure.NewChainedCredential
	/workspace/pkg/scalers/azure/azure_azidentity_chain.go:33
github.com/kedacore/keda/v2/pkg/scalers.(*azureServiceBusScaler).getServiceBusAdminClient
	/workspace/pkg/scalers/azure_servicebus_scaler.go:265
github.com/kedacore/keda/v2/pkg/scalers.(*azureServiceBusScaler).getAzureServiceBusLength
	/workspace/pkg/scalers/azure_servicebus_scaler.go:233
github.com/kedacore/keda/v2/pkg/scalers.(*azureServiceBusScaler).GetMetricsAndActivity
	/workspace/pkg/scalers/azure_servicebus_scaler.go:218
github.com/kedacore/keda/v2/pkg/scaling/cache.(*ScalersCache).GetMetricsAndActivityForScaler
	/workspace/pkg/scaling/cache/scalers_cache.go:154
github.com/kedacore/keda/v2/pkg/scaling.(*scaleHandler).GetScaledObjectMetrics.func1
	/workspace/pkg/scaling/scale_handler.go:585
2026-03-04T18:55:53Z	ERROR	azure_servicebus_scaler	error getting service bus entity length	{"type": "ScaledObject", "namespace": "3pull", "name": "r-3pull-worker-auth-audit-export", "error": "sources must contain at least one TokenCredential"}
github.com/kedacore/keda/v2/pkg/scalers.(*azureServiceBusScaler).GetMetricsAndActivity
	/workspace/pkg/scalers/azure_servicebus_scaler.go:221
github.com/kedacore/keda/v2/pkg/scaling/cache.(*ScalersCache).GetMetricsAndActivityForScaler
	/workspace/pkg/scaling/cache/scalers_cache.go:154
github.com/kedacore/keda/v2/pkg/scaling.(*scaleHandler).GetScaledObjectMetrics.func1
	/workspace/pkg/scaling/scale_handler.go:585
2026-03-04T18:55:53Z	ERROR	azure_servicebus_scaler	error starting azure workload-identity token provider	{"type": "ScaledObject", "namespace": "3pull", "name": "r-3pull-worker-auth-audit-export", "error": "no client ID specified. Check pod configuration or set ClientID in the options"}
github.com/kedacore/keda/v2/pkg/scalers/azure.NewChainedCredential
	/workspace/pkg/scalers/azure/azure_azidentity_chain.go:33
github.com/kedacore/keda/v2/pkg/scalers.(*azureServiceBusScaler).getServiceBusAdminClient
	/workspace/pkg/scalers/azure_servicebus_scaler.go:265
github.com/kedacore/keda/v2/pkg/scalers.(*azureServiceBusScaler).getAzureServiceBusLength
	/workspace/pkg/scalers/azure_servicebus_scaler.go:233
github.com/kedacore/keda/v2/pkg/scalers.(*azureServiceBusScaler).GetMetricsAndActivity
	/workspace/pkg/scalers/azure_servicebus_scaler.go:218
github.com/kedacore/keda/v2/pkg/scaling/cache.(*ScalersCache).GetMetricsAndActivityForScaler
	/workspace/pkg/scaling/cache/scalers_cache.go:164
github.com/kedacore/keda/v2/pkg/scaling.(*scaleHandler).GetScaledObjectMetrics.func1
	/workspace/pkg/scaling/scale_handler.go:585
2026-03-04T18:55:53Z	ERROR	azure_servicebus_scaler	error getting service bus entity length	{"type": "ScaledObject", "namespace": "3pull", "name": "r-3pull-worker-auth-audit-export", "error": "sources must contain at least one TokenCredential"}
github.com/kedacore/keda/v2/pkg/scalers.(*azureServiceBusScaler).GetMetricsAndActivity
	/workspace/pkg/scalers/azure_servicebus_scaler.go:221
github.com/kedacore/keda/v2/pkg/scaling/cache.(*ScalersCache).GetMetricsAndActivityForScaler
	/workspace/pkg/scaling/cache/scalers_cache.go:164
github.com/kedacore/keda/v2/pkg/scaling.(*scaleHandler).GetScaledObjectMetrics.func1
	/workspace/pkg/scaling/scale_handler.go:585
2026-03-04T18:55:53Z	ERROR	scale_handler	error getting metric for trigger	{"scaledObject.Namespace": "3pull", "scaledObject.Name": "r-3pull-worker-auth-audit-export", "trigger": "azureServiceBusScaler", "error": "sources must contain at least one TokenCredential"}
github.com/kedacore/keda/v2/pkg/scaling.(*scaleHandler).processMetricsWithFallback
	/workspace/pkg/scaling/scale_handler.go:460
github.com/kedacore/keda/v2/pkg/scaling.(*scaleHandler).GetScaledObjectMetrics.func1
	/workspace/pkg/scaling/scale_handler.go:593
2026-03-04T18:55:53Z	ERROR	azure_servicebus_scaler	error starting azure workload-identity token provider	{"type": "ScaledObject", "namespace": "3pull", "name": "r-3pull-worker-sample-wait-blob", "error": "no client ID specified. Check pod configuration or set ClientID in the options"}
github.com/kedacore/keda/v2/pkg/scalers/azure.NewChainedCredential
	/workspace/pkg/scalers/azure/azure_azidentity_chain.go:33
github.com/kedacore/keda/v2/pkg/scalers.(*azureServiceBusScaler).getServiceBusAdminClient
	/workspace/pkg/scalers/azure_servicebus_scaler.go:265
github.com/kedacore/keda/v2/pkg/scalers.(*azureServiceBusScaler).getAzureServiceBusLength
	/workspace/pkg/scalers/azure_servicebus_scaler.go:233
github.com/kedacore/keda/v2/pkg/scalers.(*azureServiceBusScaler).GetMetricsAndActivity
	/workspace/pkg/scalers/azure_servicebus_scaler.go:218
github.com/kedacore/keda/v2/pkg/scaling/cache.(*ScalersCache).GetMetricsAndActivityForScaler
	/workspace/pkg/scaling/cache/scalers_cache.go:154
github.com/kedacore/keda/v2/pkg/scaling.(*scaleHandler).GetScaledObjectMetrics.func1
	/workspace/pkg/scaling/scale_handler.go:585
2026-03-04T18:55:53Z	ERROR	azure_servicebus_scaler	error getting service bus entity length	{"type": "ScaledObject", "namespace": "3pull", "name": "r-3pull-worker-sample-wait-blob", "error": "sources must contain at least one TokenCredential"}
github.com/kedacore/keda/v2/pkg/scalers.(*azureServiceBusScaler).GetMetricsAndActivity
	/workspace/pkg/scalers/azure_servicebus_scaler.go:221
github.com/kedacore/keda/v2/pkg/scaling/cache.(*ScalersCache).GetMetricsAndActivityForScaler
	/workspace/pkg/scaling/cache/scalers_cache.go:154
github.com/kedacore/keda/v2/pkg/scaling.(*scaleHandler).GetScaledObjectMetrics.func1
	/workspace/pkg/scaling/scale_handler.go:585
2026-03-04T18:55:53Z	ERROR	azure_servicebus_scaler	error starting azure workload-identity token provider	{"type": "ScaledObject", "namespace": "3pull", "name": "r-3pull-worker-sample-wait-blob", "error": "no client ID specified. Check pod configuration or set ClientID in the options"}
github.com/kedacore/keda/v2/pkg/scalers/azure.NewChainedCredential
	/workspace/pkg/scalers/azure/azure_azidentity_chain.go:33
github.com/kedacore/keda/v2/pkg/scalers.(*azureServiceBusScaler).getServiceBusAdminClient
	/workspace/pkg/scalers/azure_servicebus_scaler.go:265
github.com/kedacore/keda/v2/pkg/scalers.(*azureServiceBusScaler).getAzureServiceBusLength
	/workspace/pkg/scalers/azure_servicebus_scaler.go:233
github.com/kedacore/keda/v2/pkg/scalers.(*azureServiceBusScaler).GetMetricsAndActivity
	/workspace/pkg/scalers/azure_servicebus_scaler.go:218
github.com/kedacore/keda/v2/pkg/scaling/cache.(*ScalersCache).GetMetricsAndActivityForScaler
	/workspace/pkg/scaling/cache/scalers_cache.go:164
github.com/kedacore/keda/v2/pkg/scaling.(*scaleHandler).GetScaledObjectMetrics.func1
	/workspace/pkg/scaling/scale_handler.go:585
2026-03-04T18:55:53Z	ERROR	azure_servicebus_scaler	error getting service bus entity length	{"type": "ScaledObject", "namespace": "3pull", "name": "r-3pull-worker-sample-wait-blob", "error": "sources must contain at least one TokenCredential"}
github.com/kedacore/keda/v2/pkg/scalers.(*azureServiceBusScaler).GetMetricsAndActivity
	/workspace/pkg/scalers/azure_servicebus_scaler.go:221
github.com/kedacore/keda/v2/pkg/scaling/cache.(*ScalersCache).GetMetricsAndActivityForScaler
	/workspace/pkg/scaling/cache/scalers_cache.go:164
github.com/kedacore/keda/v2/pkg/scaling.(*scaleHandler).GetScaledObjectMetrics.func1
	/workspace/pkg/scaling/scale_handler.go:585
2026-03-04T18:55:53Z	ERROR	scale_handler	error getting metric for trigger	{"scaledObject.Namespace": "3pull", "scaledObject.Name": "r-3pull-worker-sample-wait-blob", "trigger": "azureServiceBusScaler", "error": "sources must contain at least one TokenCredential"}
github.com/kedacore/keda/v2/pkg/scaling.(*scaleHandler).processMetricsWithFallback
	/workspace/pkg/scaling/scale_handler.go:460
github.com/kedacore/keda/v2/pkg/scaling.(*scaleHandler).GetScaledObjectMetrics.func1
	/workspace/pkg/scaling/scale_handler.go:593
